[1/3] Transpiling 72 sources (libclang parse per module)...
  XPP  [  1/72] impl Rev/external/glm/detail/glm.cpp
  XPP  [  2/72] mod  Rev/resources/.modules/Files.ixx
  XPP  [  3/72] mod  Rev/src/Core/Animator.ixx
  XPP  [  4/72] mod  Rev/src/Core/Color.ixx
  XPP  [  5/72] mod  Rev/src/Core/DirtyFlag.ixx
  XPP  [  6/72] mod  Rev/src/Core/Dispatcher.ixx
  XPP  [  7/72] mod  Rev/src/Core/Font.ixx
  XPP  [  8/72] mod  Rev/src/Core/FontAtlas.ixx
  XPP  [  9/72] mod  Rev/src/Core/Geometry/D3/Pos3.ixx
  XPP  [ 10/72] mod  Rev/src/Core/Geometry/Pos.ixx
  XPP  [ 11/72] mod  Rev/src/Core/Line.ixx
  XPP  [ 12/72] mod  Rev/src/Core/Lrtb.ixx
  XPP  [ 13/72] mod  Rev/src/Core/Observable.ixx
  XPP  [ 14/72] mod  Rev/src/Core/Process.ixx
  XPP  [ 15/72] mod  Rev/src/Core/Rect.ixx
  XPP  [ 16/72] mod  Rev/src/Core/Resource.ixx
  XPP  [ 17/72] mod  Rev/src/Core/Shared.ixx
  XPP  [ 18/72] mod  Rev/src/Core/Svg.ixx
  XPP  [ 19/72] mod  Rev/src/Core/Transform.ixx
  XPP  [ 20/72] mod  Rev/src/Core/Vertex.ixx
  XPP  [ 21/72] mod  Rev/src/Core/Vertex3.ixx
  XPP  [ 22/72] mod  Rev/src/Core/View.ixx
  XPP  [ 23/72] mod  Rev/src/Element/Element.ixx
  XPP  [ 24/72] mod  Rev/src/Element/Event/Event.ixx
  XPP  [ 25/72] mod  Rev/src/Element/Event/GestureTracker.ixx
  XPP  [ 26/72] mod  Rev/src/Element/Resolved.ixx
  XPP  [ 27/72] mod  Rev/src/Element/Style/Style.ixx
  XPP  [ 28/72] mod  Rev/src/Element/Style/Themes/Default.ixx
  XPP  [ 29/72] mod  Rev/src/Elements/Box.ixx
  XPP  [ 30/72] mod  Rev/src/Elements/Controls/Button/Button.ixx
  XPP  [ 31/72] mod  Rev/src/Elements/Controls/Checkbox/Checkbox.ixx
  XPP  [ 32/72] mod  Rev/src/Elements/Controls/Collapsible/Collapsible.ixx
  XPP  [ 33/72] mod  Rev/src/Elements/Controls/ControlTheme.ixx
  XPP  [ 34/72] mod  Rev/src/Elements/Controls/Dropdown/Dropdown.ixx
  XPP  [ 35/72] mod  Rev/src/Elements/Controls/NumberInput/NumberInput.ixx
  XPP  [ 36/72] mod  Rev/src/Elements/Controls/Radio/Radio.ixx
  XPP  [ 37/72] mod  Rev/src/Elements/Controls/Slider/Slider.ixx
  XPP  [ 38/72] mod  Rev/src/Elements/Controls/TextInput/TextInput.ixx
  XPP  [ 39/72] mod  Rev/src/Elements/Display/Chart.ixx
  XPP  [ 40/72] mod  Rev/src/Elements/Display/View3D/Actor3d.ixx
  XPP  [ 41/72] mod  Rev/src/Elements/Display/View3D/Camera3d.ixx
  XPP  [ 42/72] mod  Rev/src/Elements/Display/View3D/View3D.ixx
  XPP  [ 43/72] mod  Rev/src/Elements/Svg.ixx
  XPP  [ 44/72] mod  Rev/src/Elements/Text.ixx
  XPP  [ 45/72] mod  Rev/src/GlobalTime.ixx
  XPP  [ 46/72] mod  Rev/src/Graphics/OpenGL/Canvas.OpenGL.ixx
  XPP  [ 47/72] mod  Rev/src/Graphics/OpenGL/CommandBuffer.OpenGL.ixx
  XPP  [ 48/72] mod  Rev/src/Graphics/OpenGL/FrameBuffer.OpenGL.ixx
  XPP  [ 49/72] mod  Rev/src/Graphics/OpenGL/Pipeline.OpenGL.ixx
  XPP  [ 50/72] mod  Rev/src/Graphics/OpenGL/Shader.OpenGL.ixx
  XPP  [ 51/72] mod  Rev/src/Graphics/OpenGL/Texture.OpenGL.ixx
  XPP  [ 52/72] mod  Rev/src/Graphics/OpenGL/UniformBuffer.OpenGL.ixx
  XPP  [ 53/72] mod  Rev/src/Graphics/OpenGL/VertexBuffer.OpenGL.ixx
  XPP  [ 54/72] mod  Rev/src/Graphics/Primitives/Lines/Lines.ixx
  XPP  [ 55/72] mod  Rev/src/Graphics/Primitives/Lines3d/Lines3d.ixx
  XPP  [ 56/72] mod  Rev/src/Graphics/Primitives/Mesh3d/Mesh3d.ixx
  XPP  [ 57/72] mod  Rev/src/Graphics/Primitives/Primitive.ixx
  XPP  [ 58/72] mod  Rev/src/Graphics/Primitives/Rectangle/Rectangle.ixx
  XPP  [ 59/72] mod  Rev/src/Graphics/Primitives/Svg/Svg.ixx
  XPP  [ 60/72] mod  Rev/src/Graphics/Primitives/Text/Text.ixx
  XPP  [ 61/72] mod  Rev/src/Graphics/Primitives/Triangles/Triangles.ixx
  XPP  [ 62/72] mod  Rev/src/Graphics/Vulkan/Vulkan.ixx
  XPP  [ 63/72] mod  Rev/src/Native/Windows/Application.win.ixx
  XPP  [ 64/72] mod  Rev/src/Native/Windows/NativeWindow.win.ixx
  XPP  [ 65/72] mod  Rev/src/OS/Windows/Client.win.ixx
  XPP  [ 66/72] mod  Rev/src/OS/Windows/Dialog.win.ixx
  XPP  [ 67/72] mod  Rev/src/OS/Windows/File.win.ixx
  XPP  [ 68/72] mod  Rev/src/OS/Windows/Serial.win.ixx
  XPP  [ 69/72] mod  Rev/src/OS/Windows/Socket.win.ixx
  XPP  [ 70/72] mod  Rev/src/Window.ixx
  XPP  [ 71/72] mod  LayoutDiagnose/source/Interface.ixx
  XPP  [ 72/72] impl LayoutDiagnose/source/main.cpp
      transpiled 70 modules + 2 impl sources into C:\Users\Ryan\Desktop\Ryan\Rev\.clever\xpp
[2/3] Compiling 72 transpiled units (classic, no modules)...
  CXX  [  1/72] Rev/glm.cpp
  CXX  [  2/72] Rev/Files.ixx
  CXX  [  3/72] Rev/Animator.ixx
  CXX  [  4/72] Rev/Color.ixx
  CXX  [  5/72] Rev/DirtyFlag.ixx
  CXX  [  6/72] Rev/Dispatcher.ixx
  CXX  [  7/72] Rev/Font.ixx
In file included from C:\Users\Ryan\Desktop\Ryan\Rev\.clever\xpp\Rev.Core.Font\Font.cpp:2:
In file included from C:/Users/Ryan/Desktop/Ryan/Rev/Rev/src/Core/Font.ixx:18:
In file included from C:/Users/Ryan/Desktop/Ryan/Rev/Rev/src/Graphics/OpenGL/Canvas.OpenGL.ixx:12:
In file included from C:/Users/Ryan/Desktop/Ryan/Rev/Rev/src/Native/Windows/NativeWindow.win.ixx:31:
C:/Users/Ryan/Desktop/Ryan/Rev/Rev/src/Element/Style/Style.ixx:35:30: warning: identifier '_sec' preceded by whitespace in a literal operator declaration is deprecated [-Wdeprecated-literal-operator]
   35 |     constexpr int operator"" _sec(long double value) { return static_cast<int>(value * 1000.0); }
      |                   ~~~~~~~~~~~^~~~
      |                   operator""_sec
C:/Users/Ryan/Desktop/Ryan/Rev/Rev/src/Element/Style/Style.ixx:36:30: warning: identifier '_sec' preceded by whitespace in a literal operator declaration is deprecated [-Wdeprecated-literal-operator]
   36 |     constexpr int operator"" _sec(unsigned long long value) { return static_cast<int>(value * 1000.0); }
      |                   ~~~~~~~~~~~^~~~
      |                   operator""_sec
C:/Users/Ryan/Desktop/Ryan/Rev/Rev/src/Element/Style/Style.ixx:37:30: warning: identifier '_ms' preceded by whitespace in a literal operator declaration is deprecated [-Wdeprecated-literal-operator]
   37 |     constexpr int operator"" _ms(unsigned long long value) { return static_cast<int>(value); }
      |                   ~~~~~~~~~~~^~~
      |                   operator""_ms
C:/Users/Ryan/Desktop/Ryan/Rev/Rev/src/Element/Style/Style.ixx:83:31: warning: identifier '_px' preceded by whitespace in a literal operator declaration is deprecated [-Wdeprecated-literal-operator]
   83 |     constexpr Dist operator"" _px(unsigned long long value) { return { Dist::Type::Abs, static_cast<float>(value) }; }
      |                    ~~~~~~~~~~~^~~
      |                    operator""_px
C:/Users/Ryan/Desktop/Ryan/Rev/Rev/src/Element/Style/Style.ixx:84:31: warning: identifier '_pct' preceded by whitespace in a literal operator declaration is deprecated [-Wdeprecated-literal-operator]
   84 |     constexpr Dist operator"" _pct(unsigned long long value) { return { Dist::Type::Rel, static_cast<float>(value) / 100.0f }; }
      |                    ~~~~~~~~~~~^~~~
      |                    operator""_pct
C:/Users/Ryan/Desktop/Ryan/Rev/Rev/src/Element/Style/Style.ixx:85:31: warning: identifier '_grow' preceded by whitespace in a literal operator declaration is deprecated [-Wdeprecated-literal-operator]
   85 |     constexpr Dist operator"" _grow(unsigned long long value) { return { Dist::Type::Grow, static_cast<float>(value) / 100.0f }; }
      |                    ~~~~~~~~~~~^~~~~
      |                    operator""_grow
C:/Users/Ryan/Desktop/Ryan/Rev/Rev/src/Element/Style/Style.ixx:86:31: warning: identifier '_shrink' preceded by whitespace in a literal operator declaration is deprecated [-Wdeprecated-literal-operator]
   86 |     constexpr Dist operator"" _shrink(unsigned long long value) { return { Dist::Type::Grow, static_cast<float>(value) / 100.0f }; }
      |                    ~~~~~~~~~~~^~~~~~~
      |                    operator""_shrink
7 warnings generated.

  CXX  [  8/72] Rev/FontAtlas.ixx
In file included from C:\Users\Ryan\Desktop\Ryan\Rev\.clever\xpp\Rev.Core.FontAtlas\FontAtlas.cpp:2:
In file included from C:/Users/Ryan/Desktop/Ryan/Rev/Rev/src/Core/FontAtlas.ixx:8:
In file included from C:/Users/Ryan/Desktop/Ryan/Rev/Rev/src/Core/Font.ixx:18:
In file included from C:/Users/Ryan/Desktop/Ryan/Rev/Rev/src/Graphics/OpenGL/Canvas.OpenGL.ixx:12:
In file included from C:/Users/Ryan/Desktop/Ryan/Rev/Rev/src/Native/Windows/NativeWindow.win.ixx:31:
C:/Users/Ryan/Desktop/Ryan/Rev/Rev/src/Element/Style/Style.ixx:35:30: warning: identifier '_sec' preceded by whitespace in a literal operator declaration is deprecated [-Wdeprecated-literal-operator]
   35 |     constexpr int operator"" _sec(long double value) { return static_cast<int>(value * 1000.0); }
      |                   ~~~~~~~~~~~^~~~
      |                   operator""_sec
C:/Users/Ryan/Desktop/Ryan/Rev/Rev/src/Element/Style/Style.ixx:36:30: warning: identifier '_sec' preceded by whitespace in a literal operator declaration is deprecated [-Wdeprecated-literal-operator]
   36 |     constexpr int operator"" _sec(unsigned long long value) { return static_cast<int>(value * 1000.0); }
      |                   ~~~~~~~~~~~^~~~
      |                   operator""_sec
C:/Users/Ryan/Desktop/Ryan/Rev/Rev/src/Element/Style/Style.ixx:37:30: warning: identifier '_ms' preceded by whitespace in a literal operator declaration is deprecated [-Wdeprecated-literal-operator]
   37 |     constexpr int operator"" _ms(unsigned long long value) { return static_cast<int>(value); }
      |                   ~~~~~~~~~~~^~~
      |                   operator""_ms
C:/Users/Ryan/Desktop/Ryan/Rev/Rev/src/Element/Style/Style.ixx:83:31: warning: identifier '_px' preceded by whitespace in a literal operator declaration is deprecated [-Wdeprecated-literal-operator]
   83 |     constexpr Dist operator"" _px(unsigned long long value) { return { Dist::Type::Abs, static_cast<float>(value) }; }
      |                    ~~~~~~~~~~~^~~
      |                    operator""_px
C:/Users/Ryan/Desktop/Ryan/Rev/Rev/src/Element/Style/Style.ixx:84:31: warning: identifier '_pct' preceded by whitespace in a literal operator declaration is deprecated [-Wdeprecated-literal-operator]
   84 |     constexpr Dist operator"" _pct(unsigned long long value) { return { Dist::Type::Rel, static_cast<float>(value) / 100.0f }; }
      |                    ~~~~~~~~~~~^~~~
      |                    operator""_pct
C:/Users/Ryan/Desktop/Ryan/Rev/Rev/src/Element/Style/Style.ixx:85:31: warning: identifier '_grow' preceded by whitespace in a literal operator declaration is deprecated [-Wdeprecated-literal-operator]
   85 |     constexpr Dist operator"" _grow(unsigned long long value) { return { Dist::Type::Grow, static_cast<float>(value) / 100.0f }; }
      |                    ~~~~~~~~~~~^~~~~
      |                    operator""_grow
C:/Users/Ryan/Desktop/Ryan/Rev/Rev/src/Element/Style/Style.ixx:86:31: warning: identifier '_shrink' preceded by whitespace in a literal operator declaration is deprecated [-Wdeprecated-literal-operator]
   86 |     constexpr Dist operator"" _shrink(unsigned long long value) { return { Dist::Type::Grow, static_cast<float>(value) / 100.0f }; }
      |                    ~~~~~~~~~~~^~~~~~~
      |                    operator""_shrink
7 warnings generated.

  CXX  [  9/72] Rev/Pos3.ixx
  CXX  [ 10/72] Rev/Pos.ixx
  CXX  [ 11/72] Rev/Line.ixx
  CXX  [ 12/72] Rev/Lrtb.ixx
  CXX  [ 13/72] Rev/Observable.ixx
  CXX  [ 14/72] Rev/Process.ixx
  CXX  [ 15/72] Rev/Rect.ixx
  CXX  [ 16/72] Rev/Resource.ixx
  CXX  [ 17/72] Rev/Shared.ixx
  CXX  [ 18/72] Rev/Svg.ixx
In file included from C:\Users\Ryan\Desktop\Ryan\Rev\.clever\xpp\Rev.Core.Svg\Svg.cpp:2:
In file included from C:/Users/Ryan/Desktop/Ryan/Rev/Rev/src/Core/Svg.ixx:18:
In file included from C:/Users/Ryan/Desktop/Ryan/Rev/Rev/src/Graphics/OpenGL/Canvas.OpenGL.ixx:12:
In file included from C:/Users/Ryan/Desktop/Ryan/Rev/Rev/src/Native/Windows/NativeWindow.win.ixx:31:
C:/Users/Ryan/Desktop/Ryan/Rev/Rev/src/Element/Style/Style.ixx:35:30: warning: identifier '_sec' preceded by whitespace in a literal operator declaration is deprecated [-Wdeprecated-literal-operator]
   35 |     constexpr int operator"" _sec(long double value) { return static_cast<int>(value * 1000.0); }
      |                   ~~~~~~~~~~~^~~~
      |                   operator""_sec
C:/Users/Ryan/Desktop/Ryan/Rev/Rev/src/Element/Style/Style.ixx:36:30: warning: identifier '_sec' preceded by whitespace in a literal operator declaration is deprecated [-Wdeprecated-literal-operator]
   36 |     constexpr int operator"" _sec(unsigned long long value) { return static_cast<int>(value * 1000.0); }
      |                   ~~~~~~~~~~~^~~~
      |                   operator""_sec
C:/Users/Ryan/Desktop/Ryan/Rev/Rev/src/Element/Style/Style.ixx:37:30: warning: identifier '_ms' preceded by whitespace in a literal operator declaration is deprecated [-Wdeprecated-literal-operator]
   37 |     constexpr int operator"" _ms(unsigned long long value) { return static_cast<int>(value); }
      |                   ~~~~~~~~~~~^~~
      |                   operator""_ms
C:/Users/Ryan/Desktop/Ryan/Rev/Rev/src/Element/Style/Style.ixx:83:31: warning: identifier '_px' preceded by whitespace in a literal operator declaration is deprecated [-Wdeprecated-literal-operator]
   83 |     constexpr Dist operator"" _px(unsigned long long value) { return { Dist::Type::Abs, static_cast<float>(value) }; }
      |                    ~~~~~~~~~~~^~~
      |                    operator""_px
C:/Users/Ryan/Desktop/Ryan/Rev/Rev/src/Element/Style/Style.ixx:84:31: warning: identifier '_pct' preceded by whitespace in a literal operator declaration is deprecated [-Wdeprecated-literal-operator]
   84 |     constexpr Dist operator"" _pct(unsigned long long value) { return { Dist::Type::Rel, static_cast<float>(value) / 100.0f }; }
      |                    ~~~~~~~~~~~^~~~
      |                    operator""_pct
C:/Users/Ryan/Desktop/Ryan/Rev/Rev/src/Element/Style/Style.ixx:85:31: warning: identifier '_grow' preceded by whitespace in a literal operator declaration is deprecated [-Wdeprecated-literal-operator]
   85 |     constexpr Dist operator"" _grow(unsigned long long value) { return { Dist::Type::Grow, static_cast<float>(value) / 100.0f }; }
      |                    ~~~~~~~~~~~^~~~~
      |                    operator""_grow
C:/Users/Ryan/Desktop/Ryan/Rev/Rev/src/Element/Style/Style.ixx:86:31: warning: identifier '_shrink' preceded by whitespace in a literal operator declaration is deprecated [-Wdeprecated-literal-operator]
   86 |     constexpr Dist operator"" _shrink(unsigned long long value) { return { Dist::Type::Grow, static_cast<float>(value) / 100.0f }; }
      |                    ~~~~~~~~~~~^~~~~~~
      |                    operator""_shrink
7 warnings generated.

  CXX  [ 19/72] Rev/Transform.ixx
  CXX  [ 20/72] Rev/Vertex.ixx
  CXX  [ 21/72] Rev/Vertex3.ixx
  CXX  [ 22/72] Rev/View.ixx
  CXX  [ 23/72] Rev/Element.ixx
In file included from C:\Users\Ryan\Desktop\Ryan\Rev\.clever\xpp\Rev.Element\Element.cpp:2:
In file included from C:/Users/Ryan/Desktop/Ryan/Rev/Rev/src/Element/Element.ixx:15:
In file included from C:/Users/Ryan/Desktop/Ryan/Rev/Rev/src/Graphics/OpenGL/Canvas.OpenGL.ixx:12:
In file included from C:/Users/Ryan/Desktop/Ryan/Rev/Rev/src/Native/Windows/NativeWindow.win.ixx:31:
C:/Users/Ryan/Desktop/Ryan/Rev/Rev/src/Element/Style/Style.ixx:35:30: warning: identifier '_sec' preceded by whitespace in a literal operator declaration is deprecated [-Wdeprecated-literal-operator]
   35 |     constexpr int operator"" _sec(long double value) { return static_cast<int>(value * 1000.0); }
      |                   ~~~~~~~~~~~^~~~
      |                   operator""_sec
C:/Users/Ryan/Desktop/Ryan/Rev/Rev/src/Element/Style/Style.ixx:36:30: warning: identifier '_sec' preceded by whitespace in a literal operator declaration is deprecated [-Wdeprecated-literal-operator]
   36 |     constexpr int operator"" _sec(unsigned long long value) { return static_cast<int>(value * 1000.0); }
      |                   ~~~~~~~~~~~^~~~
      |                   operator""_sec
C:/Users/Ryan/Desktop/Ryan/Rev/Rev/src/Element/Style/Style.ixx:37:30: warning: identifier '_ms' preceded by whitespace in a literal operator declaration is deprecated [-Wdeprecated-literal-operator]
   37 |     constexpr int operator"" _ms(unsigned long long value) { return static_cast<int>(value); }
      |                   ~~~~~~~~~~~^~~
      |                   operator""_ms
C:/Users/Ryan/Desktop/Ryan/Rev/Rev/src/Element/Style/Style.ixx:83:31: warning: identifier '_px' preceded by whitespace in a literal operator declaration is deprecated [-Wdeprecated-literal-operator]
   83 |     constexpr Dist operator"" _px(unsigned long long value) { return { Dist::Type::Abs, static_cast<float>(value) }; }
      |                    ~~~~~~~~~~~^~~
      |                    operator""_px
C:/Users/Ryan/Desktop/Ryan/Rev/Rev/src/Element/Style/Style.ixx:84:31: warning: identifier '_pct' preceded by whitespace in a literal operator declaration is deprecated [-Wdeprecated-literal-operator]
   84 |     constexpr Dist operator"" _pct(unsigned long long value) { return { Dist::Type::Rel, static_cast<float>(value) / 100.0f }; }
      |                    ~~~~~~~~~~~^~~~
      |                    operator""_pct
C:/Users/Ryan/Desktop/Ryan/Rev/Rev/src/Element/Style/Style.ixx:85:31: warning: identifier '_grow' preceded by whitespace in a literal operator declaration is deprecated [-Wdeprecated-literal-operator]
   85 |     constexpr Dist operator"" _grow(unsigned long long value) { return { Dist::Type::Grow, static_cast<float>(value) / 100.0f }; }
      |                    ~~~~~~~~~~~^~~~~
      |                    operator""_grow
C:/Users/Ryan/Desktop/Ryan/Rev/Rev/src/Element/Style/Style.ixx:86:31: warning: identifier '_shrink' preceded by whitespace in a literal operator declaration is deprecated [-Wdeprecated-literal-operator]
   86 |     constexpr Dist operator"" _shrink(unsigned long long value) { return { Dist::Type::Grow, static_cast<float>(value) / 100.0f }; }
      |                    ~~~~~~~~~~~^~~~~~~
      |                    operator""_shrink
C:/Users/Ryan/Desktop/Ryan/Rev/Rev/src/Element/Style/Style.ixx:62:22: warning: inline function 'Rev::Element::Dist::resolve' is not defined [-Wundefined-inline]
   62 |         inline float resolve(float compare);
      |                      ^
C:\Users\Ryan\Desktop\Ryan\Rev\.clever\xpp\Rev.Element\Element.cpp:587:132: note: used here
  587 |                 if (cSize.width) { child.resolved.size.w.val = child.resolved.size.w.min = child.resolved.size.w.max = cSize.width.resolve(compareValW); }
      |                                                                                                                                    ^
8 warnings generated.

  CXX  [ 24/72] Rev/Event.ixx
In file included from C:\Users\Ryan\Desktop\Ryan\Rev\.clever\xpp\Rev.Element.Event\Event.cpp:2:
In file included from C:/Users/Ryan/Desktop/Ryan/Rev/Rev/src/Element/Event/Event.ixx:9:
In file included from C:/Users/Ryan/Desktop/Ryan/Rev/Rev/src/Graphics/OpenGL/Canvas.OpenGL.ixx:12:
In file included from C:/Users/Ryan/Desktop/Ryan/Rev/Rev/src/Native/Windows/NativeWindow.win.ixx:31:
C:/Users/Ryan/Desktop/Ryan/Rev/Rev/src/Element/Style/Style.ixx:35:30: warning: identifier '_sec' preceded by whitespace in a literal operator declaration is deprecated [-Wdeprecated-literal-operator]
   35 |     constexpr int operator"" _sec(long double value) { return static_cast<int>(value * 1000.0); }
      |                   ~~~~~~~~~~~^~~~
      |                   operator""_sec
C:/Users/Ryan/Desktop/Ryan/Rev/Rev/src/Element/Style/Style.ixx:36:30: warning: identifier '_sec' preceded by whitespace in a literal operator declaration is deprecated [-Wdeprecated-literal-operator]
   36 |     constexpr int operator"" _sec(unsigned long long value) { return static_cast<int>(value * 1000.0); }
      |                   ~~~~~~~~~~~^~~~
      |                   operator""_sec
C:/Users/Ryan/Desktop/Ryan/Rev/Rev/src/Element/Style/Style.ixx:37:30: warning: identifier '_ms' preceded by whitespace in a literal operator declaration is deprecated [-Wdeprecated-literal-operator]
   37 |     constexpr int operator"" _ms(unsigned long long value) { return static_cast<int>(value); }
      |                   ~~~~~~~~~~~^~~
      |                   operator""_ms
C:/Users/Ryan/Desktop/Ryan/Rev/Rev/src/Element/Style/Style.ixx:83:31: warning: identifier '_px' preceded by whitespace in a literal operator declaration is deprecated [-Wdeprecated-literal-operator]
   83 |     constexpr Dist operator"" _px(unsigned long long value) { return { Dist::Type::Abs, static_cast<float>(value) }; }
      |                    ~~~~~~~~~~~^~~
      |                    operator""_px
C:/Users/Ryan/Desktop/Ryan/Rev/Rev/src/Element/Style/Style.ixx:84:31: warning: identifier '_pct' preceded by whitespace in a literal operator declaration is deprecated [-Wdeprecated-literal-operator]
   84 |     constexpr Dist operator"" _pct(unsigned long long value) { return { Dist::Type::Rel, static_cast<float>(value) / 100.0f }; }
      |                    ~~~~~~~~~~~^~~~
      |                    operator""_pct
C:/Users/Ryan/Desktop/Ryan/Rev/Rev/src/Element/Style/Style.ixx:85:31: warning: identifier '_grow' preceded by whitespace in a literal operator declaration is deprecated [-Wdeprecated-literal-operator]
   85 |     constexpr Dist operator"" _grow(unsigned long long value) { return { Dist::Type::Grow, static_cast<float>(value) / 100.0f }; }
      |                    ~~~~~~~~~~~^~~~~
      |                    operator""_grow
C:/Users/Ryan/Desktop/Ryan/Rev/Rev/src/Element/Style/Style.ixx:86:31: warning: identifier '_shrink' preceded by whitespace in a literal operator declaration is deprecated [-Wdeprecated-literal-operator]
   86 |     constexpr Dist operator"" _shrink(unsigned long long value) { return { Dist::Type::Grow, static_cast<float>(value) / 100.0f }; }
      |                    ~~~~~~~~~~~^~~~~~~
      |                    operator""_shrink
In file included from C:\Users\Ryan\Desktop\Ryan\Rev\.clever\xpp\Rev.Element.Event\Event.cpp:2:
In file included from C:/Users/Ryan/Desktop/Ryan/Rev/Rev/src/Element/Event/Event.ixx:11:
C:/Users/Ryan/Desktop/Ryan/Rev/Rev/src/Core/Geometry/Pos.ixx:51:20: warning: inline function 'Rev::Core::Pos::operator-' is not defined [-Wundefined-inline]
   51 |         inline Pos operator-(const Pos& other) const;
      |                    ^
C:\Users\Ryan\Desktop\Ryan\Rev\.clever\xpp\Rev.Element.Event\Event.cpp:22:37: note: used here
   22 |                 pressPosDiff = (pos - lastPressPos);
      |                                     ^
In file included from C:\Users\Ryan\Desktop\Ryan\Rev\.clever\xpp\Rev.Element.Event\Event.cpp:2:
In file included from C:/Users/Ryan/Desktop/Ryan/Rev/Rev/src/Element/Event/Event.ixx:11:
C:/Users/Ryan/Desktop/Ryan/Rev/Rev/src/Core/Geometry/Pos.ixx:77:22: warning: inline function 'Rev::Core::Pos::pythag' is not defined [-Wundefined-inline]
   77 |         inline float pythag() const;
      |                      ^
C:\Users\Ryan\Desktop\Ryan\Rev\.clever\xpp\Rev.Element.Event\Event.cpp:33:34: note: used here
   33 |                     pressPosDiff.pythag() < lenThresh
      |                                  ^
In file included from C:\Users\Ryan\Desktop\Ryan\Rev\.clever\xpp\Rev.Element.Event\Event.cpp:2:
In file included from C:/Users/Ryan/Desktop/Ryan/Rev/Rev/src/Element/Event/Event.ixx:10:
C:/Users/Ryan/Desktop/Ryan/Rev/Rev/src/GlobalTime.ixx:20:32: warning: inline function 'Rev::GlobalTime::CurrentMs' is not defined [-Wundefined-inline]
   20 |         static inline uint32_t CurrentMs();
      |                                ^
C:\Users\Ryan\Desktop\Ryan\Rev\.clever\xpp\Rev.Element.Event\Event.cpp:44:32: note: used here
   44 |             time = GlobalTime::CurrentMs();
      |                                ^
10 warnings generated.

  CXX  [ 25/72] Rev/GestureTracker.ixx
In file included from C:\Users\Ryan\Desktop\Ryan\Rev\.clever\xpp\Rev.Element.Event.GestureTracker\GestureTracker.cpp:2:
In file included from C:/Users/Ryan/Desktop/Ryan/Rev/Rev/src/Element/Event/GestureTracker.ixx:10:
In file included from C:/Users/Ryan/Desktop/Ryan/Rev/Rev/src/Element/Event/Event.ixx:9:
In file included from C:/Users/Ryan/Desktop/Ryan/Rev/Rev/src/Graphics/OpenGL/Canvas.OpenGL.ixx:12:
In file included from C:/Users/Ryan/Desktop/Ryan/Rev/Rev/src/Native/Windows/NativeWindow.win.ixx:31:
C:/Users/Ryan/Desktop/Ryan/Rev/Rev/src/Element/Style/Style.ixx:35:30: warning: identifier '_sec' preceded by whitespace in a literal operator declaration is deprecated [-Wdeprecated-literal-operator]
   35 |     constexpr int operator"" _sec(long double value) { return static_cast<int>(value * 1000.0); }
      |                   ~~~~~~~~~~~^~~~
      |                   operator""_sec
C:/Users/Ryan/Desktop/Ryan/Rev/Rev/src/Element/Style/Style.ixx:36:30: warning: identifier '_sec' preceded by whitespace in a literal operator declaration is deprecated [-Wdeprecated-literal-operator]
   36 |     constexpr int operator"" _sec(unsigned long long value) { return static_cast<int>(value * 1000.0); }
      |                   ~~~~~~~~~~~^~~~
      |                   operator""_sec
C:/Users/Ryan/Desktop/Ryan/Rev/Rev/src/Element/Style/Style.ixx:37:30: warning: identifier '_ms' preceded by whitespace in a literal operator declaration is deprecated [-Wdeprecated-literal-operator]
   37 |     constexpr int operator"" _ms(unsigned long long value) { return static_cast<int>(value); }
      |                   ~~~~~~~~~~~^~~
      |                   operator""_ms
C:/Users/Ryan/Desktop/Ryan/Rev/Rev/src/Element/Style/Style.ixx:83:31: warning: identifier '_px' preceded by whitespace in a literal operator declaration is deprecated [-Wdeprecated-literal-operator]
   83 |     constexpr Dist operator"" _px(unsigned long long value) { return { Dist::Type::Abs, static_cast<float>(value) }; }
      |                    ~~~~~~~~~~~^~~
      |                    operator""_px
C:/Users/Ryan/Desktop/Ryan/Rev/Rev/src/Element/Style/Style.ixx:84:31: warning: identifier '_pct' preceded by whitespace in a literal operator declaration is deprecated [-Wdeprecated-literal-operator]
   84 |     constexpr Dist operator"" _pct(unsigned long long value) { return { Dist::Type::Rel, static_cast<float>(value) / 100.0f }; }
      |                    ~~~~~~~~~~~^~~~
      |                    operator""_pct
C:/Users/Ryan/Desktop/Ryan/Rev/Rev/src/Element/Style/Style.ixx:85:31: warning: identifier '_grow' preceded by whitespace in a literal operator declaration is deprecated [-Wdeprecated-literal-operator]
   85 |     constexpr Dist operator"" _grow(unsigned long long value) { return { Dist::Type::Grow, static_cast<float>(value) / 100.0f }; }
      |                    ~~~~~~~~~~~^~~~~
      |                    operator""_grow
C:/Users/Ryan/Desktop/Ryan/Rev/Rev/src/Element/Style/Style.ixx:86:31: warning: identifier '_shrink' preceded by whitespace in a literal operator declaration is deprecated [-Wdeprecated-literal-operator]
   86 |     constexpr Dist operator"" _shrink(unsigned long long value) { return { Dist::Type::Grow, static_cast<float>(value) / 100.0f }; }
      |                    ~~~~~~~~~~~^~~~~~~
      |                    operator""_shrink
7 warnings generated.

  CXX  [ 26/72] Rev/Resolved.ixx
In file included from C:\Users\Ryan\Desktop\Ryan\Rev\.clever\xpp\Rev.Element.Resolved\Resolved.cpp:2:
In file included from C:/Users/Ryan/Desktop/Ryan/Rev/Rev/src/Element/Resolved.ixx:10:
C:/Users/Ryan/Desktop/Ryan/Rev/Rev/src/Element/Style/Style.ixx:35:30: warning: identifier '_sec' preceded by whitespace in a literal operator declaration is deprecated [-Wdeprecated-literal-operator]
   35 |     constexpr int operator"" _sec(long double value) { return static_cast<int>(value * 1000.0); }
      |                   ~~~~~~~~~~~^~~~
      |                   operator""_sec
C:/Users/Ryan/Desktop/Ryan/Rev/Rev/src/Element/Style/Style.ixx:36:30: warning: identifier '_sec' preceded by whitespace in a literal operator declaration is deprecated [-Wdeprecated-literal-operator]
   36 |     constexpr int operator"" _sec(unsigned long long value) { return static_cast<int>(value * 1000.0); }
      |                   ~~~~~~~~~~~^~~~
      |                   operator""_sec
C:/Users/Ryan/Desktop/Ryan/Rev/Rev/src/Element/Style/Style.ixx:37:30: warning: identifier '_ms' preceded by whitespace in a literal operator declaration is deprecated [-Wdeprecated-literal-operator]
   37 |     constexpr int operator"" _ms(unsigned long long value) { return static_cast<int>(value); }
      |                   ~~~~~~~~~~~^~~
      |                   operator""_ms
C:/Users/Ryan/Desktop/Ryan/Rev/Rev/src/Element/Style/Style.ixx:83:31: warning: identifier '_px' preceded by whitespace in a literal operator declaration is deprecated [-Wdeprecated-literal-operator]
   83 |     constexpr Dist operator"" _px(unsigned long long value) { return { Dist::Type::Abs, static_cast<float>(value) }; }
      |                    ~~~~~~~~~~~^~~
      |                    operator""_px
C:/Users/Ryan/Desktop/Ryan/Rev/Rev/src/Element/Style/Style.ixx:84:31: warning: identifier '_pct' preceded by whitespace in a literal operator declaration is deprecated [-Wdeprecated-literal-operator]
   84 |     constexpr Dist operator"" _pct(unsigned long long value) { return { Dist::Type::Rel, static_cast<float>(value) / 100.0f }; }
      |                    ~~~~~~~~~~~^~~~
      |                    operator""_pct
C:/Users/Ryan/Desktop/Ryan/Rev/Rev/src/Element/Style/Style.ixx:85:31: warning: identifier '_grow' preceded by whitespace in a literal operator declaration is deprecated [-Wdeprecated-literal-operator]
   85 |     constexpr Dist operator"" _grow(unsigned long long value) { return { Dist::Type::Grow, static_cast<float>(value) / 100.0f }; }
      |                    ~~~~~~~~~~~^~~~~
      |                    operator""_grow
C:/Users/Ryan/Desktop/Ryan/Rev/Rev/src/Element/Style/Style.ixx:86:31: warning: identifier '_shrink' preceded by whitespace in a literal operator declaration is deprecated [-Wdeprecated-literal-operator]
   86 |     constexpr Dist operator"" _shrink(unsigned long long value) { return { Dist::Type::Grow, static_cast<float>(value) / 100.0f }; }
      |                    ~~~~~~~~~~~^~~~~~~
      |                    operator""_shrink
7 warnings generated.

  CXX  [ 27/72] Rev/Style.ixx
In file included from C:\Users\Ryan\Desktop\Ryan\Rev\.clever\xpp\Rev.Element.Style\Style.cpp:2:
C:/Users/Ryan/Desktop/Ryan/Rev/Rev/src/Element/Style/Style.ixx:35:30: warning: identifier '_sec' preceded by whitespace in a literal operator declaration is deprecated [-Wdeprecated-literal-operator]
   35 |     constexpr int operator"" _sec(long double value) { return static_cast<int>(value * 1000.0); }
      |                   ~~~~~~~~~~~^~~~
      |                   operator""_sec
C:/Users/Ryan/Desktop/Ryan/Rev/Rev/src/Element/Style/Style.ixx:36:30: warning: identifier '_sec' preceded by whitespace in a literal operator declaration is deprecated [-Wdeprecated-literal-operator]
   36 |     constexpr int operator"" _sec(unsigned long long value) { return static_cast<int>(value * 1000.0); }
      |                   ~~~~~~~~~~~^~~~
      |                   operator""_sec
C:/Users/Ryan/Desktop/Ryan/Rev/Rev/src/Element/Style/Style.ixx:37:30: warning: identifier '_ms' preceded by whitespace in a literal operator declaration is deprecated [-Wdeprecated-literal-operator]
   37 |     constexpr int operator"" _ms(unsigned long long value) { return static_cast<int>(value); }
      |                   ~~~~~~~~~~~^~~
      |                   operator""_ms
C:/Users/Ryan/Desktop/Ryan/Rev/Rev/src/Element/Style/Style.ixx:83:31: warning: identifier '_px' preceded by whitespace in a literal operator declaration is deprecated [-Wdeprecated-literal-operator]
   83 |     constexpr Dist operator"" _px(unsigned long long value) { return { Dist::Type::Abs, static_cast<float>(value) }; }
      |                    ~~~~~~~~~~~^~~
      |                    operator""_px
C:/Users/Ryan/Desktop/Ryan/Rev/Rev/src/Element/Style/Style.ixx:84:31: warning: identifier '_pct' preceded by whitespace in a literal operator declaration is deprecated [-Wdeprecated-literal-operator]
   84 |     constexpr Dist operator"" _pct(unsigned long long value) { return { Dist::Type::Rel, static_cast<float>(value) / 100.0f }; }
      |                    ~~~~~~~~~~~^~~~
      |                    operator""_pct
C:/Users/Ryan/Desktop/Ryan/Rev/Rev/src/Element/Style/Style.ixx:85:31: warning: identifier '_grow' preceded by whitespace in a literal operator declaration is deprecated [-Wdeprecated-literal-operator]
   85 |     constexpr Dist operator"" _grow(unsigned long long value) { return { Dist::Type::Grow, static_cast<float>(value) / 100.0f }; }
      |                    ~~~~~~~~~~~^~~~~
      |                    operator""_grow
C:/Users/Ryan/Desktop/Ryan/Rev/Rev/src/Element/Style/Style.ixx:86:31: warning: identifier '_shrink' preceded by whitespace in a literal operator declaration is deprecated [-Wdeprecated-literal-operator]
   86 |     constexpr Dist operator"" _shrink(unsigned long long value) { return { Dist::Type::Grow, static_cast<float>(value) / 100.0f }; }
      |                    ~~~~~~~~~~~^~~~~~~
      |                    operator""_shrink
7 warnings generated.

  CXX  [ 28/72] Rev/Default.ixx
In file included from C:\Users\Ryan\Desktop\Ryan\Rev\.clever\xpp\Rev.Themes.Default\Default.cpp:2:
In file included from C:/Users/Ryan/Desktop/Ryan/Rev/Rev/src/Element/Style/Themes/Default.ixx:5:
C:/Users/Ryan/Desktop/Ryan/Rev/Rev/src/Element/Style/Style.ixx:35:30: warning: identifier '_sec' preceded by whitespace in a literal operator declaration is deprecated [-Wdeprecated-literal-operator]
   35 |     constexpr int operator"" _sec(long double value) { return static_cast<int>(value * 1000.0); }
      |                   ~~~~~~~~~~~^~~~
      |                   operator""_sec
C:/Users/Ryan/Desktop/Ryan/Rev/Rev/src/Element/Style/Style.ixx:36:30: warning: identifier '_sec' preceded by whitespace in a literal operator declaration is deprecated [-Wdeprecated-literal-operator]
   36 |     constexpr int operator"" _sec(unsigned long long value) { return static_cast<int>(value * 1000.0); }
      |                   ~~~~~~~~~~~^~~~
      |                   operator""_sec
C:/Users/Ryan/Desktop/Ryan/Rev/Rev/src/Element/Style/Style.ixx:37:30: warning: identifier '_ms' preceded by whitespace in a literal operator declaration is deprecated [-Wdeprecated-literal-operator]
   37 |     constexpr int operator"" _ms(unsigned long long value) { return static_cast<int>(value); }
      |                   ~~~~~~~~~~~^~~
      |                   operator""_ms
C:/Users/Ryan/Desktop/Ryan/Rev/Rev/src/Element/Style/Style.ixx:83:31: warning: identifier '_px' preceded by whitespace in a literal operator declaration is deprecated [-Wdeprecated-literal-operator]
   83 |     constexpr Dist operator"" _px(unsigned long long value) { return { Dist::Type::Abs, static_cast<float>(value) }; }
      |                    ~~~~~~~~~~~^~~
      |                    operator""_px
C:/Users/Ryan/Desktop/Ryan/Rev/Rev/src/Element/Style/Style.ixx:84:31: warning: identifier '_pct' preceded by whitespace in a literal operator declaration is deprecated [-Wdeprecated-literal-operator]
   84 |     constexpr Dist operator"" _pct(unsigned long long value) { return { Dist::Type::Rel, static_cast<float>(value) / 100.0f }; }
      |                    ~~~~~~~~~~~^~~~
      |                    operator""_pct
C:/Users/Ryan/Desktop/Ryan/Rev/Rev/src/Element/Style/Style.ixx:85:31: warning: identifier '_grow' preceded by whitespace in a literal operator declaration is deprecated [-Wdeprecated-literal-operator]
   85 |     constexpr Dist operator"" _grow(unsigned long long value) { return { Dist::Type::Grow, static_cast<float>(value) / 100.0f }; }
      |                    ~~~~~~~~~~~^~~~~
      |                    operator""_grow
C:/Users/Ryan/Desktop/Ryan/Rev/Rev/src/Element/Style/Style.ixx:86:31: warning: identifier '_shrink' preceded by whitespace in a literal operator declaration is deprecated [-Wdeprecated-literal-operator]
   86 |     constexpr Dist operator"" _shrink(unsigned long long value) { return { Dist::Type::Grow, static_cast<float>(value) / 100.0f }; }
      |                    ~~~~~~~~~~~^~~~~~~
      |                    operator""_shrink
7 warnings generated.

  CXX  [ 29/72] Rev/Box.ixx
In file included from C:\Users\Ryan\Desktop\Ryan\Rev\.clever\xpp\Rev.Element.Box\Box.cpp:2:
In file included from C:/Users/Ryan/Desktop/Ryan/Rev/Rev/src/Elements/Box.ixx:12:
In file included from C:/Users/Ryan/Desktop/Ryan/Rev/Rev/src/Element/Element.ixx:15:
In file included from C:/Users/Ryan/Desktop/Ryan/Rev/Rev/src/Graphics/OpenGL/Canvas.OpenGL.ixx:12:
In file included from C:/Users/Ryan/Desktop/Ryan/Rev/Rev/src/Native/Windows/NativeWindow.win.ixx:31:
C:/Users/Ryan/Desktop/Ryan/Rev/Rev/src/Element/Style/Style.ixx:35:30: warning: identifier '_sec' preceded by whitespace in a literal operator declaration is deprecated [-Wdeprecated-literal-operator]
   35 |     constexpr int operator"" _sec(long double value) { return static_cast<int>(value * 1000.0); }
      |                   ~~~~~~~~~~~^~~~
      |                   operator""_sec
C:/Users/Ryan/Desktop/Ryan/Rev/Rev/src/Element/Style/Style.ixx:36:30: warning: identifier '_sec' preceded by whitespace in a literal operator declaration is deprecated [-Wdeprecated-literal-operator]
   36 |     constexpr int operator"" _sec(unsigned long long value) { return static_cast<int>(value * 1000.0); }
      |                   ~~~~~~~~~~~^~~~
      |                   operator""_sec
C:/Users/Ryan/Desktop/Ryan/Rev/Rev/src/Element/Style/Style.ixx:37:30: warning: identifier '_ms' preceded by whitespace in a literal operator declaration is deprecated [-Wdeprecated-literal-operator]
   37 |     constexpr int operator"" _ms(unsigned long long value) { return static_cast<int>(value); }
      |                   ~~~~~~~~~~~^~~
      |                   operator""_ms
C:/Users/Ryan/Desktop/Ryan/Rev/Rev/src/Element/Style/Style.ixx:83:31: warning: identifier '_px' preceded by whitespace in a literal operator declaration is deprecated [-Wdeprecated-literal-operator]
   83 |     constexpr Dist operator"" _px(unsigned long long value) { return { Dist::Type::Abs, static_cast<float>(value) }; }
      |                    ~~~~~~~~~~~^~~
      |                    operator""_px
C:/Users/Ryan/Desktop/Ryan/Rev/Rev/src/Element/Style/Style.ixx:84:31: warning: identifier '_pct' preceded by whitespace in a literal operator declaration is deprecated [-Wdeprecated-literal-operator]
   84 |     constexpr Dist operator"" _pct(unsigned long long value) { return { Dist::Type::Rel, static_cast<float>(value) / 100.0f }; }
      |                    ~~~~~~~~~~~^~~~
      |                    operator""_pct
C:/Users/Ryan/Desktop/Ryan/Rev/Rev/src/Element/Style/Style.ixx:85:31: warning: identifier '_grow' preceded by whitespace in a literal operator declaration is deprecated [-Wdeprecated-literal-operator]
   85 |     constexpr Dist operator"" _grow(unsigned long long value) { return { Dist::Type::Grow, static_cast<float>(value) / 100.0f }; }
      |                    ~~~~~~~~~~~^~~~~
      |                    operator""_grow
C:/Users/Ryan/Desktop/Ryan/Rev/Rev/src/Element/Style/Style.ixx:86:31: warning: identifier '_shrink' preceded by whitespace in a literal operator declaration is deprecated [-Wdeprecated-literal-operator]
   86 |     constexpr Dist operator"" _shrink(unsigned long long value) { return { Dist::Type::Grow, static_cast<float>(value) / 100.0f }; }
      |                    ~~~~~~~~~~~^~~~~~~
      |                    operator""_shrink
C:/Users/Ryan/Desktop/Ryan/Rev/Rev/src/Element/Style/Style.ixx:62:22: warning: inline function 'Rev::Element::Dist::resolve' is not defined [-Wundefined-inline]
   62 |         inline float resolve(float compare);
      |                      ^
C:\Users\Ryan\Desktop\Ryan\Rev\.clever\xpp\Rev.Element.Box\Box.cpp:46:45: note: used here
   46 |             wl = wr = styleRef.border.width.resolve(rect.w);
      |                                             ^
8 warnings generated.

  CXX  [ 30/72] Rev/Button.ixx
In file included from C:\Users\Ryan\Desktop\Ryan\Rev\.clever\xpp\Rev.Element.Button\Button.cpp:2:
In file included from C:/Users/Ryan/Desktop/Ryan/Rev/Rev/src/Elements/Controls/Button/Button.ixx:8:
In file included from C:/Users/Ryan/Desktop/Ryan/Rev/Rev/src/Element/Element.ixx:15:
In file included from C:/Users/Ryan/Desktop/Ryan/Rev/Rev/src/Graphics/OpenGL/Canvas.OpenGL.ixx:12:
In file included from C:/Users/Ryan/Desktop/Ryan/Rev/Rev/src/Native/Windows/NativeWindow.win.ixx:31:
C:/Users/Ryan/Desktop/Ryan/Rev/Rev/src/Element/Style/Style.ixx:35:30: warning: identifier '_sec' preceded by whitespace in a literal operator declaration is deprecated [-Wdeprecated-literal-operator]
   35 |     constexpr int operator"" _sec(long double value) { return static_cast<int>(value * 1000.0); }
      |                   ~~~~~~~~~~~^~~~
      |                   operator""_sec
C:/Users/Ryan/Desktop/Ryan/Rev/Rev/src/Element/Style/Style.ixx:36:30: warning: identifier '_sec' preceded by whitespace in a literal operator declaration is deprecated [-Wdeprecated-literal-operator]
   36 |     constexpr int operator"" _sec(unsigned long long value) { return static_cast<int>(value * 1000.0); }
      |                   ~~~~~~~~~~~^~~~
      |                   operator""_sec
C:/Users/Ryan/Desktop/Ryan/Rev/Rev/src/Element/Style/Style.ixx:37:30: warning: identifier '_ms' preceded by whitespace in a literal operator declaration is deprecated [-Wdeprecated-literal-operator]
   37 |     constexpr int operator"" _ms(unsigned long long value) { return static_cast<int>(value); }
      |                   ~~~~~~~~~~~^~~
      |                   operator""_ms
C:/Users/Ryan/Desktop/Ryan/Rev/Rev/src/Element/Style/Style.ixx:83:31: warning: identifier '_px' preceded by whitespace in a literal operator declaration is deprecated [-Wdeprecated-literal-operator]
   83 |     constexpr Dist operator"" _px(unsigned long long value) { return { Dist::Type::Abs, static_cast<float>(value) }; }
      |                    ~~~~~~~~~~~^~~
      |                    operator""_px
C:/Users/Ryan/Desktop/Ryan/Rev/Rev/src/Element/Style/Style.ixx:84:31: warning: identifier '_pct' preceded by whitespace in a literal operator declaration is deprecated [-Wdeprecated-literal-operator]
   84 |     constexpr Dist operator"" _pct(unsigned long long value) { return { Dist::Type::Rel, static_cast<float>(value) / 100.0f }; }
      |                    ~~~~~~~~~~~^~~~
      |                    operator""_pct
C:/Users/Ryan/Desktop/Ryan/Rev/Rev/src/Element/Style/Style.ixx:85:31: warning: identifier '_grow' preceded by whitespace in a literal operator declaration is deprecated [-Wdeprecated-literal-operator]
   85 |     constexpr Dist operator"" _grow(unsigned long long value) { return { Dist::Type::Grow, static_cast<float>(value) / 100.0f }; }
      |                    ~~~~~~~~~~~^~~~~
      |                    operator""_grow
C:/Users/Ryan/Desktop/Ryan/Rev/Rev/src/Element/Style/Style.ixx:86:31: warning: identifier '_shrink' preceded by whitespace in a literal operator declaration is deprecated [-Wdeprecated-literal-operator]
   86 |     constexpr Dist operator"" _shrink(unsigned long long value) { return { Dist::Type::Grow, static_cast<float>(value) / 100.0f }; }
      |                    ~~~~~~~~~~~^~~~~~~
      |                    operator""_shrink
7 warnings generated.

  CXX  [ 31/72] Rev/Checkbox.ixx
In file included from C:\Users\Ryan\Desktop\Ryan\Rev\.clever\xpp\Rev.Element.Checkbox\Checkbox.cpp:2:
In file included from C:/Users/Ryan/Desktop/Ryan/Rev/Rev/src/Elements/Controls/Checkbox/Checkbox.ixx:16:
In file included from C:/Users/Ryan/Desktop/Ryan/Rev/Rev/src/Element/Element.ixx:15:
In file included from C:/Users/Ryan/Desktop/Ryan/Rev/Rev/src/Graphics/OpenGL/Canvas.OpenGL.ixx:12:
In file included from C:/Users/Ryan/Desktop/Ryan/Rev/Rev/src/Native/Windows/NativeWindow.win.ixx:31:
C:/Users/Ryan/Desktop/Ryan/Rev/Rev/src/Element/Style/Style.ixx:35:30: warning: identifier '_sec' preceded by whitespace in a literal operator declaration is deprecated [-Wdeprecated-literal-operator]
   35 |     constexpr int operator"" _sec(long double value) { return static_cast<int>(value * 1000.0); }
      |                   ~~~~~~~~~~~^~~~
      |                   operator""_sec
C:/Users/Ryan/Desktop/Ryan/Rev/Rev/src/Element/Style/Style.ixx:36:30: warning: identifier '_sec' preceded by whitespace in a literal operator declaration is deprecated [-Wdeprecated-literal-operator]
   36 |     constexpr int operator"" _sec(unsigned long long value) { return static_cast<int>(value * 1000.0); }
      |                   ~~~~~~~~~~~^~~~
      |                   operator""_sec
C:/Users/Ryan/Desktop/Ryan/Rev/Rev/src/Element/Style/Style.ixx:37:30: warning: identifier '_ms' preceded by whitespace in a literal operator declaration is deprecated [-Wdeprecated-literal-operator]
   37 |     constexpr int operator"" _ms(unsigned long long value) { return static_cast<int>(value); }
      |                   ~~~~~~~~~~~^~~
      |                   operator""_ms
C:/Users/Ryan/Desktop/Ryan/Rev/Rev/src/Element/Style/Style.ixx:83:31: warning: identifier '_px' preceded by whitespace in a literal operator declaration is deprecated [-Wdeprecated-literal-operator]
   83 |     constexpr Dist operator"" _px(unsigned long long value) { return { Dist::Type::Abs, static_cast<float>(value) }; }
      |                    ~~~~~~~~~~~^~~
      |                    operator""_px
C:/Users/Ryan/Desktop/Ryan/Rev/Rev/src/Element/Style/Style.ixx:84:31: warning: identifier '_pct' preceded by whitespace in a literal operator declaration is deprecated [-Wdeprecated-literal-operator]
   84 |     constexpr Dist operator"" _pct(unsigned long long value) { return { Dist::Type::Rel, static_cast<float>(value) / 100.0f }; }
      |                    ~~~~~~~~~~~^~~~
      |                    operator""_pct
C:/Users/Ryan/Desktop/Ryan/Rev/Rev/src/Element/Style/Style.ixx:85:31: warning: identifier '_grow' preceded by whitespace in a literal operator declaration is deprecated [-Wdeprecated-literal-operator]
   85 |     constexpr Dist operator"" _grow(unsigned long long value) { return { Dist::Type::Grow, static_cast<float>(value) / 100.0f }; }
      |                    ~~~~~~~~~~~^~~~~
      |                    operator""_grow
C:/Users/Ryan/Desktop/Ryan/Rev/Rev/src/Element/Style/Style.ixx:86:31: warning: identifier '_shrink' preceded by whitespace in a literal operator declaration is deprecated [-Wdeprecated-literal-operator]
   86 |     constexpr Dist operator"" _shrink(unsigned long long value) { return { Dist::Type::Grow, static_cast<float>(value) / 100.0f }; }
      |                    ~~~~~~~~~~~^~~~~~~
      |                    operator""_shrink
7 warnings generated.

  CXX  [ 32/72] Rev/Collapsible.ixx
In file included from C:\Users\Ryan\Desktop\Ryan\Rev\.clever\xpp\Rev.Element.Collapsible\Collapsible.cpp:2:
In file included from C:/Users/Ryan/Desktop/Ryan/Rev/Rev/src/Elements/Controls/Collapsible/Collapsible.ixx:12:
In file included from C:/Users/Ryan/Desktop/Ryan/Rev/Rev/src/Element/Element.ixx:15:
In file included from C:/Users/Ryan/Desktop/Ryan/Rev/Rev/src/Graphics/OpenGL/Canvas.OpenGL.ixx:12:
In file included from C:/Users/Ryan/Desktop/Ryan/Rev/Rev/src/Native/Windows/NativeWindow.win.ixx:31:
C:/Users/Ryan/Desktop/Ryan/Rev/Rev/src/Element/Style/Style.ixx:35:30: warning: identifier '_sec' preceded by whitespace in a literal operator declaration is deprecated [-Wdeprecated-literal-operator]
   35 |     constexpr int operator"" _sec(long double value) { return static_cast<int>(value * 1000.0); }
      |                   ~~~~~~~~~~~^~~~
      |                   operator""_sec
C:/Users/Ryan/Desktop/Ryan/Rev/Rev/src/Element/Style/Style.ixx:36:30: warning: identifier '_sec' preceded by whitespace in a literal operator declaration is deprecated [-Wdeprecated-literal-operator]
   36 |     constexpr int operator"" _sec(unsigned long long value) { return static_cast<int>(value * 1000.0); }
      |                   ~~~~~~~~~~~^~~~
      |                   operator""_sec
C:/Users/Ryan/Desktop/Ryan/Rev/Rev/src/Element/Style/Style.ixx:37:30: warning: identifier '_ms' preceded by whitespace in a literal operator declaration is deprecated [-Wdeprecated-literal-operator]
   37 |     constexpr int operator"" _ms(unsigned long long value) { return static_cast<int>(value); }
      |                   ~~~~~~~~~~~^~~
      |                   operator""_ms
C:/Users/Ryan/Desktop/Ryan/Rev/Rev/src/Element/Style/Style.ixx:83:31: warning: identifier '_px' preceded by whitespace in a literal operator declaration is deprecated [-Wdeprecated-literal-operator]
   83 |     constexpr Dist operator"" _px(unsigned long long value) { return { Dist::Type::Abs, static_cast<float>(value) }; }
      |                    ~~~~~~~~~~~^~~
      |                    operator""_px
C:/Users/Ryan/Desktop/Ryan/Rev/Rev/src/Element/Style/Style.ixx:84:31: warning: identifier '_pct' preceded by whitespace in a literal operator declaration is deprecated [-Wdeprecated-literal-operator]
   84 |     constexpr Dist operator"" _pct(unsigned long long value) { return { Dist::Type::Rel, static_cast<float>(value) / 100.0f }; }
      |                    ~~~~~~~~~~~^~~~
      |                    operator""_pct
C:/Users/Ryan/Desktop/Ryan/Rev/Rev/src/Element/Style/Style.ixx:85:31: warning: identifier '_grow' preceded by whitespace in a literal operator declaration is deprecated [-Wdeprecated-literal-operator]
   85 |     constexpr Dist operator"" _grow(unsigned long long value) { return { Dist::Type::Grow, static_cast<float>(value) / 100.0f }; }
      |                    ~~~~~~~~~~~^~~~~
      |                    operator""_grow
C:/Users/Ryan/Desktop/Ryan/Rev/Rev/src/Element/Style/Style.ixx:86:31: warning: identifier '_shrink' preceded by whitespace in a literal operator declaration is deprecated [-Wdeprecated-literal-operator]
   86 |     constexpr Dist operator"" _shrink(unsigned long long value) { return { Dist::Type::Grow, static_cast<float>(value) / 100.0f }; }
      |                    ~~~~~~~~~~~^~~~~~~
      |                    operator""_shrink
7 warnings generated.

  CXX  [ 33/72] Rev/ControlTheme.ixx
In file included from C:\Users\Ryan\Desktop\Ryan\Rev\.clever\xpp\Rev.Element.ControlTheme\ControlTheme.cpp:2:
In file included from C:/Users/Ryan/Desktop/Ryan/Rev/Rev/src/Elements/Controls/ControlTheme.ixx:5:
C:/Users/Ryan/Desktop/Ryan/Rev/Rev/src/Element/Style/Style.ixx:35:30: warning: identifier '_sec' preceded by whitespace in a literal operator declaration is deprecated [-Wdeprecated-literal-operator]
   35 |     constexpr int operator"" _sec(long double value) { return static_cast<int>(value * 1000.0); }
      |                   ~~~~~~~~~~~^~~~
      |                   operator""_sec
C:/Users/Ryan/Desktop/Ryan/Rev/Rev/src/Element/Style/Style.ixx:36:30: warning: identifier '_sec' preceded by whitespace in a literal operator declaration is deprecated [-Wdeprecated-literal-operator]
   36 |     constexpr int operator"" _sec(unsigned long long value) { return static_cast<int>(value * 1000.0); }
      |                   ~~~~~~~~~~~^~~~
      |                   operator""_sec
C:/Users/Ryan/Desktop/Ryan/Rev/Rev/src/Element/Style/Style.ixx:37:30: warning: identifier '_ms' preceded by whitespace in a literal operator declaration is deprecated [-Wdeprecated-literal-operator]
   37 |     constexpr int operator"" _ms(unsigned long long value) { return static_cast<int>(value); }
      |                   ~~~~~~~~~~~^~~
      |                   operator""_ms
C:/Users/Ryan/Desktop/Ryan/Rev/Rev/src/Element/Style/Style.ixx:83:31: warning: identifier '_px' preceded by whitespace in a literal operator declaration is deprecated [-Wdeprecated-literal-operator]
   83 |     constexpr Dist operator"" _px(unsigned long long value) { return { Dist::Type::Abs, static_cast<float>(value) }; }
      |                    ~~~~~~~~~~~^~~
      |                    operator""_px
C:/Users/Ryan/Desktop/Ryan/Rev/Rev/src/Element/Style/Style.ixx:84:31: warning: identifier '_pct' preceded by whitespace in a literal operator declaration is deprecated [-Wdeprecated-literal-operator]
   84 |     constexpr Dist operator"" _pct(unsigned long long value) { return { Dist::Type::Rel, static_cast<float>(value) / 100.0f }; }
      |                    ~~~~~~~~~~~^~~~
      |                    operator""_pct
C:/Users/Ryan/Desktop/Ryan/Rev/Rev/src/Element/Style/Style.ixx:85:31: warning: identifier '_grow' preceded by whitespace in a literal operator declaration is deprecated [-Wdeprecated-literal-operator]
   85 |     constexpr Dist operator"" _grow(unsigned long long value) { return { Dist::Type::Grow, static_cast<float>(value) / 100.0f }; }
      |                    ~~~~~~~~~~~^~~~~
      |                    operator""_grow
C:/Users/Ryan/Desktop/Ryan/Rev/Rev/src/Element/Style/Style.ixx:86:31: warning: identifier '_shrink' preceded by whitespace in a literal operator declaration is deprecated [-Wdeprecated-literal-operator]
   86 |     constexpr Dist operator"" _shrink(unsigned long long value) { return { Dist::Type::Grow, static_cast<float>(value) / 100.0f }; }
      |                    ~~~~~~~~~~~^~~~~~~
      |                    operator""_shrink
C:\Users\Ryan\Desktop\Ryan\Rev\.clever\xpp\Rev.Element.ControlTheme\ControlTheme.cpp:25:21: warning: ISO C++ requires field designators to be specified in declaration order; field 'padding' will be initialized after field 'overflow' [-Wreorder-init-list]
   25 |         .overflow = Overflow::Show,
      |         ~~~~~~~~~~~~^~~~~~~~~~~~~~
C:\Users\Ryan\Desktop\Ryan\Rev\.clever\xpp\Rev.Element.ControlTheme\ControlTheme.cpp:24:20: note: previous initialization for field 'padding' is here
   24 |         .padding = { 6_px, 9_px, 5_px, 9_px },
      |                    ^~~~~~~~~~~~~~~~~~~~~~~~~~
C:\Users\Ryan\Desktop\Ryan\Rev\.clever\xpp\Rev.Element.ControlTheme\ControlTheme.cpp:80:23: warning: ISO C++ requires field designators to be specified in declaration order; field 'width' will be initialized after field 'radius' [-Wreorder-init-list]
   80 |             .radius = 8_px
      |             ~~~~~~~~~~^~~~
C:\Users\Ryan\Desktop\Ryan\Rev\.clever\xpp\Rev.Element.ControlTheme\ControlTheme.cpp:79:22: note: previous initialization for field 'width' is here
   79 |             .width = 1_px,
      |                      ^~~~
C:\Users\Ryan\Desktop\Ryan\Rev\.clever\xpp\Rev.Element.ControlTheme\ControlTheme.cpp:101:23: warning: ISO C++ requires field designators to be specified in declaration order; field 'width' will be initialized after field 'radius' [-Wreorder-init-list]
  101 |             .radius = 8_px
      |             ~~~~~~~~~~^~~~
C:\Users\Ryan\Desktop\Ryan\Rev\.clever\xpp\Rev.Element.ControlTheme\ControlTheme.cpp:100:22: note: previous initialization for field 'width' is here
  100 |             .width = 1_px,
      |                      ^~~~
C:\Users\Ryan\Desktop\Ryan\Rev\.clever\xpp\Rev.Element.ControlTheme\ControlTheme.cpp:155:23: warning: ISO C++ requires field designators to be specified in declaration order; field 'width' will be initialized after field 'radius' [-Wreorder-init-list]
  155 |             .radius = 3_px
      |             ~~~~~~~~~~^~~~
C:\Users\Ryan\Desktop\Ryan\Rev\.clever\xpp\Rev.Element.ControlTheme\ControlTheme.cpp:154:22: note: previous initialization for field 'width' is here
  154 |             .width = 1_px,
      |                      ^~~~
11 warnings generated.

  CXX  [ 34/72] Rev/Dropdown.ixx
In file included from C:\Users\Ryan\Desktop\Ryan\Rev\.clever\xpp\Rev.Element.Dropdown\Dropdown.cpp:2:
In file included from C:/Users/Ryan/Desktop/Ryan/Rev/Rev/src/Elements/Controls/Dropdown/Dropdown.ixx:16:
In file included from C:/Users/Ryan/Desktop/Ryan/Rev/Rev/src/Element/Element.ixx:15:
In file included from C:/Users/Ryan/Desktop/Ryan/Rev/Rev/src/Graphics/OpenGL/Canvas.OpenGL.ixx:12:
In file included from C:/Users/Ryan/Desktop/Ryan/Rev/Rev/src/Native/Windows/NativeWindow.win.ixx:31:
C:/Users/Ryan/Desktop/Ryan/Rev/Rev/src/Element/Style/Style.ixx:35:30: warning: identifier '_sec' preceded by whitespace in a literal operator declaration is deprecated [-Wdeprecated-literal-operator]
   35 |     constexpr int operator"" _sec(long double value) { return static_cast<int>(value * 1000.0); }
      |                   ~~~~~~~~~~~^~~~
      |                   operator""_sec
C:/Users/Ryan/Desktop/Ryan/Rev/Rev/src/Element/Style/Style.ixx:36:30: warning: identifier '_sec' preceded by whitespace in a literal operator declaration is deprecated [-Wdeprecated-literal-operator]
   36 |     constexpr int operator"" _sec(unsigned long long value) { return static_cast<int>(value * 1000.0); }
      |                   ~~~~~~~~~~~^~~~
      |                   operator""_sec
C:/Users/Ryan/Desktop/Ryan/Rev/Rev/src/Element/Style/Style.ixx:37:30: warning: identifier '_ms' preceded by whitespace in a literal operator declaration is deprecated [-Wdeprecated-literal-operator]
   37 |     constexpr int operator"" _ms(unsigned long long value) { return static_cast<int>(value); }
      |                   ~~~~~~~~~~~^~~
      |                   operator""_ms
C:/Users/Ryan/Desktop/Ryan/Rev/Rev/src/Element/Style/Style.ixx:83:31: warning: identifier '_px' preceded by whitespace in a literal operator declaration is deprecated [-Wdeprecated-literal-operator]
   83 |     constexpr Dist operator"" _px(unsigned long long value) { return { Dist::Type::Abs, static_cast<float>(value) }; }
      |                    ~~~~~~~~~~~^~~
      |                    operator""_px
C:/Users/Ryan/Desktop/Ryan/Rev/Rev/src/Element/Style/Style.ixx:84:31: warning: identifier '_pct' preceded by whitespace in a literal operator declaration is deprecated [-Wdeprecated-literal-operator]
   84 |     constexpr Dist operator"" _pct(unsigned long long value) { return { Dist::Type::Rel, static_cast<float>(value) / 100.0f }; }
      |                    ~~~~~~~~~~~^~~~
      |                    operator""_pct
C:/Users/Ryan/Desktop/Ryan/Rev/Rev/src/Element/Style/Style.ixx:85:31: warning: identifier '_grow' preceded by whitespace in a literal operator declaration is deprecated [-Wdeprecated-literal-operator]
   85 |     constexpr Dist operator"" _grow(unsigned long long value) { return { Dist::Type::Grow, static_cast<float>(value) / 100.0f }; }
      |                    ~~~~~~~~~~~^~~~~
      |                    operator""_grow
C:/Users/Ryan/Desktop/Ryan/Rev/Rev/src/Element/Style/Style.ixx:86:31: warning: identifier '_shrink' preceded by whitespace in a literal operator declaration is deprecated [-Wdeprecated-literal-operator]
   86 |     constexpr Dist operator"" _shrink(unsigned long long value) { return { Dist::Type::Grow, static_cast<float>(value) / 100.0f }; }
      |                    ~~~~~~~~~~~^~~~~~~
      |                    operator""_shrink
7 warnings generated.

  CXX  [ 35/72] Rev/NumberInput.ixx
In file included from C:\Users\Ryan\Desktop\Ryan\Rev\.clever\xpp\Rev.Element.NumberInput\NumberInput.cpp:2:
In file included from C:/Users/Ryan/Desktop/Ryan/Rev/Rev/src/Elements/Controls/NumberInput/NumberInput.ixx:14:
In file included from C:/Users/Ryan/Desktop/Ryan/Rev/Rev/src/Element/Element.ixx:15:
In file included from C:/Users/Ryan/Desktop/Ryan/Rev/Rev/src/Graphics/OpenGL/Canvas.OpenGL.ixx:12:
In file included from C:/Users/Ryan/Desktop/Ryan/Rev/Rev/src/Native/Windows/NativeWindow.win.ixx:31:
C:/Users/Ryan/Desktop/Ryan/Rev/Rev/src/Element/Style/Style.ixx:35:30: warning: identifier '_sec' preceded by whitespace in a literal operator declaration is deprecated [-Wdeprecated-literal-operator]
   35 |     constexpr int operator"" _sec(long double value) { return static_cast<int>(value * 1000.0); }
      |                   ~~~~~~~~~~~^~~~
      |                   operator""_sec
C:/Users/Ryan/Desktop/Ryan/Rev/Rev/src/Element/Style/Style.ixx:36:30: warning: identifier '_sec' preceded by whitespace in a literal operator declaration is deprecated [-Wdeprecated-literal-operator]
   36 |     constexpr int operator"" _sec(unsigned long long value) { return static_cast<int>(value * 1000.0); }
      |                   ~~~~~~~~~~~^~~~
      |                   operator""_sec
C:/Users/Ryan/Desktop/Ryan/Rev/Rev/src/Element/Style/Style.ixx:37:30: warning: identifier '_ms' preceded by whitespace in a literal operator declaration is deprecated [-Wdeprecated-literal-operator]
   37 |     constexpr int operator"" _ms(unsigned long long value) { return static_cast<int>(value); }
      |                   ~~~~~~~~~~~^~~
      |                   operator""_ms
C:/Users/Ryan/Desktop/Ryan/Rev/Rev/src/Element/Style/Style.ixx:83:31: warning: identifier '_px' preceded by whitespace in a literal operator declaration is deprecated [-Wdeprecated-literal-operator]
   83 |     constexpr Dist operator"" _px(unsigned long long value) { return { Dist::Type::Abs, static_cast<float>(value) }; }
      |                    ~~~~~~~~~~~^~~
      |                    operator""_px
C:/Users/Ryan/Desktop/Ryan/Rev/Rev/src/Element/Style/Style.ixx:84:31: warning: identifier '_pct' preceded by whitespace in a literal operator declaration is deprecated [-Wdeprecated-literal-operator]
   84 |     constexpr Dist operator"" _pct(unsigned long long value) { return { Dist::Type::Rel, static_cast<float>(value) / 100.0f }; }
      |                    ~~~~~~~~~~~^~~~
      |                    operator""_pct
C:/Users/Ryan/Desktop/Ryan/Rev/Rev/src/Element/Style/Style.ixx:85:31: warning: identifier '_grow' preceded by whitespace in a literal operator declaration is deprecated [-Wdeprecated-literal-operator]
   85 |     constexpr Dist operator"" _grow(unsigned long long value) { return { Dist::Type::Grow, static_cast<float>(value) / 100.0f }; }
      |                    ~~~~~~~~~~~^~~~~
      |                    operator""_grow
C:/Users/Ryan/Desktop/Ryan/Rev/Rev/src/Element/Style/Style.ixx:86:31: warning: identifier '_shrink' preceded by whitespace in a literal operator declaration is deprecated [-Wdeprecated-literal-operator]
   86 |     constexpr Dist operator"" _shrink(unsigned long long value) { return { Dist::Type::Grow, static_cast<float>(value) / 100.0f }; }
      |                    ~~~~~~~~~~~^~~~~~~
      |                    operator""_shrink
7 warnings generated.

  CXX  [ 36/72] Rev/Radio.ixx
In file included from C:\Users\Ryan\Desktop\Ryan\Rev\.clever\xpp\Rev.Element.Radio\Radio.cpp:2:
In file included from C:/Users/Ryan/Desktop/Ryan/Rev/Rev/src/Elements/Controls/Radio/Radio.ixx:15:
In file included from C:/Users/Ryan/Desktop/Ryan/Rev/Rev/src/Element/Element.ixx:15:
In file included from C:/Users/Ryan/Desktop/Ryan/Rev/Rev/src/Graphics/OpenGL/Canvas.OpenGL.ixx:12:
In file included from C:/Users/Ryan/Desktop/Ryan/Rev/Rev/src/Native/Windows/NativeWindow.win.ixx:31:
C:/Users/Ryan/Desktop/Ryan/Rev/Rev/src/Element/Style/Style.ixx:35:30: warning: identifier '_sec' preceded by whitespace in a literal operator declaration is deprecated [-Wdeprecated-literal-operator]
   35 |     constexpr int operator"" _sec(long double value) { return static_cast<int>(value * 1000.0); }
      |                   ~~~~~~~~~~~^~~~
      |                   operator""_sec
C:/Users/Ryan/Desktop/Ryan/Rev/Rev/src/Element/Style/Style.ixx:36:30: warning: identifier '_sec' preceded by whitespace in a literal operator declaration is deprecated [-Wdeprecated-literal-operator]
   36 |     constexpr int operator"" _sec(unsigned long long value) { return static_cast<int>(value * 1000.0); }
      |                   ~~~~~~~~~~~^~~~
      |                   operator""_sec
C:/Users/Ryan/Desktop/Ryan/Rev/Rev/src/Element/Style/Style.ixx:37:30: warning: identifier '_ms' preceded by whitespace in a literal operator declaration is deprecated [-Wdeprecated-literal-operator]
   37 |     constexpr int operator"" _ms(unsigned long long value) { return static_cast<int>(value); }
      |                   ~~~~~~~~~~~^~~
      |                   operator""_ms
C:/Users/Ryan/Desktop/Ryan/Rev/Rev/src/Element/Style/Style.ixx:83:31: warning: identifier '_px' preceded by whitespace in a literal operator declaration is deprecated [-Wdeprecated-literal-operator]
   83 |     constexpr Dist operator"" _px(unsigned long long value) { return { Dist::Type::Abs, static_cast<float>(value) }; }
      |                    ~~~~~~~~~~~^~~
      |                    operator""_px
C:/Users/Ryan/Desktop/Ryan/Rev/Rev/src/Element/Style/Style.ixx:84:31: warning: identifier '_pct' preceded by whitespace in a literal operator declaration is deprecated [-Wdeprecated-literal-operator]
   84 |     constexpr Dist operator"" _pct(unsigned long long value) { return { Dist::Type::Rel, static_cast<float>(value) / 100.0f }; }
      |                    ~~~~~~~~~~~^~~~
      |                    operator""_pct
C:/Users/Ryan/Desktop/Ryan/Rev/Rev/src/Element/Style/Style.ixx:85:31: warning: identifier '_grow' preceded by whitespace in a literal operator declaration is deprecated [-Wdeprecated-literal-operator]
   85 |     constexpr Dist operator"" _grow(unsigned long long value) { return { Dist::Type::Grow, static_cast<float>(value) / 100.0f }; }
      |                    ~~~~~~~~~~~^~~~~
      |                    operator""_grow
C:/Users/Ryan/Desktop/Ryan/Rev/Rev/src/Element/Style/Style.ixx:86:31: warning: identifier '_shrink' preceded by whitespace in a literal operator declaration is deprecated [-Wdeprecated-literal-operator]
   86 |     constexpr Dist operator"" _shrink(unsigned long long value) { return { Dist::Type::Grow, static_cast<float>(value) / 100.0f }; }
      |                    ~~~~~~~~~~~^~~~~~~
      |                    operator""_shrink
C:/Users/Ryan/Desktop/Ryan/Rev/Rev/src/Element/Style/Style.ixx:109:29: warning: inline function 'Rev::Element::Color::Null' is not defined [-Wundefined-inline]
  109 |         static inline Color Null();
      |                             ^
C:\Users\Ryan\Desktop\Ryan\Rev\.clever\xpp\Rev.Element.Radio\Radio.cpp:124:99: note: used here
  124 |                 Color backgroundColor = option.value == params.value ? rgb(51, 106, 255) : Color::Null();
      |                                                                                                   ^
8 warnings generated.

  CXX  [ 37/72] Rev/Slider.ixx
In file included from C:\Users\Ryan\Desktop\Ryan\Rev\.clever\xpp\Rev.Element.Slider\Slider.cpp:2:
In file included from C:/Users/Ryan/Desktop/Ryan/Rev/Rev/src/Elements/Controls/Slider/Slider.ixx:11:
In file included from C:/Users/Ryan/Desktop/Ryan/Rev/Rev/src/Element/Element.ixx:15:
In file included from C:/Users/Ryan/Desktop/Ryan/Rev/Rev/src/Graphics/OpenGL/Canvas.OpenGL.ixx:12:
In file included from C:/Users/Ryan/Desktop/Ryan/Rev/Rev/src/Native/Windows/NativeWindow.win.ixx:31:
C:/Users/Ryan/Desktop/Ryan/Rev/Rev/src/Element/Style/Style.ixx:35:30: warning: identifier '_sec' preceded by whitespace in a literal operator declaration is deprecated [-Wdeprecated-literal-operator]
   35 |     constexpr int operator"" _sec(long double value) { return static_cast<int>(value * 1000.0); }
      |                   ~~~~~~~~~~~^~~~
      |                   operator""_sec
C:/Users/Ryan/Desktop/Ryan/Rev/Rev/src/Element/Style/Style.ixx:36:30: warning: identifier '_sec' preceded by whitespace in a literal operator declaration is deprecated [-Wdeprecated-literal-operator]
   36 |     constexpr int operator"" _sec(unsigned long long value) { return static_cast<int>(value * 1000.0); }
      |                   ~~~~~~~~~~~^~~~
      |                   operator""_sec
C:/Users/Ryan/Desktop/Ryan/Rev/Rev/src/Element/Style/Style.ixx:37:30: warning: identifier '_ms' preceded by whitespace in a literal operator declaration is deprecated [-Wdeprecated-literal-operator]
   37 |     constexpr int operator"" _ms(unsigned long long value) { return static_cast<int>(value); }
      |                   ~~~~~~~~~~~^~~
      |                   operator""_ms
C:/Users/Ryan/Desktop/Ryan/Rev/Rev/src/Element/Style/Style.ixx:83:31: warning: identifier '_px' preceded by whitespace in a literal operator declaration is deprecated [-Wdeprecated-literal-operator]
   83 |     constexpr Dist operator"" _px(unsigned long long value) { return { Dist::Type::Abs, static_cast<float>(value) }; }
      |                    ~~~~~~~~~~~^~~
      |                    operator""_px
C:/Users/Ryan/Desktop/Ryan/Rev/Rev/src/Element/Style/Style.ixx:84:31: warning: identifier '_pct' preceded by whitespace in a literal operator declaration is deprecated [-Wdeprecated-literal-operator]
   84 |     constexpr Dist operator"" _pct(unsigned long long value) { return { Dist::Type::Rel, static_cast<float>(value) / 100.0f }; }
      |                    ~~~~~~~~~~~^~~~
      |                    operator""_pct
C:/Users/Ryan/Desktop/Ryan/Rev/Rev/src/Element/Style/Style.ixx:85:31: warning: identifier '_grow' preceded by whitespace in a literal operator declaration is deprecated [-Wdeprecated-literal-operator]
   85 |     constexpr Dist operator"" _grow(unsigned long long value) { return { Dist::Type::Grow, static_cast<float>(value) / 100.0f }; }
      |                    ~~~~~~~~~~~^~~~~
      |                    operator""_grow
C:/Users/Ryan/Desktop/Ryan/Rev/Rev/src/Element/Style/Style.ixx:86:31: warning: identifier '_shrink' preceded by whitespace in a literal operator declaration is deprecated [-Wdeprecated-literal-operator]
   86 |     constexpr Dist operator"" _shrink(unsigned long long value) { return { Dist::Type::Grow, static_cast<float>(value) / 100.0f }; }
      |                    ~~~~~~~~~~~^~~~~~~
      |                    operator""_shrink
7 warnings generated.

  CXX  [ 38/72] Rev/TextInput.ixx
In file included from C:\Users\Ryan\Desktop\Ryan\Rev\.clever\xpp\Rev.Element.TextInput\TextInput.cpp:2:
In file included from C:/Users/Ryan/Desktop/Ryan/Rev/Rev/src/Elements/Controls/TextInput/TextInput.ixx:12:
In file included from C:/Users/Ryan/Desktop/Ryan/Rev/Rev/src/Element/Element.ixx:15:
In file included from C:/Users/Ryan/Desktop/Ryan/Rev/Rev/src/Graphics/OpenGL/Canvas.OpenGL.ixx:12:
In file included from C:/Users/Ryan/Desktop/Ryan/Rev/Rev/src/Native/Windows/NativeWindow.win.ixx:31:
C:/Users/Ryan/Desktop/Ryan/Rev/Rev/src/Element/Style/Style.ixx:35:30: warning: identifier '_sec' preceded by whitespace in a literal operator declaration is deprecated [-Wdeprecated-literal-operator]
   35 |     constexpr int operator"" _sec(long double value) { return static_cast<int>(value * 1000.0); }
      |                   ~~~~~~~~~~~^~~~
      |                   operator""_sec
C:/Users/Ryan/Desktop/Ryan/Rev/Rev/src/Element/Style/Style.ixx:36:30: warning: identifier '_sec' preceded by whitespace in a literal operator declaration is deprecated [-Wdeprecated-literal-operator]
   36 |     constexpr int operator"" _sec(unsigned long long value) { return static_cast<int>(value * 1000.0); }
      |                   ~~~~~~~~~~~^~~~
      |                   operator""_sec
C:/Users/Ryan/Desktop/Ryan/Rev/Rev/src/Element/Style/Style.ixx:37:30: warning: identifier '_ms' preceded by whitespace in a literal operator declaration is deprecated [-Wdeprecated-literal-operator]
   37 |     constexpr int operator"" _ms(unsigned long long value) { return static_cast<int>(value); }
      |                   ~~~~~~~~~~~^~~
      |                   operator""_ms
C:/Users/Ryan/Desktop/Ryan/Rev/Rev/src/Element/Style/Style.ixx:83:31: warning: identifier '_px' preceded by whitespace in a literal operator declaration is deprecated [-Wdeprecated-literal-operator]
   83 |     constexpr Dist operator"" _px(unsigned long long value) { return { Dist::Type::Abs, static_cast<float>(value) }; }
      |                    ~~~~~~~~~~~^~~
      |                    operator""_px
C:/Users/Ryan/Desktop/Ryan/Rev/Rev/src/Element/Style/Style.ixx:84:31: warning: identifier '_pct' preceded by whitespace in a literal operator declaration is deprecated [-Wdeprecated-literal-operator]
   84 |     constexpr Dist operator"" _pct(unsigned long long value) { return { Dist::Type::Rel, static_cast<float>(value) / 100.0f }; }
      |                    ~~~~~~~~~~~^~~~
      |                    operator""_pct
C:/Users/Ryan/Desktop/Ryan/Rev/Rev/src/Element/Style/Style.ixx:85:31: warning: identifier '_grow' preceded by whitespace in a literal operator declaration is deprecated [-Wdeprecated-literal-operator]
   85 |     constexpr Dist operator"" _grow(unsigned long long value) { return { Dist::Type::Grow, static_cast<float>(value) / 100.0f }; }
      |                    ~~~~~~~~~~~^~~~~
      |                    operator""_grow
C:/Users/Ryan/Desktop/Ryan/Rev/Rev/src/Element/Style/Style.ixx:86:31: warning: identifier '_shrink' preceded by whitespace in a literal operator declaration is deprecated [-Wdeprecated-literal-operator]
   86 |     constexpr Dist operator"" _shrink(unsigned long long value) { return { Dist::Type::Grow, static_cast<float>(value) / 100.0f }; }
      |                    ~~~~~~~~~~~^~~~~~~
      |                    operator""_shrink
7 warnings generated.

  CXX  [ 39/72] Rev/Chart.ixx
In file included from C:\Users\Ryan\Desktop\Ryan\Rev\.clever\xpp\Rev.Element.Chart\Chart.cpp:2:
In file included from C:/Users/Ryan/Desktop/Ryan/Rev/Rev/src/Elements/Display/Chart.ixx:19:
In file included from C:/Users/Ryan/Desktop/Ryan/Rev/Rev/src/Element/Element.ixx:15:
In file included from C:/Users/Ryan/Desktop/Ryan/Rev/Rev/src/Graphics/OpenGL/Canvas.OpenGL.ixx:12:
In file included from C:/Users/Ryan/Desktop/Ryan/Rev/Rev/src/Native/Windows/NativeWindow.win.ixx:31:
C:/Users/Ryan/Desktop/Ryan/Rev/Rev/src/Element/Style/Style.ixx:35:30: warning: identifier '_sec' preceded by whitespace in a literal operator declaration is deprecated [-Wdeprecated-literal-operator]
   35 |     constexpr int operator"" _sec(long double value) { return static_cast<int>(value * 1000.0); }
      |                   ~~~~~~~~~~~^~~~
      |                   operator""_sec
C:/Users/Ryan/Desktop/Ryan/Rev/Rev/src/Element/Style/Style.ixx:36:30: warning: identifier '_sec' preceded by whitespace in a literal operator declaration is deprecated [-Wdeprecated-literal-operator]
   36 |     constexpr int operator"" _sec(unsigned long long value) { return static_cast<int>(value * 1000.0); }
      |                   ~~~~~~~~~~~^~~~
      |                   operator""_sec
C:/Users/Ryan/Desktop/Ryan/Rev/Rev/src/Element/Style/Style.ixx:37:30: warning: identifier '_ms' preceded by whitespace in a literal operator declaration is deprecated [-Wdeprecated-literal-operator]
   37 |     constexpr int operator"" _ms(unsigned long long value) { return static_cast<int>(value); }
      |                   ~~~~~~~~~~~^~~
      |                   operator""_ms
C:/Users/Ryan/Desktop/Ryan/Rev/Rev/src/Element/Style/Style.ixx:83:31: warning: identifier '_px' preceded by whitespace in a literal operator declaration is deprecated [-Wdeprecated-literal-operator]
   83 |     constexpr Dist operator"" _px(unsigned long long value) { return { Dist::Type::Abs, static_cast<float>(value) }; }
      |                    ~~~~~~~~~~~^~~
      |                    operator""_px
C:/Users/Ryan/Desktop/Ryan/Rev/Rev/src/Element/Style/Style.ixx:84:31: warning: identifier '_pct' preceded by whitespace in a literal operator declaration is deprecated [-Wdeprecated-literal-operator]
   84 |     constexpr Dist operator"" _pct(unsigned long long value) { return { Dist::Type::Rel, static_cast<float>(value) / 100.0f }; }
      |                    ~~~~~~~~~~~^~~~
      |                    operator""_pct
C:/Users/Ryan/Desktop/Ryan/Rev/Rev/src/Element/Style/Style.ixx:85:31: warning: identifier '_grow' preceded by whitespace in a literal operator declaration is deprecated [-Wdeprecated-literal-operator]
   85 |     constexpr Dist operator"" _grow(unsigned long long value) { return { Dist::Type::Grow, static_cast<float>(value) / 100.0f }; }
      |                    ~~~~~~~~~~~^~~~~
      |                    operator""_grow
C:/Users/Ryan/Desktop/Ryan/Rev/Rev/src/Element/Style/Style.ixx:86:31: warning: identifier '_shrink' preceded by whitespace in a literal operator declaration is deprecated [-Wdeprecated-literal-operator]
   86 |     constexpr Dist operator"" _shrink(unsigned long long value) { return { Dist::Type::Grow, static_cast<float>(value) / 100.0f }; }
      |                    ~~~~~~~~~~~^~~~~~~
      |                    operator""_shrink
In file included from C:\Users\Ryan\Desktop\Ryan\Rev\.clever\xpp\Rev.Element.Chart\Chart.cpp:2:
In file included from C:/Users/Ryan/Desktop/Ryan/Rev/Rev/src/Elements/Display/Chart.ixx:12:
C:/Users/Ryan/Desktop/Ryan/Rev/Rev/src/Core/Geometry/Pos.ixx:52:20: warning: inline function 'Rev::Core::Pos::operator*' is not defined [-Wundefined-inline]
   52 |         inline Pos operator*(const Pos& other) const;
      |                    ^
C:\Users\Ryan\Desktop\Ryan\Rev\.clever\xpp\Rev.Element.Chart\Chart.cpp:39:43: note: used here
   39 |             Pos scaledDiff = e.mouse.diff * scale;
      |                                           ^
In file included from C:\Users\Ryan\Desktop\Ryan\Rev\.clever\xpp\Rev.Element.Chart\Chart.cpp:2:
In file included from C:/Users/Ryan/Desktop/Ryan/Rev/Rev/src/Elements/Display/Chart.ixx:12:
C:/Users/Ryan/Desktop/Ryan/Rev/Rev/src/Core/Geometry/Pos.ixx:58:21: warning: inline function 'Rev::Core::Pos::operator*=' is not defined [-Wundefined-inline]
   58 |         inline Pos& operator*=(const Pos& other);
      |                     ^
C:\Users\Ryan\Desktop\Ryan\Rev\.clever\xpp\Rev.Element.Chart\Chart.cpp:40:24: note: used here
   40 |             scaledDiff *= { -1, 1 };
      |                        ^
In file included from C:\Users\Ryan\Desktop\Ryan\Rev\.clever\xpp\Rev.Element.Chart\Chart.cpp:2:
In file included from C:/Users/Ryan/Desktop/Ryan/Rev/Rev/src/Elements/Display/Chart.ixx:12:
C:/Users/Ryan/Desktop/Ryan/Rev/Rev/src/Core/Geometry/Pos.ixx:64:20: warning: inline function 'Rev::Core::Pos::operator*' is not defined [-Wundefined-inline]
   64 |         inline Pos operator*(float scalar) const;
      |                    ^
C:\Users\Ryan\Desktop\Ryan\Rev\.clever\xpp\Rev.Element.Chart\Chart.cpp:70:33: note: used here
   70 |             Pos shiftBy = scale * wheelSensitivity * e.mouse.wheel;
      |                                 ^
In file included from C:\Users\Ryan\Desktop\Ryan\Rev\.clever\xpp\Rev.Element.Chart\Chart.cpp:2:
In file included from C:/Users/Ryan/Desktop/Ryan/Rev/Rev/src/Elements/Display/Chart.ixx:12:
C:/Users/Ryan/Desktop/Ryan/Rev/Rev/src/Core/Geometry/Pos.ixx:103:20: warning: inline function 'Rev::Core::Pos::swapAxis' is not defined [-Wundefined-inline]
  103 |         inline Pos swapAxis();
      |                    ^
C:\Users\Ryan\Desktop\Ryan\Rev\.clever\xpp\Rev.Element.Chart\Chart.cpp:73:35: note: used here
   73 |                 shiftBy = shiftBy.swapAxis();
      |                                   ^
11 warnings generated.

  CXX  [ 40/72] Rev/Actor3d.ixx
In file included from C:\Users\Ryan\Desktop\Ryan\Rev\.clever\xpp\Rev.Element.View3d.Actor3d\Actor3d.cpp:2:
In file included from C:/Users/Ryan/Desktop/Ryan/Rev/Rev/src/Elements/Display/View3D/Actor3d.ixx:12:
In file included from C:/Users/Ryan/Desktop/Ryan/Rev/Rev/src/Graphics/Primitives/Mesh3d/Mesh3d.ixx:14:
In file included from C:/Users/Ryan/Desktop/Ryan/Rev/Rev/src/Graphics/Primitives/Primitive.ixx:5:
In file included from C:/Users/Ryan/Desktop/Ryan/Rev/Rev/src/Graphics/OpenGL/Canvas.OpenGL.ixx:12:
In file included from C:/Users/Ryan/Desktop/Ryan/Rev/Rev/src/Native/Windows/NativeWindow.win.ixx:31:
C:/Users/Ryan/Desktop/Ryan/Rev/Rev/src/Element/Style/Style.ixx:35:30: warning: identifier '_sec' preceded by whitespace in a literal operator declaration is deprecated [-Wdeprecated-literal-operator]
   35 |     constexpr int operator"" _sec(long double value) { return static_cast<int>(value * 1000.0); }
      |                   ~~~~~~~~~~~^~~~
      |                   operator""_sec
C:/Users/Ryan/Desktop/Ryan/Rev/Rev/src/Element/Style/Style.ixx:36:30: warning: identifier '_sec' preceded by whitespace in a literal operator declaration is deprecated [-Wdeprecated-literal-operator]
   36 |     constexpr int operator"" _sec(unsigned long long value) { return static_cast<int>(value * 1000.0); }
      |                   ~~~~~~~~~~~^~~~
      |                   operator""_sec
C:/Users/Ryan/Desktop/Ryan/Rev/Rev/src/Element/Style/Style.ixx:37:30: warning: identifier '_ms' preceded by whitespace in a literal operator declaration is deprecated [-Wdeprecated-literal-operator]
   37 |     constexpr int operator"" _ms(unsigned long long value) { return static_cast<int>(value); }
      |                   ~~~~~~~~~~~^~~
      |                   operator""_ms
C:/Users/Ryan/Desktop/Ryan/Rev/Rev/src/Element/Style/Style.ixx:83:31: warning: identifier '_px' preceded by whitespace in a literal operator declaration is deprecated [-Wdeprecated-literal-operator]
   83 |     constexpr Dist operator"" _px(unsigned long long value) { return { Dist::Type::Abs, static_cast<float>(value) }; }
      |                    ~~~~~~~~~~~^~~
      |                    operator""_px
C:/Users/Ryan/Desktop/Ryan/Rev/Rev/src/Element/Style/Style.ixx:84:31: warning: identifier '_pct' preceded by whitespace in a literal operator declaration is deprecated [-Wdeprecated-literal-operator]
   84 |     constexpr Dist operator"" _pct(unsigned long long value) { return { Dist::Type::Rel, static_cast<float>(value) / 100.0f }; }
      |                    ~~~~~~~~~~~^~~~
      |                    operator""_pct
C:/Users/Ryan/Desktop/Ryan/Rev/Rev/src/Element/Style/Style.ixx:85:31: warning: identifier '_grow' preceded by whitespace in a literal operator declaration is deprecated [-Wdeprecated-literal-operator]
   85 |     constexpr Dist operator"" _grow(unsigned long long value) { return { Dist::Type::Grow, static_cast<float>(value) / 100.0f }; }
      |                    ~~~~~~~~~~~^~~~~
      |                    operator""_grow
C:/Users/Ryan/Desktop/Ryan/Rev/Rev/src/Element/Style/Style.ixx:86:31: warning: identifier '_shrink' preceded by whitespace in a literal operator declaration is deprecated [-Wdeprecated-literal-operator]
   86 |     constexpr Dist operator"" _shrink(unsigned long long value) { return { Dist::Type::Grow, static_cast<float>(value) / 100.0f }; }
      |                    ~~~~~~~~~~~^~~~~~~
      |                    operator""_shrink
In file included from C:\Users\Ryan\Desktop\Ryan\Rev\.clever\xpp\Rev.Element.View3d.Actor3d\Actor3d.cpp:2:
In file included from C:/Users/Ryan/Desktop/Ryan/Rev/Rev/src/Elements/Display/View3D/Actor3d.ixx:9:
C:/Users/Ryan/Desktop/Ryan/Rev/Rev/src/Core/Geometry/D3/Pos3.ixx:55:21: warning: inline function 'Rev::Core::Pos3::operator-' is not defined [-Wundefined-inline]
   55 |         inline Pos3 operator-(const Pos3& other) const;
      |                     ^
C:\Users\Ryan\Desktop\Ryan\Rev\.clever\xpp\Rev.Element.View3d.Actor3d\Actor3d.cpp:45:34: note: used here
   45 |             Core::Pos3 edge1 = b - a;
      |                                  ^
In file included from C:\Users\Ryan\Desktop\Ryan\Rev\.clever\xpp\Rev.Element.View3d.Actor3d\Actor3d.cpp:2:
In file included from C:/Users/Ryan/Desktop/Ryan/Rev/Rev/src/Elements/Display/View3D/Actor3d.ixx:9:
C:/Users/Ryan/Desktop/Ryan/Rev/Rev/src/Core/Geometry/D3/Pos3.ixx:91:21: warning: inline function 'Rev::Core::Pos3::cross' is not defined [-Wundefined-inline]
   91 |         inline Pos3 cross(const Pos3& other) const;
      |                     ^
C:\Users\Ryan\Desktop\Ryan\Rev\.clever\xpp\Rev.Element.View3d.Actor3d\Actor3d.cpp:48:42: note: used here
   48 |             Core::Pos3 h = ray.direction.cross(edge2);
      |                                          ^
In file included from C:\Users\Ryan\Desktop\Ryan\Rev\.clever\xpp\Rev.Element.View3d.Actor3d\Actor3d.cpp:2:
In file included from C:/Users/Ryan/Desktop/Ryan/Rev/Rev/src/Elements/Display/View3D/Actor3d.ixx:9:
C:/Users/Ryan/Desktop/Ryan/Rev/Rev/src/Core/Geometry/D3/Pos3.ixx:88:22: warning: inline function 'Rev::Core::Pos3::dot' is not defined [-Wundefined-inline]
   88 |         inline float dot(const Pos3& other) const;
      |                      ^
C:\Users\Ryan\Desktop\Ryan\Rev\.clever\xpp\Rev.Element.View3d.Actor3d\Actor3d.cpp:49:31: note: used here
   49 |             float det = edge1.dot(h);
      |                               ^
In file included from C:\Users\Ryan\Desktop\Ryan\Rev\.clever\xpp\Rev.Element.View3d.Actor3d\Actor3d.cpp:2:
In file included from C:/Users/Ryan/Desktop/Ryan/Rev/Rev/src/Elements/Display/View3D/Actor3d.ixx:9:
C:/Users/Ryan/Desktop/Ryan/Rev/Rev/src/Core/Geometry/D3/Pos3.ixx:68:21: warning: inline function 'Rev::Core::Pos3::operator*' is not defined [-Wundefined-inline]
   68 |         inline Pos3 operator*(float scalar) const;
      |                     ^
C:\Users\Ryan\Desktop\Ryan\Rev\.clever\xpp\Rev.Element.View3d.Actor3d\Actor3d.cpp:86:66: note: used here
   86 |                     outHit.point    = ray.origin + ray.direction * t;
      |                                                                  ^
In file included from C:\Users\Ryan\Desktop\Ryan\Rev\.clever\xpp\Rev.Element.View3d.Actor3d\Actor3d.cpp:2:
In file included from C:/Users/Ryan/Desktop/Ryan/Rev/Rev/src/Elements/Display/View3D/Actor3d.ixx:9:
C:/Users/Ryan/Desktop/Ryan/Rev/Rev/src/Core/Geometry/D3/Pos3.ixx:54:21: warning: inline function 'Rev::Core::Pos3::operator+' is not defined [-Wundefined-inline]
   54 |         inline Pos3 operator+(const Pos3& other) const;
      |                     ^
C:\Users\Ryan\Desktop\Ryan\Rev\.clever\xpp\Rev.Element.View3d.Actor3d\Actor3d.cpp:86:50: note: used here
   86 |                     outHit.point    = ray.origin + ray.direction * t;
      |                                                  ^
12 warnings generated.

  CXX  [ 41/72] Rev/Camera3d.ixx
In file included from C:\Users\Ryan\Desktop\Ryan\Rev\.clever\xpp\Rev.Element.View3d.Camera3d\Camera3d.cpp:2:
In file included from C:/Users/Ryan/Desktop/Ryan/Rev/Rev/src/Elements/Display/View3D/Camera3d.ixx:18:
In file included from C:/Users/Ryan/Desktop/Ryan/Rev/Rev/src/Element/Event/Event.ixx:9:
In file included from C:/Users/Ryan/Desktop/Ryan/Rev/Rev/src/Graphics/OpenGL/Canvas.OpenGL.ixx:12:
In file included from C:/Users/Ryan/Desktop/Ryan/Rev/Rev/src/Native/Windows/NativeWindow.win.ixx:31:
C:/Users/Ryan/Desktop/Ryan/Rev/Rev/src/Element/Style/Style.ixx:35:30: warning: identifier '_sec' preceded by whitespace in a literal operator declaration is deprecated [-Wdeprecated-literal-operator]
   35 |     constexpr int operator"" _sec(long double value) { return static_cast<int>(value * 1000.0); }
      |                   ~~~~~~~~~~~^~~~
      |                   operator""_sec
C:/Users/Ryan/Desktop/Ryan/Rev/Rev/src/Element/Style/Style.ixx:36:30: warning: identifier '_sec' preceded by whitespace in a literal operator declaration is deprecated [-Wdeprecated-literal-operator]
   36 |     constexpr int operator"" _sec(unsigned long long value) { return static_cast<int>(value * 1000.0); }
      |                   ~~~~~~~~~~~^~~~
      |                   operator""_sec
C:/Users/Ryan/Desktop/Ryan/Rev/Rev/src/Element/Style/Style.ixx:37:30: warning: identifier '_ms' preceded by whitespace in a literal operator declaration is deprecated [-Wdeprecated-literal-operator]
   37 |     constexpr int operator"" _ms(unsigned long long value) { return static_cast<int>(value); }
      |                   ~~~~~~~~~~~^~~
      |                   operator""_ms
C:/Users/Ryan/Desktop/Ryan/Rev/Rev/src/Element/Style/Style.ixx:83:31: warning: identifier '_px' preceded by whitespace in a literal operator declaration is deprecated [-Wdeprecated-literal-operator]
   83 |     constexpr Dist operator"" _px(unsigned long long value) { return { Dist::Type::Abs, static_cast<float>(value) }; }
      |                    ~~~~~~~~~~~^~~
      |                    operator""_px
C:/Users/Ryan/Desktop/Ryan/Rev/Rev/src/Element/Style/Style.ixx:84:31: warning: identifier '_pct' preceded by whitespace in a literal operator declaration is deprecated [-Wdeprecated-literal-operator]
   84 |     constexpr Dist operator"" _pct(unsigned long long value) { return { Dist::Type::Rel, static_cast<float>(value) / 100.0f }; }
      |                    ~~~~~~~~~~~^~~~
      |                    operator""_pct
C:/Users/Ryan/Desktop/Ryan/Rev/Rev/src/Element/Style/Style.ixx:85:31: warning: identifier '_grow' preceded by whitespace in a literal operator declaration is deprecated [-Wdeprecated-literal-operator]
   85 |     constexpr Dist operator"" _grow(unsigned long long value) { return { Dist::Type::Grow, static_cast<float>(value) / 100.0f }; }
      |                    ~~~~~~~~~~~^~~~~
      |                    operator""_grow
C:/Users/Ryan/Desktop/Ryan/Rev/Rev/src/Element/Style/Style.ixx:86:31: warning: identifier '_shrink' preceded by whitespace in a literal operator declaration is deprecated [-Wdeprecated-literal-operator]
   86 |     constexpr Dist operator"" _shrink(unsigned long long value) { return { Dist::Type::Grow, static_cast<float>(value) / 100.0f }; }
      |                    ~~~~~~~~~~~^~~~~~~
      |                    operator""_shrink
In file included from C:\Users\Ryan\Desktop\Ryan\Rev\.clever\xpp\Rev.Element.View3d.Camera3d\Camera3d.cpp:2:
In file included from C:/Users/Ryan/Desktop/Ryan/Rev/Rev/src/Elements/Display/View3D/Camera3d.ixx:17:
C:/Users/Ryan/Desktop/Ryan/Rev/Rev/src/Core/Geometry/D3/Pos3.ixx:95:21: warning: inline function 'Rev::Core::Pos3::normalized' is not defined [-Wundefined-inline]
   95 |         inline Pos3 normalized() const;
      |                     ^
C:\Users\Ryan\Desktop\Ryan\Rev\.clever\xpp\Rev.Element.View3d.Camera3d\Camera3d.cpp:34:31: note: used here
   34 |             forward = forward.normalized();
      |                               ^
In file included from C:\Users\Ryan\Desktop\Ryan\Rev\.clever\xpp\Rev.Element.View3d.Camera3d\Camera3d.cpp:2:
In file included from C:/Users/Ryan/Desktop/Ryan/Rev/Rev/src/Elements/Display/View3D/Camera3d.ixx:17:
C:/Users/Ryan/Desktop/Ryan/Rev/Rev/src/Core/Geometry/D3/Pos3.ixx:91:21: warning: inline function 'Rev::Core::Pos3::cross' is not defined [-Wundefined-inline]
   91 |         inline Pos3 cross(const Pos3& other) const;
      |                     ^
C:\Users\Ryan\Desktop\Ryan\Rev\.clever\xpp\Rev.Element.View3d.Camera3d\Camera3d.cpp:36:40: note: used here
   36 |             Core::Pos3 right = forward.cross(upHint);
      |                                        ^
In file included from C:\Users\Ryan\Desktop\Ryan\Rev\.clever\xpp\Rev.Element.View3d.Camera3d\Camera3d.cpp:2:
In file included from C:/Users/Ryan/Desktop/Ryan/Rev/Rev/src/Elements/Display/View3D/Camera3d.ixx:17:
C:/Users/Ryan/Desktop/Ryan/Rev/Rev/src/Core/Geometry/D3/Pos3.ixx:81:22: warning: inline function 'Rev::Core::Pos3::pythag' is not defined [-Wundefined-inline]
   81 |         inline float pythag() const;
      |                      ^
C:\Users\Ryan\Desktop\Ryan\Rev\.clever\xpp\Rev.Element.View3d.Camera3d\Camera3d.cpp:38:23: note: used here
   38 |             if (right.pythag() < 1e-6f) {
      |                       ^
In file included from C:\Users\Ryan\Desktop\Ryan\Rev\.clever\xpp\Rev.Element.View3d.Camera3d\Camera3d.cpp:2:
In file included from C:/Users/Ryan/Desktop/Ryan/Rev/Rev/src/Elements/Display/View3D/Camera3d.ixx:17:
C:/Users/Ryan/Desktop/Ryan/Rev/Rev/src/Core/Geometry/D3/Pos3.ixx:68:21: warning: inline function 'Rev::Core::Pos3::operator*' is not defined [-Wundefined-inline]
   68 |         inline Pos3 operator*(float scalar) const;
      |                     ^
C:\Users\Ryan\Desktop\Ryan\Rev\.clever\xpp\Rev.Element.View3d.Camera3d\Camera3d.cpp:49:31: note: used here
   49 |                 toGlm(forward * -1.0f)
      |                               ^
In file included from C:\Users\Ryan\Desktop\Ryan\Rev\.clever\xpp\Rev.Element.View3d.Camera3d\Camera3d.cpp:2:
In file included from C:/Users/Ryan/Desktop/Ryan/Rev/Rev/src/Elements/Display/View3D/Camera3d.ixx:17:
C:/Users/Ryan/Desktop/Ryan/Rev/Rev/src/Core/Geometry/D3/Pos3.ixx:54:21: warning: inline function 'Rev::Core::Pos3::operator+' is not defined [-Wundefined-inline]
   54 |         inline Pos3 operator+(const Pos3& other) const;
      |                     ^
C:\Users\Ryan\Desktop\Ryan\Rev\.clever\xpp\Rev.Element.View3d.Camera3d\Camera3d.cpp:77:38: note: used here
   77 |             Core::Pos3 center = (min + max) * 0.5f;
      |                                      ^
In file included from C:\Users\Ryan\Desktop\Ryan\Rev\.clever\xpp\Rev.Element.View3d.Camera3d\Camera3d.cpp:2:
In file included from C:/Users/Ryan/Desktop/Ryan/Rev/Rev/src/Elements/Display/View3D/Camera3d.ixx:17:
C:/Users/Ryan/Desktop/Ryan/Rev/Rev/src/Core/Geometry/D3/Pos3.ixx:55:21: warning: inline function 'Rev::Core::Pos3::operator-' is not defined [-Wundefined-inline]
   55 |         inline Pos3 operator-(const Pos3& other) const;
      |                     ^
C:\Users\Ryan\Desktop\Ryan\Rev\.clever\xpp\Rev.Element.View3d.Camera3d\Camera3d.cpp:107:39: note: used here
  107 |                 Core::Pos3 d = corner - center;
      |                                       ^
In file included from C:\Users\Ryan\Desktop\Ryan\Rev\.clever\xpp\Rev.Element.View3d.Camera3d\Camera3d.cpp:2:
In file included from C:/Users/Ryan/Desktop/Ryan/Rev/Rev/src/Elements/Display/View3D/Camera3d.ixx:17:
C:/Users/Ryan/Desktop/Ryan/Rev/Rev/src/Core/Geometry/D3/Pos3.ixx:88:22: warning: inline function 'Rev::Core::Pos3::dot' is not defined [-Wundefined-inline]
   88 |         inline float dot(const Pos3& other) const;
      |                      ^
C:\Users\Ryan\Desktop\Ryan\Rev\.clever\xpp\Rev.Element.View3d.Camera3d\Camera3d.cpp:109:29: note: used here
  109 |                 float x = d.dot(right);
      |                             ^
In file included from C:\Users\Ryan\Desktop\Ryan\Rev\.clever\xpp\Rev.Element.View3d.Camera3d\Camera3d.cpp:2:
In file included from C:/Users/Ryan/Desktop/Ryan/Rev/Rev/src/Elements/Display/View3D/Camera3d.ixx:17:
C:/Users/Ryan/Desktop/Ryan/Rev/Rev/src/Core/Geometry/D3/Pos3.ixx:60:22: warning: inline function 'Rev::Core::Pos3::operator+=' is not defined [-Wundefined-inline]
   60 |         inline Pos3& operator+=(const Pos3& other);
      |                      ^
C:\Users\Ryan\Desktop\Ryan\Rev\.clever\xpp\Rev.Element.View3d.Camera3d\Camera3d.cpp:570:28: note: used here
  570 |                 targetGoal += before - after;
      |                            ^
In file included from C:\Users\Ryan\Desktop\Ryan\Rev\.clever\xpp\Rev.Element.View3d.Camera3d\Camera3d.cpp:2:
In file included from C:/Users/Ryan/Desktop/Ryan/Rev/Rev/src/Elements/Display/View3D/Camera3d.ixx:16:
C:/Users/Ryan/Desktop/Ryan/Rev/Rev/src/Core/Geometry/Pos.ixx:51:20: warning: inline function 'Rev::Core::Pos::operator-' is not defined [-Wundefined-inline]
   51 |         inline Pos operator-(const Pos& other) const;
      |                    ^
C:\Users\Ryan\Desktop\Ryan\Rev\.clever\xpp\Rev.Element.View3d.Camera3d\Camera3d.cpp:687:42: note: used here
  687 |             Core::Pos step = e.mouse.pos - orbitLastMouse;
      |                                          ^
In file included from C:\Users\Ryan\Desktop\Ryan\Rev\.clever\xpp\Rev.Element.View3d.Camera3d\Camera3d.cpp:2:
In file included from C:/Users/Ryan/Desktop/Ryan/Rev/Rev/src/Elements/Display/View3D/Camera3d.ixx:17:
C:/Users/Ryan/Desktop/Ryan/Rev/Rev/src/Core/Geometry/D3/Pos3.ixx:128:17: warning: inline function 'Rev::Core::operator*' is not defined [-Wundefined-inline]
  128 |     inline Pos3 operator*(float scalar, const Pos3& pos);
      |                 ^
C:\Users\Ryan\Desktop\Ryan\Rev\.clever\xpp\Rev.Element.View3d.Camera3d\Camera3d.cpp:735:55: note: used here
  735 |                 const Core::Pos3 lookForward = (-1.0f *orbitEyeOffset).normalized();
      |                                                       ^
17 warnings generated.

  CXX  [ 42/72] Rev/View3D.ixx
In file included from C:\Users\Ryan\Desktop\Ryan\Rev\.clever\xpp\Rev.Element.View3d\View3D.cpp:2:
In file included from C:/Users/Ryan/Desktop/Ryan/Rev/Rev/src/Elements/Display/View3D/View3D.ixx:18:
In file included from C:/Users/Ryan/Desktop/Ryan/Rev/Rev/src/Element/Element.ixx:15:
In file included from C:/Users/Ryan/Desktop/Ryan/Rev/Rev/src/Graphics/OpenGL/Canvas.OpenGL.ixx:12:
In file included from C:/Users/Ryan/Desktop/Ryan/Rev/Rev/src/Native/Windows/NativeWindow.win.ixx:31:
C:/Users/Ryan/Desktop/Ryan/Rev/Rev/src/Element/Style/Style.ixx:35:30: warning: identifier '_sec' preceded by whitespace in a literal operator declaration is deprecated [-Wdeprecated-literal-operator]
   35 |     constexpr int operator"" _sec(long double value) { return static_cast<int>(value * 1000.0); }
      |                   ~~~~~~~~~~~^~~~
      |                   operator""_sec
C:/Users/Ryan/Desktop/Ryan/Rev/Rev/src/Element/Style/Style.ixx:36:30: warning: identifier '_sec' preceded by whitespace in a literal operator declaration is deprecated [-Wdeprecated-literal-operator]
   36 |     constexpr int operator"" _sec(unsigned long long value) { return static_cast<int>(value * 1000.0); }
      |                   ~~~~~~~~~~~^~~~
      |                   operator""_sec
C:/Users/Ryan/Desktop/Ryan/Rev/Rev/src/Element/Style/Style.ixx:37:30: warning: identifier '_ms' preceded by whitespace in a literal operator declaration is deprecated [-Wdeprecated-literal-operator]
   37 |     constexpr int operator"" _ms(unsigned long long value) { return static_cast<int>(value); }
      |                   ~~~~~~~~~~~^~~
      |                   operator""_ms
C:/Users/Ryan/Desktop/Ryan/Rev/Rev/src/Element/Style/Style.ixx:83:31: warning: identifier '_px' preceded by whitespace in a literal operator declaration is deprecated [-Wdeprecated-literal-operator]
   83 |     constexpr Dist operator"" _px(unsigned long long value) { return { Dist::Type::Abs, static_cast<float>(value) }; }
      |                    ~~~~~~~~~~~^~~
      |                    operator""_px
C:/Users/Ryan/Desktop/Ryan/Rev/Rev/src/Element/Style/Style.ixx:84:31: warning: identifier '_pct' preceded by whitespace in a literal operator declaration is deprecated [-Wdeprecated-literal-operator]
   84 |     constexpr Dist operator"" _pct(unsigned long long value) { return { Dist::Type::Rel, static_cast<float>(value) / 100.0f }; }
      |                    ~~~~~~~~~~~^~~~
      |                    operator""_pct
C:/Users/Ryan/Desktop/Ryan/Rev/Rev/src/Element/Style/Style.ixx:85:31: warning: identifier '_grow' preceded by whitespace in a literal operator declaration is deprecated [-Wdeprecated-literal-operator]
   85 |     constexpr Dist operator"" _grow(unsigned long long value) { return { Dist::Type::Grow, static_cast<float>(value) / 100.0f }; }
      |                    ~~~~~~~~~~~^~~~~
      |                    operator""_grow
C:/Users/Ryan/Desktop/Ryan/Rev/Rev/src/Element/Style/Style.ixx:86:31: warning: identifier '_shrink' preceded by whitespace in a literal operator declaration is deprecated [-Wdeprecated-literal-operator]
   86 |     constexpr Dist operator"" _shrink(unsigned long long value) { return { Dist::Type::Grow, static_cast<float>(value) / 100.0f }; }
      |                    ~~~~~~~~~~~^~~~~~~
      |                    operator""_shrink
7 warnings generated.

  CXX  [ 43/72] Rev/Svg.ixx
In file included from C:\Users\Ryan\Desktop\Ryan\Rev\.clever\xpp\Rev.Element.Svg\Svg.cpp:2:
In file included from C:/Users/Ryan/Desktop/Ryan/Rev/Rev/src/Elements/Svg.ixx:13:
In file included from C:/Users/Ryan/Desktop/Ryan/Rev/Rev/src/Element/Element.ixx:15:
In file included from C:/Users/Ryan/Desktop/Ryan/Rev/Rev/src/Graphics/OpenGL/Canvas.OpenGL.ixx:12:
In file included from C:/Users/Ryan/Desktop/Ryan/Rev/Rev/src/Native/Windows/NativeWindow.win.ixx:31:
C:/Users/Ryan/Desktop/Ryan/Rev/Rev/src/Element/Style/Style.ixx:35:30: warning: identifier '_sec' preceded by whitespace in a literal operator declaration is deprecated [-Wdeprecated-literal-operator]
   35 |     constexpr int operator"" _sec(long double value) { return static_cast<int>(value * 1000.0); }
      |                   ~~~~~~~~~~~^~~~
      |                   operator""_sec
C:/Users/Ryan/Desktop/Ryan/Rev/Rev/src/Element/Style/Style.ixx:36:30: warning: identifier '_sec' preceded by whitespace in a literal operator declaration is deprecated [-Wdeprecated-literal-operator]
   36 |     constexpr int operator"" _sec(unsigned long long value) { return static_cast<int>(value * 1000.0); }
      |                   ~~~~~~~~~~~^~~~
      |                   operator""_sec
C:/Users/Ryan/Desktop/Ryan/Rev/Rev/src/Element/Style/Style.ixx:37:30: warning: identifier '_ms' preceded by whitespace in a literal operator declaration is deprecated [-Wdeprecated-literal-operator]
   37 |     constexpr int operator"" _ms(unsigned long long value) { return static_cast<int>(value); }
      |                   ~~~~~~~~~~~^~~
      |                   operator""_ms
C:/Users/Ryan/Desktop/Ryan/Rev/Rev/src/Element/Style/Style.ixx:83:31: warning: identifier '_px' preceded by whitespace in a literal operator declaration is deprecated [-Wdeprecated-literal-operator]
   83 |     constexpr Dist operator"" _px(unsigned long long value) { return { Dist::Type::Abs, static_cast<float>(value) }; }
      |                    ~~~~~~~~~~~^~~
      |                    operator""_px
C:/Users/Ryan/Desktop/Ryan/Rev/Rev/src/Element/Style/Style.ixx:84:31: warning: identifier '_pct' preceded by whitespace in a literal operator declaration is deprecated [-Wdeprecated-literal-operator]
   84 |     constexpr Dist operator"" _pct(unsigned long long value) { return { Dist::Type::Rel, static_cast<float>(value) / 100.0f }; }
      |                    ~~~~~~~~~~~^~~~
      |                    operator""_pct
C:/Users/Ryan/Desktop/Ryan/Rev/Rev/src/Element/Style/Style.ixx:85:31: warning: identifier '_grow' preceded by whitespace in a literal operator declaration is deprecated [-Wdeprecated-literal-operator]
   85 |     constexpr Dist operator"" _grow(unsigned long long value) { return { Dist::Type::Grow, static_cast<float>(value) / 100.0f }; }
      |                    ~~~~~~~~~~~^~~~~
      |                    operator""_grow
C:/Users/Ryan/Desktop/Ryan/Rev/Rev/src/Element/Style/Style.ixx:86:31: warning: identifier '_shrink' preceded by whitespace in a literal operator declaration is deprecated [-Wdeprecated-literal-operator]
   86 |     constexpr Dist operator"" _shrink(unsigned long long value) { return { Dist::Type::Grow, static_cast<float>(value) / 100.0f }; }
      |                    ~~~~~~~~~~~^~~~~~~
      |                    operator""_shrink
7 warnings generated.

  CXX  [ 44/72] Rev/Text.ixx
In file included from C:\Users\Ryan\Desktop\Ryan\Rev\.clever\xpp\Rev.Element.Text\Text.cpp:2:
In file included from C:/Users/Ryan/Desktop/Ryan/Rev/Rev/src/Elements/Text.ixx:15:
C:/Users/Ryan/Desktop/Ryan/Rev/Rev/src/Element/Style/Style.ixx:35:30: warning: identifier '_sec' preceded by whitespace in a literal operator declaration is deprecated [-Wdeprecated-literal-operator]
   35 |     constexpr int operator"" _sec(long double value) { return static_cast<int>(value * 1000.0); }
      |                   ~~~~~~~~~~~^~~~
      |                   operator""_sec
C:/Users/Ryan/Desktop/Ryan/Rev/Rev/src/Element/Style/Style.ixx:36:30: warning: identifier '_sec' preceded by whitespace in a literal operator declaration is deprecated [-Wdeprecated-literal-operator]
   36 |     constexpr int operator"" _sec(unsigned long long value) { return static_cast<int>(value * 1000.0); }
      |                   ~~~~~~~~~~~^~~~
      |                   operator""_sec
C:/Users/Ryan/Desktop/Ryan/Rev/Rev/src/Element/Style/Style.ixx:37:30: warning: identifier '_ms' preceded by whitespace in a literal operator declaration is deprecated [-Wdeprecated-literal-operator]
   37 |     constexpr int operator"" _ms(unsigned long long value) { return static_cast<int>(value); }
      |                   ~~~~~~~~~~~^~~
      |                   operator""_ms
C:/Users/Ryan/Desktop/Ryan/Rev/Rev/src/Element/Style/Style.ixx:83:31: warning: identifier '_px' preceded by whitespace in a literal operator declaration is deprecated [-Wdeprecated-literal-operator]
   83 |     constexpr Dist operator"" _px(unsigned long long value) { return { Dist::Type::Abs, static_cast<float>(value) }; }
      |                    ~~~~~~~~~~~^~~
      |                    operator""_px
C:/Users/Ryan/Desktop/Ryan/Rev/Rev/src/Element/Style/Style.ixx:84:31: warning: identifier '_pct' preceded by whitespace in a literal operator declaration is deprecated [-Wdeprecated-literal-operator]
   84 |     constexpr Dist operator"" _pct(unsigned long long value) { return { Dist::Type::Rel, static_cast<float>(value) / 100.0f }; }
      |                    ~~~~~~~~~~~^~~~
      |                    operator""_pct
C:/Users/Ryan/Desktop/Ryan/Rev/Rev/src/Element/Style/Style.ixx:85:31: warning: identifier '_grow' preceded by whitespace in a literal operator declaration is deprecated [-Wdeprecated-literal-operator]
   85 |     constexpr Dist operator"" _grow(unsigned long long value) { return { Dist::Type::Grow, static_cast<float>(value) / 100.0f }; }
      |                    ~~~~~~~~~~~^~~~~
      |                    operator""_grow
C:/Users/Ryan/Desktop/Ryan/Rev/Rev/src/Element/Style/Style.ixx:86:31: warning: identifier '_shrink' preceded by whitespace in a literal operator declaration is deprecated [-Wdeprecated-literal-operator]
   86 |     constexpr Dist operator"" _shrink(unsigned long long value) { return { Dist::Type::Grow, static_cast<float>(value) / 100.0f }; }
      |                    ~~~~~~~~~~~^~~~~~~
      |                    operator""_shrink
7 warnings generated.

  CXX  [ 45/72] Rev/GlobalTime.ixx
  CXX  [ 46/72] Rev/Canvas.OpenGL.ixx
In file included from C:\Users\Ryan\Desktop\Ryan\Rev\.clever\xpp\Rev.Graphics.Canvas\Canvas.OpenGL.cpp:2:
In file included from C:/Users/Ryan/Desktop/Ryan/Rev/Rev/src/Graphics/OpenGL/Canvas.OpenGL.ixx:12:
In file included from C:/Users/Ryan/Desktop/Ryan/Rev/Rev/src/Native/Windows/NativeWindow.win.ixx:31:
C:/Users/Ryan/Desktop/Ryan/Rev/Rev/src/Element/Style/Style.ixx:35:30: warning: identifier '_sec' preceded by whitespace in a literal operator declaration is deprecated [-Wdeprecated-literal-operator]
   35 |     constexpr int operator"" _sec(long double value) { return static_cast<int>(value * 1000.0); }
      |                   ~~~~~~~~~~~^~~~
      |                   operator""_sec
C:/Users/Ryan/Desktop/Ryan/Rev/Rev/src/Element/Style/Style.ixx:36:30: warning: identifier '_sec' preceded by whitespace in a literal operator declaration is deprecated [-Wdeprecated-literal-operator]
   36 |     constexpr int operator"" _sec(unsigned long long value) { return static_cast<int>(value * 1000.0); }
      |                   ~~~~~~~~~~~^~~~
      |                   operator""_sec
C:/Users/Ryan/Desktop/Ryan/Rev/Rev/src/Element/Style/Style.ixx:37:30: warning: identifier '_ms' preceded by whitespace in a literal operator declaration is deprecated [-Wdeprecated-literal-operator]
   37 |     constexpr int operator"" _ms(unsigned long long value) { return static_cast<int>(value); }
      |                   ~~~~~~~~~~~^~~
      |                   operator""_ms
C:/Users/Ryan/Desktop/Ryan/Rev/Rev/src/Element/Style/Style.ixx:83:31: warning: identifier '_px' preceded by whitespace in a literal operator declaration is deprecated [-Wdeprecated-literal-operator]
   83 |     constexpr Dist operator"" _px(unsigned long long value) { return { Dist::Type::Abs, static_cast<float>(value) }; }
      |                    ~~~~~~~~~~~^~~
      |                    operator""_px
C:/Users/Ryan/Desktop/Ryan/Rev/Rev/src/Element/Style/Style.ixx:84:31: warning: identifier '_pct' preceded by whitespace in a literal operator declaration is deprecated [-Wdeprecated-literal-operator]
   84 |     constexpr Dist operator"" _pct(unsigned long long value) { return { Dist::Type::Rel, static_cast<float>(value) / 100.0f }; }
      |                    ~~~~~~~~~~~^~~~
      |                    operator""_pct
C:/Users/Ryan/Desktop/Ryan/Rev/Rev/src/Element/Style/Style.ixx:85:31: warning: identifier '_grow' preceded by whitespace in a literal operator declaration is deprecated [-Wdeprecated-literal-operator]
   85 |     constexpr Dist operator"" _grow(unsigned long long value) { return { Dist::Type::Grow, static_cast<float>(value) / 100.0f }; }
      |                    ~~~~~~~~~~~^~~~~
      |                    operator""_grow
C:/Users/Ryan/Desktop/Ryan/Rev/Rev/src/Element/Style/Style.ixx:86:31: warning: identifier '_shrink' preceded by whitespace in a literal operator declaration is deprecated [-Wdeprecated-literal-operator]
   86 |     constexpr Dist operator"" _shrink(unsigned long long value) { return { Dist::Type::Grow, static_cast<float>(value) / 100.0f }; }
      |                    ~~~~~~~~~~~^~~~~~~
      |                    operator""_shrink
7 warnings generated.

  CXX  [ 47/72] Rev/CommandBuffer.OpenGL.ixx
  CXX  [ 48/72] Rev/FrameBuffer.OpenGL.ixx
In file included from C:\Users\Ryan\Desktop\Ryan\Rev\.clever\xpp\Rev.Graphics.FrameBuffer\FrameBuffer.OpenGL.cpp:2:
In file included from C:/Users/Ryan/Desktop/Ryan/Rev/Rev/src/Graphics/OpenGL/FrameBuffer.OpenGL.ixx:10:
In file included from C:/Users/Ryan/Desktop/Ryan/Rev/Rev/src/Graphics/OpenGL/Texture.OpenGL.ixx:9:
In file included from C:/Users/Ryan/Desktop/Ryan/Rev/Rev/src/Native/Windows/NativeWindow.win.ixx:31:
C:/Users/Ryan/Desktop/Ryan/Rev/Rev/src/Element/Style/Style.ixx:35:30: warning: identifier '_sec' preceded by whitespace in a literal operator declaration is deprecated [-Wdeprecated-literal-operator]
   35 |     constexpr int operator"" _sec(long double value) { return static_cast<int>(value * 1000.0); }
      |                   ~~~~~~~~~~~^~~~
      |                   operator""_sec
C:/Users/Ryan/Desktop/Ryan/Rev/Rev/src/Element/Style/Style.ixx:36:30: warning: identifier '_sec' preceded by whitespace in a literal operator declaration is deprecated [-Wdeprecated-literal-operator]
   36 |     constexpr int operator"" _sec(unsigned long long value) { return static_cast<int>(value * 1000.0); }
      |                   ~~~~~~~~~~~^~~~
      |                   operator""_sec
C:/Users/Ryan/Desktop/Ryan/Rev/Rev/src/Element/Style/Style.ixx:37:30: warning: identifier '_ms' preceded by whitespace in a literal operator declaration is deprecated [-Wdeprecated-literal-operator]
   37 |     constexpr int operator"" _ms(unsigned long long value) { return static_cast<int>(value); }
      |                   ~~~~~~~~~~~^~~
      |                   operator""_ms
C:/Users/Ryan/Desktop/Ryan/Rev/Rev/src/Element/Style/Style.ixx:83:31: warning: identifier '_px' preceded by whitespace in a literal operator declaration is deprecated [-Wdeprecated-literal-operator]
   83 |     constexpr Dist operator"" _px(unsigned long long value) { return { Dist::Type::Abs, static_cast<float>(value) }; }
      |                    ~~~~~~~~~~~^~~
      |                    operator""_px
C:/Users/Ryan/Desktop/Ryan/Rev/Rev/src/Element/Style/Style.ixx:84:31: warning: identifier '_pct' preceded by whitespace in a literal operator declaration is deprecated [-Wdeprecated-literal-operator]
   84 |     constexpr Dist operator"" _pct(unsigned long long value) { return { Dist::Type::Rel, static_cast<float>(value) / 100.0f }; }
      |                    ~~~~~~~~~~~^~~~
      |                    operator""_pct
C:/Users/Ryan/Desktop/Ryan/Rev/Rev/src/Element/Style/Style.ixx:85:31: warning: identifier '_grow' preceded by whitespace in a literal operator declaration is deprecated [-Wdeprecated-literal-operator]
   85 |     constexpr Dist operator"" _grow(unsigned long long value) { return { Dist::Type::Grow, static_cast<float>(value) / 100.0f }; }
      |                    ~~~~~~~~~~~^~~~~
      |                    operator""_grow
C:/Users/Ryan/Desktop/Ryan/Rev/Rev/src/Element/Style/Style.ixx:86:31: warning: identifier '_shrink' preceded by whitespace in a literal operator declaration is deprecated [-Wdeprecated-literal-operator]
   86 |     constexpr Dist operator"" _shrink(unsigned long long value) { return { Dist::Type::Grow, static_cast<float>(value) / 100.0f }; }
      |                    ~~~~~~~~~~~^~~~~~~
      |                    operator""_shrink
7 warnings generated.

  CXX  [ 49/72] Rev/Pipeline.OpenGL.ixx
In file included from C:\Users\Ryan\Desktop\Ryan\Rev\.clever\xpp\Rev.Graphics.Pipeline\Pipeline.OpenGL.cpp:2:
In file included from C:/Users/Ryan/Desktop/Ryan/Rev/Rev/src/Graphics/OpenGL/Pipeline.OpenGL.ixx:14:
In file included from C:/Users/Ryan/Desktop/Ryan/Rev/Rev/src/Native/Windows/NativeWindow.win.ixx:31:
C:/Users/Ryan/Desktop/Ryan/Rev/Rev/src/Element/Style/Style.ixx:35:30: warning: identifier '_sec' preceded by whitespace in a literal operator declaration is deprecated [-Wdeprecated-literal-operator]
   35 |     constexpr int operator"" _sec(long double value) { return static_cast<int>(value * 1000.0); }
      |                   ~~~~~~~~~~~^~~~
      |                   operator""_sec
C:/Users/Ryan/Desktop/Ryan/Rev/Rev/src/Element/Style/Style.ixx:36:30: warning: identifier '_sec' preceded by whitespace in a literal operator declaration is deprecated [-Wdeprecated-literal-operator]
   36 |     constexpr int operator"" _sec(unsigned long long value) { return static_cast<int>(value * 1000.0); }
      |                   ~~~~~~~~~~~^~~~
      |                   operator""_sec
C:/Users/Ryan/Desktop/Ryan/Rev/Rev/src/Element/Style/Style.ixx:37:30: warning: identifier '_ms' preceded by whitespace in a literal operator declaration is deprecated [-Wdeprecated-literal-operator]
   37 |     constexpr int operator"" _ms(unsigned long long value) { return static_cast<int>(value); }
      |                   ~~~~~~~~~~~^~~
      |                   operator""_ms
C:/Users/Ryan/Desktop/Ryan/Rev/Rev/src/Element/Style/Style.ixx:83:31: warning: identifier '_px' preceded by whitespace in a literal operator declaration is deprecated [-Wdeprecated-literal-operator]
   83 |     constexpr Dist operator"" _px(unsigned long long value) { return { Dist::Type::Abs, static_cast<float>(value) }; }
      |                    ~~~~~~~~~~~^~~
      |                    operator""_px
C:/Users/Ryan/Desktop/Ryan/Rev/Rev/src/Element/Style/Style.ixx:84:31: warning: identifier '_pct' preceded by whitespace in a literal operator declaration is deprecated [-Wdeprecated-literal-operator]
   84 |     constexpr Dist operator"" _pct(unsigned long long value) { return { Dist::Type::Rel, static_cast<float>(value) / 100.0f }; }
      |                    ~~~~~~~~~~~^~~~
      |                    operator""_pct
C:/Users/Ryan/Desktop/Ryan/Rev/Rev/src/Element/Style/Style.ixx:85:31: warning: identifier '_grow' preceded by whitespace in a literal operator declaration is deprecated [-Wdeprecated-literal-operator]
   85 |     constexpr Dist operator"" _grow(unsigned long long value) { return { Dist::Type::Grow, static_cast<float>(value) / 100.0f }; }
      |                    ~~~~~~~~~~~^~~~~
      |                    operator""_grow
C:/Users/Ryan/Desktop/Ryan/Rev/Rev/src/Element/Style/Style.ixx:86:31: warning: identifier '_shrink' preceded by whitespace in a literal operator declaration is deprecated [-Wdeprecated-literal-operator]
   86 |     constexpr Dist operator"" _shrink(unsigned long long value) { return { Dist::Type::Grow, static_cast<float>(value) / 100.0f }; }
      |                    ~~~~~~~~~~~^~~~~~~
      |                    operator""_shrink
7 warnings generated.

  CXX  [ 50/72] Rev/Shader.OpenGL.ixx
  CXX  [ 51/72] Rev/Texture.OpenGL.ixx
In file included from C:\Users\Ryan\Desktop\Ryan\Rev\.clever\xpp\Rev.Graphics.Texture\Texture.OpenGL.cpp:2:
In file included from C:/Users/Ryan/Desktop/Ryan/Rev/Rev/src/Graphics/OpenGL/Texture.OpenGL.ixx:9:
In file included from C:/Users/Ryan/Desktop/Ryan/Rev/Rev/src/Native/Windows/NativeWindow.win.ixx:31:
C:/Users/Ryan/Desktop/Ryan/Rev/Rev/src/Element/Style/Style.ixx:35:30: warning: identifier '_sec' preceded by whitespace in a literal operator declaration is deprecated [-Wdeprecated-literal-operator]
   35 |     constexpr int operator"" _sec(long double value) { return static_cast<int>(value * 1000.0); }
      |                   ~~~~~~~~~~~^~~~
      |                   operator""_sec
C:/Users/Ryan/Desktop/Ryan/Rev/Rev/src/Element/Style/Style.ixx:36:30: warning: identifier '_sec' preceded by whitespace in a literal operator declaration is deprecated [-Wdeprecated-literal-operator]
   36 |     constexpr int operator"" _sec(unsigned long long value) { return static_cast<int>(value * 1000.0); }
      |                   ~~~~~~~~~~~^~~~
      |                   operator""_sec
C:/Users/Ryan/Desktop/Ryan/Rev/Rev/src/Element/Style/Style.ixx:37:30: warning: identifier '_ms' preceded by whitespace in a literal operator declaration is deprecated [-Wdeprecated-literal-operator]
   37 |     constexpr int operator"" _ms(unsigned long long value) { return static_cast<int>(value); }
      |                   ~~~~~~~~~~~^~~
      |                   operator""_ms
C:/Users/Ryan/Desktop/Ryan/Rev/Rev/src/Element/Style/Style.ixx:83:31: warning: identifier '_px' preceded by whitespace in a literal operator declaration is deprecated [-Wdeprecated-literal-operator]
   83 |     constexpr Dist operator"" _px(unsigned long long value) { return { Dist::Type::Abs, static_cast<float>(value) }; }
      |                    ~~~~~~~~~~~^~~
      |                    operator""_px
C:/Users/Ryan/Desktop/Ryan/Rev/Rev/src/Element/Style/Style.ixx:84:31: warning: identifier '_pct' preceded by whitespace in a literal operator declaration is deprecated [-Wdeprecated-literal-operator]
   84 |     constexpr Dist operator"" _pct(unsigned long long value) { return { Dist::Type::Rel, static_cast<float>(value) / 100.0f }; }
      |                    ~~~~~~~~~~~^~~~
      |                    operator""_pct
C:/Users/Ryan/Desktop/Ryan/Rev/Rev/src/Element/Style/Style.ixx:85:31: warning: identifier '_grow' preceded by whitespace in a literal operator declaration is deprecated [-Wdeprecated-literal-operator]
   85 |     constexpr Dist operator"" _grow(unsigned long long value) { return { Dist::Type::Grow, static_cast<float>(value) / 100.0f }; }
      |                    ~~~~~~~~~~~^~~~~
      |                    operator""_grow
C:/Users/Ryan/Desktop/Ryan/Rev/Rev/src/Element/Style/Style.ixx:86:31: warning: identifier '_shrink' preceded by whitespace in a literal operator declaration is deprecated [-Wdeprecated-literal-operator]
   86 |     constexpr Dist operator"" _shrink(unsigned long long value) { return { Dist::Type::Grow, static_cast<float>(value) / 100.0f }; }
      |                    ~~~~~~~~~~~^~~~~~~
      |                    operator""_shrink
7 warnings generated.

  CXX  [ 52/72] Rev/UniformBuffer.OpenGL.ixx
In file included from C:\Users\Ryan\Desktop\Ryan\Rev\.clever\xpp\Rev.Graphics.UniformBuffer\UniformBuffer.OpenGL.cpp:2:
In file included from C:/Users/Ryan/Desktop/Ryan/Rev/Rev/src/Graphics/OpenGL/UniformBuffer.OpenGL.ixx:11:
In file included from C:/Users/Ryan/Desktop/Ryan/Rev/Rev/src/Native/Windows/NativeWindow.win.ixx:31:
C:/Users/Ryan/Desktop/Ryan/Rev/Rev/src/Element/Style/Style.ixx:35:30: warning: identifier '_sec' preceded by whitespace in a literal operator declaration is deprecated [-Wdeprecated-literal-operator]
   35 |     constexpr int operator"" _sec(long double value) { return static_cast<int>(value * 1000.0); }
      |                   ~~~~~~~~~~~^~~~
      |                   operator""_sec
C:/Users/Ryan/Desktop/Ryan/Rev/Rev/src/Element/Style/Style.ixx:36:30: warning: identifier '_sec' preceded by whitespace in a literal operator declaration is deprecated [-Wdeprecated-literal-operator]
   36 |     constexpr int operator"" _sec(unsigned long long value) { return static_cast<int>(value * 1000.0); }
      |                   ~~~~~~~~~~~^~~~
      |                   operator""_sec
C:/Users/Ryan/Desktop/Ryan/Rev/Rev/src/Element/Style/Style.ixx:37:30: warning: identifier '_ms' preceded by whitespace in a literal operator declaration is deprecated [-Wdeprecated-literal-operator]
   37 |     constexpr int operator"" _ms(unsigned long long value) { return static_cast<int>(value); }
      |                   ~~~~~~~~~~~^~~
      |                   operator""_ms
C:/Users/Ryan/Desktop/Ryan/Rev/Rev/src/Element/Style/Style.ixx:83:31: warning: identifier '_px' preceded by whitespace in a literal operator declaration is deprecated [-Wdeprecated-literal-operator]
   83 |     constexpr Dist operator"" _px(unsigned long long value) { return { Dist::Type::Abs, static_cast<float>(value) }; }
      |                    ~~~~~~~~~~~^~~
      |                    operator""_px
C:/Users/Ryan/Desktop/Ryan/Rev/Rev/src/Element/Style/Style.ixx:84:31: warning: identifier '_pct' preceded by whitespace in a literal operator declaration is deprecated [-Wdeprecated-literal-operator]
   84 |     constexpr Dist operator"" _pct(unsigned long long value) { return { Dist::Type::Rel, static_cast<float>(value) / 100.0f }; }
      |                    ~~~~~~~~~~~^~~~
      |                    operator""_pct
C:/Users/Ryan/Desktop/Ryan/Rev/Rev/src/Element/Style/Style.ixx:85:31: warning: identifier '_grow' preceded by whitespace in a literal operator declaration is deprecated [-Wdeprecated-literal-operator]
   85 |     constexpr Dist operator"" _grow(unsigned long long value) { return { Dist::Type::Grow, static_cast<float>(value) / 100.0f }; }
      |                    ~~~~~~~~~~~^~~~~
      |                    operator""_grow
C:/Users/Ryan/Desktop/Ryan/Rev/Rev/src/Element/Style/Style.ixx:86:31: warning: identifier '_shrink' preceded by whitespace in a literal operator declaration is deprecated [-Wdeprecated-literal-operator]
   86 |     constexpr Dist operator"" _shrink(unsigned long long value) { return { Dist::Type::Grow, static_cast<float>(value) / 100.0f }; }
      |                    ~~~~~~~~~~~^~~~~~~
      |                    operator""_shrink
7 warnings generated.

  CXX  [ 53/72] Rev/VertexBuffer.OpenGL.ixx
In file included from C:\Users\Ryan\Desktop\Ryan\Rev\.clever\xpp\Rev.Graphics.VertexBuffer\VertexBuffer.OpenGL.cpp:2:
In file included from C:/Users/Ryan/Desktop/Ryan/Rev/Rev/src/Graphics/OpenGL/VertexBuffer.OpenGL.ixx:15:
In file included from C:/Users/Ryan/Desktop/Ryan/Rev/Rev/src/Native/Windows/NativeWindow.win.ixx:31:
C:/Users/Ryan/Desktop/Ryan/Rev/Rev/src/Element/Style/Style.ixx:35:30: warning: identifier '_sec' preceded by whitespace in a literal operator declaration is deprecated [-Wdeprecated-literal-operator]
   35 |     constexpr int operator"" _sec(long double value) { return static_cast<int>(value * 1000.0); }
      |                   ~~~~~~~~~~~^~~~
      |                   operator""_sec
C:/Users/Ryan/Desktop/Ryan/Rev/Rev/src/Element/Style/Style.ixx:36:30: warning: identifier '_sec' preceded by whitespace in a literal operator declaration is deprecated [-Wdeprecated-literal-operator]
   36 |     constexpr int operator"" _sec(unsigned long long value) { return static_cast<int>(value * 1000.0); }
      |                   ~~~~~~~~~~~^~~~
      |                   operator""_sec
C:/Users/Ryan/Desktop/Ryan/Rev/Rev/src/Element/Style/Style.ixx:37:30: warning: identifier '_ms' preceded by whitespace in a literal operator declaration is deprecated [-Wdeprecated-literal-operator]
   37 |     constexpr int operator"" _ms(unsigned long long value) { return static_cast<int>(value); }
      |                   ~~~~~~~~~~~^~~
      |                   operator""_ms
C:/Users/Ryan/Desktop/Ryan/Rev/Rev/src/Element/Style/Style.ixx:83:31: warning: identifier '_px' preceded by whitespace in a literal operator declaration is deprecated [-Wdeprecated-literal-operator]
   83 |     constexpr Dist operator"" _px(unsigned long long value) { return { Dist::Type::Abs, static_cast<float>(value) }; }
      |                    ~~~~~~~~~~~^~~
      |                    operator""_px
C:/Users/Ryan/Desktop/Ryan/Rev/Rev/src/Element/Style/Style.ixx:84:31: warning: identifier '_pct' preceded by whitespace in a literal operator declaration is deprecated [-Wdeprecated-literal-operator]
   84 |     constexpr Dist operator"" _pct(unsigned long long value) { return { Dist::Type::Rel, static_cast<float>(value) / 100.0f }; }
      |                    ~~~~~~~~~~~^~~~
      |                    operator""_pct
C:/Users/Ryan/Desktop/Ryan/Rev/Rev/src/Element/Style/Style.ixx:85:31: warning: identifier '_grow' preceded by whitespace in a literal operator declaration is deprecated [-Wdeprecated-literal-operator]
   85 |     constexpr Dist operator"" _grow(unsigned long long value) { return { Dist::Type::Grow, static_cast<float>(value) / 100.0f }; }
      |                    ~~~~~~~~~~~^~~~~
      |                    operator""_grow
C:/Users/Ryan/Desktop/Ryan/Rev/Rev/src/Element/Style/Style.ixx:86:31: warning: identifier '_shrink' preceded by whitespace in a literal operator declaration is deprecated [-Wdeprecated-literal-operator]
   86 |     constexpr Dist operator"" _shrink(unsigned long long value) { return { Dist::Type::Grow, static_cast<float>(value) / 100.0f }; }
      |                    ~~~~~~~~~~~^~~~~~~
      |                    operator""_shrink
7 warnings generated.

  CXX  [ 54/72] Rev/Lines.ixx
In file included from C:\Users\Ryan\Desktop\Ryan\Rev\.clever\xpp\Rev.Primitive.Lines\Lines.cpp:2:
In file included from C:/Users/Ryan/Desktop/Ryan/Rev/Rev/src/Graphics/Primitives/Lines/Lines.ixx:11:
In file included from C:/Users/Ryan/Desktop/Ryan/Rev/Rev/src/Graphics/Primitives/Primitive.ixx:5:
In file included from C:/Users/Ryan/Desktop/Ryan/Rev/Rev/src/Graphics/OpenGL/Canvas.OpenGL.ixx:12:
In file included from C:/Users/Ryan/Desktop/Ryan/Rev/Rev/src/Native/Windows/NativeWindow.win.ixx:31:
C:/Users/Ryan/Desktop/Ryan/Rev/Rev/src/Element/Style/Style.ixx:35:30: warning: identifier '_sec' preceded by whitespace in a literal operator declaration is deprecated [-Wdeprecated-literal-operator]
   35 |     constexpr int operator"" _sec(long double value) { return static_cast<int>(value * 1000.0); }
      |                   ~~~~~~~~~~~^~~~
      |                   operator""_sec
C:/Users/Ryan/Desktop/Ryan/Rev/Rev/src/Element/Style/Style.ixx:36:30: warning: identifier '_sec' preceded by whitespace in a literal operator declaration is deprecated [-Wdeprecated-literal-operator]
   36 |     constexpr int operator"" _sec(unsigned long long value) { return static_cast<int>(value * 1000.0); }
      |                   ~~~~~~~~~~~^~~~
      |                   operator""_sec
C:/Users/Ryan/Desktop/Ryan/Rev/Rev/src/Element/Style/Style.ixx:37:30: warning: identifier '_ms' preceded by whitespace in a literal operator declaration is deprecated [-Wdeprecated-literal-operator]
   37 |     constexpr int operator"" _ms(unsigned long long value) { return static_cast<int>(value); }
      |                   ~~~~~~~~~~~^~~
      |                   operator""_ms
C:/Users/Ryan/Desktop/Ryan/Rev/Rev/src/Element/Style/Style.ixx:83:31: warning: identifier '_px' preceded by whitespace in a literal operator declaration is deprecated [-Wdeprecated-literal-operator]
   83 |     constexpr Dist operator"" _px(unsigned long long value) { return { Dist::Type::Abs, static_cast<float>(value) }; }
      |                    ~~~~~~~~~~~^~~
      |                    operator""_px
C:/Users/Ryan/Desktop/Ryan/Rev/Rev/src/Element/Style/Style.ixx:84:31: warning: identifier '_pct' preceded by whitespace in a literal operator declaration is deprecated [-Wdeprecated-literal-operator]
   84 |     constexpr Dist operator"" _pct(unsigned long long value) { return { Dist::Type::Rel, static_cast<float>(value) / 100.0f }; }
      |                    ~~~~~~~~~~~^~~~
      |                    operator""_pct
C:/Users/Ryan/Desktop/Ryan/Rev/Rev/src/Element/Style/Style.ixx:85:31: warning: identifier '_grow' preceded by whitespace in a literal operator declaration is deprecated [-Wdeprecated-literal-operator]
   85 |     constexpr Dist operator"" _grow(unsigned long long value) { return { Dist::Type::Grow, static_cast<float>(value) / 100.0f }; }
      |                    ~~~~~~~~~~~^~~~~
      |                    operator""_grow
C:/Users/Ryan/Desktop/Ryan/Rev/Rev/src/Element/Style/Style.ixx:86:31: warning: identifier '_shrink' preceded by whitespace in a literal operator declaration is deprecated [-Wdeprecated-literal-operator]
   86 |     constexpr Dist operator"" _shrink(unsigned long long value) { return { Dist::Type::Grow, static_cast<float>(value) / 100.0f }; }
      |                    ~~~~~~~~~~~^~~~~~~
      |                    operator""_shrink
7 warnings generated.

  CXX  [ 55/72] Rev/Lines3d.ixx
In file included from C:\Users\Ryan\Desktop\Ryan\Rev\.clever\xpp\Rev.Primitive.Lines3d\Lines3d.cpp:2:
In file included from C:/Users/Ryan/Desktop/Ryan/Rev/Rev/src/Graphics/Primitives/Lines3d/Lines3d.ixx:11:
In file included from C:/Users/Ryan/Desktop/Ryan/Rev/Rev/src/Graphics/Primitives/Primitive.ixx:5:
In file included from C:/Users/Ryan/Desktop/Ryan/Rev/Rev/src/Graphics/OpenGL/Canvas.OpenGL.ixx:12:
In file included from C:/Users/Ryan/Desktop/Ryan/Rev/Rev/src/Native/Windows/NativeWindow.win.ixx:31:
C:/Users/Ryan/Desktop/Ryan/Rev/Rev/src/Element/Style/Style.ixx:35:30: warning: identifier '_sec' preceded by whitespace in a literal operator declaration is deprecated [-Wdeprecated-literal-operator]
   35 |     constexpr int operator"" _sec(long double value) { return static_cast<int>(value * 1000.0); }
      |                   ~~~~~~~~~~~^~~~
      |                   operator""_sec
C:/Users/Ryan/Desktop/Ryan/Rev/Rev/src/Element/Style/Style.ixx:36:30: warning: identifier '_sec' preceded by whitespace in a literal operator declaration is deprecated [-Wdeprecated-literal-operator]
   36 |     constexpr int operator"" _sec(unsigned long long value) { return static_cast<int>(value * 1000.0); }
      |                   ~~~~~~~~~~~^~~~
      |                   operator""_sec
C:/Users/Ryan/Desktop/Ryan/Rev/Rev/src/Element/Style/Style.ixx:37:30: warning: identifier '_ms' preceded by whitespace in a literal operator declaration is deprecated [-Wdeprecated-literal-operator]
   37 |     constexpr int operator"" _ms(unsigned long long value) { return static_cast<int>(value); }
      |                   ~~~~~~~~~~~^~~
      |                   operator""_ms
C:/Users/Ryan/Desktop/Ryan/Rev/Rev/src/Element/Style/Style.ixx:83:31: warning: identifier '_px' preceded by whitespace in a literal operator declaration is deprecated [-Wdeprecated-literal-operator]
   83 |     constexpr Dist operator"" _px(unsigned long long value) { return { Dist::Type::Abs, static_cast<float>(value) }; }
      |                    ~~~~~~~~~~~^~~
      |                    operator""_px
C:/Users/Ryan/Desktop/Ryan/Rev/Rev/src/Element/Style/Style.ixx:84:31: warning: identifier '_pct' preceded by whitespace in a literal operator declaration is deprecated [-Wdeprecated-literal-operator]
   84 |     constexpr Dist operator"" _pct(unsigned long long value) { return { Dist::Type::Rel, static_cast<float>(value) / 100.0f }; }
      |                    ~~~~~~~~~~~^~~~
      |                    operator""_pct
C:/Users/Ryan/Desktop/Ryan/Rev/Rev/src/Element/Style/Style.ixx:85:31: warning: identifier '_grow' preceded by whitespace in a literal operator declaration is deprecated [-Wdeprecated-literal-operator]
   85 |     constexpr Dist operator"" _grow(unsigned long long value) { return { Dist::Type::Grow, static_cast<float>(value) / 100.0f }; }
      |                    ~~~~~~~~~~~^~~~~
      |                    operator""_grow
C:/Users/Ryan/Desktop/Ryan/Rev/Rev/src/Element/Style/Style.ixx:86:31: warning: identifier '_shrink' preceded by whitespace in a literal operator declaration is deprecated [-Wdeprecated-literal-operator]
   86 |     constexpr Dist operator"" _shrink(unsigned long long value) { return { Dist::Type::Grow, static_cast<float>(value) / 100.0f }; }
      |                    ~~~~~~~~~~~^~~~~~~
      |                    operator""_shrink
7 warnings generated.

  CXX  [ 56/72] Rev/Mesh3d.ixx
In file included from C:\Users\Ryan\Desktop\Ryan\Rev\.clever\xpp\Rev.Primitive.Mesh3d\Mesh3d.cpp:2:
In file included from C:/Users/Ryan/Desktop/Ryan/Rev/Rev/src/Graphics/Primitives/Mesh3d/Mesh3d.ixx:14:
In file included from C:/Users/Ryan/Desktop/Ryan/Rev/Rev/src/Graphics/Primitives/Primitive.ixx:5:
In file included from C:/Users/Ryan/Desktop/Ryan/Rev/Rev/src/Graphics/OpenGL/Canvas.OpenGL.ixx:12:
In file included from C:/Users/Ryan/Desktop/Ryan/Rev/Rev/src/Native/Windows/NativeWindow.win.ixx:31:
C:/Users/Ryan/Desktop/Ryan/Rev/Rev/src/Element/Style/Style.ixx:35:30: warning: identifier '_sec' preceded by whitespace in a literal operator declaration is deprecated [-Wdeprecated-literal-operator]
   35 |     constexpr int operator"" _sec(long double value) { return static_cast<int>(value * 1000.0); }
      |                   ~~~~~~~~~~~^~~~
      |                   operator""_sec
C:/Users/Ryan/Desktop/Ryan/Rev/Rev/src/Element/Style/Style.ixx:36:30: warning: identifier '_sec' preceded by whitespace in a literal operator declaration is deprecated [-Wdeprecated-literal-operator]
   36 |     constexpr int operator"" _sec(unsigned long long value) { return static_cast<int>(value * 1000.0); }
      |                   ~~~~~~~~~~~^~~~
      |                   operator""_sec
C:/Users/Ryan/Desktop/Ryan/Rev/Rev/src/Element/Style/Style.ixx:37:30: warning: identifier '_ms' preceded by whitespace in a literal operator declaration is deprecated [-Wdeprecated-literal-operator]
   37 |     constexpr int operator"" _ms(unsigned long long value) { return static_cast<int>(value); }
      |                   ~~~~~~~~~~~^~~
      |                   operator""_ms
C:/Users/Ryan/Desktop/Ryan/Rev/Rev/src/Element/Style/Style.ixx:83:31: warning: identifier '_px' preceded by whitespace in a literal operator declaration is deprecated [-Wdeprecated-literal-operator]
   83 |     constexpr Dist operator"" _px(unsigned long long value) { return { Dist::Type::Abs, static_cast<float>(value) }; }
      |                    ~~~~~~~~~~~^~~
      |                    operator""_px
C:/Users/Ryan/Desktop/Ryan/Rev/Rev/src/Element/Style/Style.ixx:84:31: warning: identifier '_pct' preceded by whitespace in a literal operator declaration is deprecated [-Wdeprecated-literal-operator]
   84 |     constexpr Dist operator"" _pct(unsigned long long value) { return { Dist::Type::Rel, static_cast<float>(value) / 100.0f }; }
      |                    ~~~~~~~~~~~^~~~
      |                    operator""_pct
C:/Users/Ryan/Desktop/Ryan/Rev/Rev/src/Element/Style/Style.ixx:85:31: warning: identifier '_grow' preceded by whitespace in a literal operator declaration is deprecated [-Wdeprecated-literal-operator]
   85 |     constexpr Dist operator"" _grow(unsigned long long value) { return { Dist::Type::Grow, static_cast<float>(value) / 100.0f }; }
      |                    ~~~~~~~~~~~^~~~~
      |                    operator""_grow
C:/Users/Ryan/Desktop/Ryan/Rev/Rev/src/Element/Style/Style.ixx:86:31: warning: identifier '_shrink' preceded by whitespace in a literal operator declaration is deprecated [-Wdeprecated-literal-operator]
   86 |     constexpr Dist operator"" _shrink(unsigned long long value) { return { Dist::Type::Grow, static_cast<float>(value) / 100.0f }; }
      |                    ~~~~~~~~~~~^~~~~~~
      |                    operator""_shrink
7 warnings generated.

  CXX  [ 57/72] Rev/Primitive.ixx
In file included from C:\Users\Ryan\Desktop\Ryan\Rev\.clever\xpp\Rev.Primitive\Primitive.cpp:2:
In file included from C:/Users/Ryan/Desktop/Ryan/Rev/Rev/src/Graphics/Primitives/Primitive.ixx:5:
In file included from C:/Users/Ryan/Desktop/Ryan/Rev/Rev/src/Graphics/OpenGL/Canvas.OpenGL.ixx:12:
In file included from C:/Users/Ryan/Desktop/Ryan/Rev/Rev/src/Native/Windows/NativeWindow.win.ixx:31:
C:/Users/Ryan/Desktop/Ryan/Rev/Rev/src/Element/Style/Style.ixx:35:30: warning: identifier '_sec' preceded by whitespace in a literal operator declaration is deprecated [-Wdeprecated-literal-operator]
   35 |     constexpr int operator"" _sec(long double value) { return static_cast<int>(value * 1000.0); }
      |                   ~~~~~~~~~~~^~~~
      |                   operator""_sec
C:/Users/Ryan/Desktop/Ryan/Rev/Rev/src/Element/Style/Style.ixx:36:30: warning: identifier '_sec' preceded by whitespace in a literal operator declaration is deprecated [-Wdeprecated-literal-operator]
   36 |     constexpr int operator"" _sec(unsigned long long value) { return static_cast<int>(value * 1000.0); }
      |                   ~~~~~~~~~~~^~~~
      |                   operator""_sec
C:/Users/Ryan/Desktop/Ryan/Rev/Rev/src/Element/Style/Style.ixx:37:30: warning: identifier '_ms' preceded by whitespace in a literal operator declaration is deprecated [-Wdeprecated-literal-operator]
   37 |     constexpr int operator"" _ms(unsigned long long value) { return static_cast<int>(value); }
      |                   ~~~~~~~~~~~^~~
      |                   operator""_ms
C:/Users/Ryan/Desktop/Ryan/Rev/Rev/src/Element/Style/Style.ixx:83:31: warning: identifier '_px' preceded by whitespace in a literal operator declaration is deprecated [-Wdeprecated-literal-operator]
   83 |     constexpr Dist operator"" _px(unsigned long long value) { return { Dist::Type::Abs, static_cast<float>(value) }; }
      |                    ~~~~~~~~~~~^~~
      |                    operator""_px
C:/Users/Ryan/Desktop/Ryan/Rev/Rev/src/Element/Style/Style.ixx:84:31: warning: identifier '_pct' preceded by whitespace in a literal operator declaration is deprecated [-Wdeprecated-literal-operator]
   84 |     constexpr Dist operator"" _pct(unsigned long long value) { return { Dist::Type::Rel, static_cast<float>(value) / 100.0f }; }
      |                    ~~~~~~~~~~~^~~~
      |                    operator""_pct
C:/Users/Ryan/Desktop/Ryan/Rev/Rev/src/Element/Style/Style.ixx:85:31: warning: identifier '_grow' preceded by whitespace in a literal operator declaration is deprecated [-Wdeprecated-literal-operator]
   85 |     constexpr Dist operator"" _grow(unsigned long long value) { return { Dist::Type::Grow, static_cast<float>(value) / 100.0f }; }
      |                    ~~~~~~~~~~~^~~~~
      |                    operator""_grow
C:/Users/Ryan/Desktop/Ryan/Rev/Rev/src/Element/Style/Style.ixx:86:31: warning: identifier '_shrink' preceded by whitespace in a literal operator declaration is deprecated [-Wdeprecated-literal-operator]
   86 |     constexpr Dist operator"" _shrink(unsigned long long value) { return { Dist::Type::Grow, static_cast<float>(value) / 100.0f }; }
      |                    ~~~~~~~~~~~^~~~~~~
      |                    operator""_shrink
7 warnings generated.

  CXX  [ 58/72] Rev/Rectangle.ixx
In file included from C:\Users\Ryan\Desktop\Ryan\Rev\.clever\xpp\Rev.Primitive.Rectangle\Rectangle.cpp:2:
In file included from C:/Users/Ryan/Desktop/Ryan/Rev/Rev/src/Graphics/Primitives/Rectangle/Rectangle.ixx:8:
In file included from C:/Users/Ryan/Desktop/Ryan/Rev/Rev/src/Graphics/Primitives/Primitive.ixx:5:
In file included from C:/Users/Ryan/Desktop/Ryan/Rev/Rev/src/Graphics/OpenGL/Canvas.OpenGL.ixx:12:
In file included from C:/Users/Ryan/Desktop/Ryan/Rev/Rev/src/Native/Windows/NativeWindow.win.ixx:31:
C:/Users/Ryan/Desktop/Ryan/Rev/Rev/src/Element/Style/Style.ixx:35:30: warning: identifier '_sec' preceded by whitespace in a literal operator declaration is deprecated [-Wdeprecated-literal-operator]
   35 |     constexpr int operator"" _sec(long double value) { return static_cast<int>(value * 1000.0); }
      |                   ~~~~~~~~~~~^~~~
      |                   operator""_sec
C:/Users/Ryan/Desktop/Ryan/Rev/Rev/src/Element/Style/Style.ixx:36:30: warning: identifier '_sec' preceded by whitespace in a literal operator declaration is deprecated [-Wdeprecated-literal-operator]
   36 |     constexpr int operator"" _sec(unsigned long long value) { return static_cast<int>(value * 1000.0); }
      |                   ~~~~~~~~~~~^~~~
      |                   operator""_sec
C:/Users/Ryan/Desktop/Ryan/Rev/Rev/src/Element/Style/Style.ixx:37:30: warning: identifier '_ms' preceded by whitespace in a literal operator declaration is deprecated [-Wdeprecated-literal-operator]
   37 |     constexpr int operator"" _ms(unsigned long long value) { return static_cast<int>(value); }
      |                   ~~~~~~~~~~~^~~
      |                   operator""_ms
C:/Users/Ryan/Desktop/Ryan/Rev/Rev/src/Element/Style/Style.ixx:83:31: warning: identifier '_px' preceded by whitespace in a literal operator declaration is deprecated [-Wdeprecated-literal-operator]
   83 |     constexpr Dist operator"" _px(unsigned long long value) { return { Dist::Type::Abs, static_cast<float>(value) }; }
      |                    ~~~~~~~~~~~^~~
      |                    operator""_px
C:/Users/Ryan/Desktop/Ryan/Rev/Rev/src/Element/Style/Style.ixx:84:31: warning: identifier '_pct' preceded by whitespace in a literal operator declaration is deprecated [-Wdeprecated-literal-operator]
   84 |     constexpr Dist operator"" _pct(unsigned long long value) { return { Dist::Type::Rel, static_cast<float>(value) / 100.0f }; }
      |                    ~~~~~~~~~~~^~~~
      |                    operator""_pct
C:/Users/Ryan/Desktop/Ryan/Rev/Rev/src/Element/Style/Style.ixx:85:31: warning: identifier '_grow' preceded by whitespace in a literal operator declaration is deprecated [-Wdeprecated-literal-operator]
   85 |     constexpr Dist operator"" _grow(unsigned long long value) { return { Dist::Type::Grow, static_cast<float>(value) / 100.0f }; }
      |                    ~~~~~~~~~~~^~~~~
      |                    operator""_grow
C:/Users/Ryan/Desktop/Ryan/Rev/Rev/src/Element/Style/Style.ixx:86:31: warning: identifier '_shrink' preceded by whitespace in a literal operator declaration is deprecated [-Wdeprecated-literal-operator]
   86 |     constexpr Dist operator"" _shrink(unsigned long long value) { return { Dist::Type::Grow, static_cast<float>(value) / 100.0f }; }
      |                    ~~~~~~~~~~~^~~~~~~
      |                    operator""_shrink
7 warnings generated.

  CXX  [ 59/72] Rev/Svg.ixx
In file included from C:\Users\Ryan\Desktop\Ryan\Rev\.clever\xpp\Rev.Primitive.Svg\Svg.cpp:2:
In file included from C:/Users/Ryan/Desktop/Ryan/Rev/Rev/src/Graphics/Primitives/Svg/Svg.ixx:8:
In file included from C:/Users/Ryan/Desktop/Ryan/Rev/Rev/src/Graphics/Primitives/Primitive.ixx:5:
In file included from C:/Users/Ryan/Desktop/Ryan/Rev/Rev/src/Graphics/OpenGL/Canvas.OpenGL.ixx:12:
In file included from C:/Users/Ryan/Desktop/Ryan/Rev/Rev/src/Native/Windows/NativeWindow.win.ixx:31:
C:/Users/Ryan/Desktop/Ryan/Rev/Rev/src/Element/Style/Style.ixx:35:30: warning: identifier '_sec' preceded by whitespace in a literal operator declaration is deprecated [-Wdeprecated-literal-operator]
   35 |     constexpr int operator"" _sec(long double value) { return static_cast<int>(value * 1000.0); }
      |                   ~~~~~~~~~~~^~~~
      |                   operator""_sec
C:/Users/Ryan/Desktop/Ryan/Rev/Rev/src/Element/Style/Style.ixx:36:30: warning: identifier '_sec' preceded by whitespace in a literal operator declaration is deprecated [-Wdeprecated-literal-operator]
   36 |     constexpr int operator"" _sec(unsigned long long value) { return static_cast<int>(value * 1000.0); }
      |                   ~~~~~~~~~~~^~~~
      |                   operator""_sec
C:/Users/Ryan/Desktop/Ryan/Rev/Rev/src/Element/Style/Style.ixx:37:30: warning: identifier '_ms' preceded by whitespace in a literal operator declaration is deprecated [-Wdeprecated-literal-operator]
   37 |     constexpr int operator"" _ms(unsigned long long value) { return static_cast<int>(value); }
      |                   ~~~~~~~~~~~^~~
      |                   operator""_ms
C:/Users/Ryan/Desktop/Ryan/Rev/Rev/src/Element/Style/Style.ixx:83:31: warning: identifier '_px' preceded by whitespace in a literal operator declaration is deprecated [-Wdeprecated-literal-operator]
   83 |     constexpr Dist operator"" _px(unsigned long long value) { return { Dist::Type::Abs, static_cast<float>(value) }; }
      |                    ~~~~~~~~~~~^~~
      |                    operator""_px
C:/Users/Ryan/Desktop/Ryan/Rev/Rev/src/Element/Style/Style.ixx:84:31: warning: identifier '_pct' preceded by whitespace in a literal operator declaration is deprecated [-Wdeprecated-literal-operator]
   84 |     constexpr Dist operator"" _pct(unsigned long long value) { return { Dist::Type::Rel, static_cast<float>(value) / 100.0f }; }
      |                    ~~~~~~~~~~~^~~~
      |                    operator""_pct
C:/Users/Ryan/Desktop/Ryan/Rev/Rev/src/Element/Style/Style.ixx:85:31: warning: identifier '_grow' preceded by whitespace in a literal operator declaration is deprecated [-Wdeprecated-literal-operator]
   85 |     constexpr Dist operator"" _grow(unsigned long long value) { return { Dist::Type::Grow, static_cast<float>(value) / 100.0f }; }
      |                    ~~~~~~~~~~~^~~~~
      |                    operator""_grow
C:/Users/Ryan/Desktop/Ryan/Rev/Rev/src/Element/Style/Style.ixx:86:31: warning: identifier '_shrink' preceded by whitespace in a literal operator declaration is deprecated [-Wdeprecated-literal-operator]
   86 |     constexpr Dist operator"" _shrink(unsigned long long value) { return { Dist::Type::Grow, static_cast<float>(value) / 100.0f }; }
      |                    ~~~~~~~~~~~^~~~~~~
      |                    operator""_shrink
7 warnings generated.

  CXX  [ 60/72] Rev/Text.ixx
In file included from C:\Users\Ryan\Desktop\Ryan\Rev\.clever\xpp\Rev.Primitive.Text\Text.cpp:2:
In file included from C:/Users/Ryan/Desktop/Ryan/Rev/Rev/src/Graphics/Primitives/Text/Text.ixx:11:
In file included from C:/Users/Ryan/Desktop/Ryan/Rev/Rev/src/Graphics/Primitives/Primitive.ixx:5:
In file included from C:/Users/Ryan/Desktop/Ryan/Rev/Rev/src/Graphics/OpenGL/Canvas.OpenGL.ixx:12:
In file included from C:/Users/Ryan/Desktop/Ryan/Rev/Rev/src/Native/Windows/NativeWindow.win.ixx:31:
C:/Users/Ryan/Desktop/Ryan/Rev/Rev/src/Element/Style/Style.ixx:35:30: warning: identifier '_sec' preceded by whitespace in a literal operator declaration is deprecated [-Wdeprecated-literal-operator]
   35 |     constexpr int operator"" _sec(long double value) { return static_cast<int>(value * 1000.0); }
      |                   ~~~~~~~~~~~^~~~
      |                   operator""_sec
C:/Users/Ryan/Desktop/Ryan/Rev/Rev/src/Element/Style/Style.ixx:36:30: warning: identifier '_sec' preceded by whitespace in a literal operator declaration is deprecated [-Wdeprecated-literal-operator]
   36 |     constexpr int operator"" _sec(unsigned long long value) { return static_cast<int>(value * 1000.0); }
      |                   ~~~~~~~~~~~^~~~
      |                   operator""_sec
C:/Users/Ryan/Desktop/Ryan/Rev/Rev/src/Element/Style/Style.ixx:37:30: warning: identifier '_ms' preceded by whitespace in a literal operator declaration is deprecated [-Wdeprecated-literal-operator]
   37 |     constexpr int operator"" _ms(unsigned long long value) { return static_cast<int>(value); }
      |                   ~~~~~~~~~~~^~~
      |                   operator""_ms
C:/Users/Ryan/Desktop/Ryan/Rev/Rev/src/Element/Style/Style.ixx:83:31: warning: identifier '_px' preceded by whitespace in a literal operator declaration is deprecated [-Wdeprecated-literal-operator]
   83 |     constexpr Dist operator"" _px(unsigned long long value) { return { Dist::Type::Abs, static_cast<float>(value) }; }
      |                    ~~~~~~~~~~~^~~
      |                    operator""_px
C:/Users/Ryan/Desktop/Ryan/Rev/Rev/src/Element/Style/Style.ixx:84:31: warning: identifier '_pct' preceded by whitespace in a literal operator declaration is deprecated [-Wdeprecated-literal-operator]
   84 |     constexpr Dist operator"" _pct(unsigned long long value) { return { Dist::Type::Rel, static_cast<float>(value) / 100.0f }; }
      |                    ~~~~~~~~~~~^~~~
      |                    operator""_pct
C:/Users/Ryan/Desktop/Ryan/Rev/Rev/src/Element/Style/Style.ixx:85:31: warning: identifier '_grow' preceded by whitespace in a literal operator declaration is deprecated [-Wdeprecated-literal-operator]
   85 |     constexpr Dist operator"" _grow(unsigned long long value) { return { Dist::Type::Grow, static_cast<float>(value) / 100.0f }; }
      |                    ~~~~~~~~~~~^~~~~
      |                    operator""_grow
C:/Users/Ryan/Desktop/Ryan/Rev/Rev/src/Element/Style/Style.ixx:86:31: warning: identifier '_shrink' preceded by whitespace in a literal operator declaration is deprecated [-Wdeprecated-literal-operator]
   86 |     constexpr Dist operator"" _shrink(unsigned long long value) { return { Dist::Type::Grow, static_cast<float>(value) / 100.0f }; }
      |                    ~~~~~~~~~~~^~~~~~~
      |                    operator""_shrink
7 warnings generated.

  CXX  [ 61/72] Rev/Triangles.ixx
In file included from C:\Users\Ryan\Desktop\Ryan\Rev\.clever\xpp\Rev.Primitive.Triangles\Triangles.cpp:2:
In file included from C:/Users/Ryan/Desktop/Ryan/Rev/Rev/src/Graphics/Primitives/Triangles/Triangles.ixx:10:
In file included from C:/Users/Ryan/Desktop/Ryan/Rev/Rev/src/Graphics/Primitives/Primitive.ixx:5:
In file included from C:/Users/Ryan/Desktop/Ryan/Rev/Rev/src/Graphics/OpenGL/Canvas.OpenGL.ixx:12:
In file included from C:/Users/Ryan/Desktop/Ryan/Rev/Rev/src/Native/Windows/NativeWindow.win.ixx:31:
C:/Users/Ryan/Desktop/Ryan/Rev/Rev/src/Element/Style/Style.ixx:35:30: warning: identifier '_sec' preceded by whitespace in a literal operator declaration is deprecated [-Wdeprecated-literal-operator]
   35 |     constexpr int operator"" _sec(long double value) { return static_cast<int>(value * 1000.0); }
      |                   ~~~~~~~~~~~^~~~
      |                   operator""_sec
C:/Users/Ryan/Desktop/Ryan/Rev/Rev/src/Element/Style/Style.ixx:36:30: warning: identifier '_sec' preceded by whitespace in a literal operator declaration is deprecated [-Wdeprecated-literal-operator]
   36 |     constexpr int operator"" _sec(unsigned long long value) { return static_cast<int>(value * 1000.0); }
      |                   ~~~~~~~~~~~^~~~
      |                   operator""_sec
C:/Users/Ryan/Desktop/Ryan/Rev/Rev/src/Element/Style/Style.ixx:37:30: warning: identifier '_ms' preceded by whitespace in a literal operator declaration is deprecated [-Wdeprecated-literal-operator]
   37 |     constexpr int operator"" _ms(unsigned long long value) { return static_cast<int>(value); }
      |                   ~~~~~~~~~~~^~~
      |                   operator""_ms
C:/Users/Ryan/Desktop/Ryan/Rev/Rev/src/Element/Style/Style.ixx:83:31: warning: identifier '_px' preceded by whitespace in a literal operator declaration is deprecated [-Wdeprecated-literal-operator]
   83 |     constexpr Dist operator"" _px(unsigned long long value) { return { Dist::Type::Abs, static_cast<float>(value) }; }
      |                    ~~~~~~~~~~~^~~
      |                    operator""_px
C:/Users/Ryan/Desktop/Ryan/Rev/Rev/src/Element/Style/Style.ixx:84:31: warning: identifier '_pct' preceded by whitespace in a literal operator declaration is deprecated [-Wdeprecated-literal-operator]
   84 |     constexpr Dist operator"" _pct(unsigned long long value) { return { Dist::Type::Rel, static_cast<float>(value) / 100.0f }; }
      |                    ~~~~~~~~~~~^~~~
      |                    operator""_pct
C:/Users/Ryan/Desktop/Ryan/Rev/Rev/src/Element/Style/Style.ixx:85:31: warning: identifier '_grow' preceded by whitespace in a literal operator declaration is deprecated [-Wdeprecated-literal-operator]
   85 |     constexpr Dist operator"" _grow(unsigned long long value) { return { Dist::Type::Grow, static_cast<float>(value) / 100.0f }; }
      |                    ~~~~~~~~~~~^~~~~
      |                    operator""_grow
C:/Users/Ryan/Desktop/Ryan/Rev/Rev/src/Element/Style/Style.ixx:86:31: warning: identifier '_shrink' preceded by whitespace in a literal operator declaration is deprecated [-Wdeprecated-literal-operator]
   86 |     constexpr Dist operator"" _shrink(unsigned long long value) { return { Dist::Type::Grow, static_cast<float>(value) / 100.0f }; }
      |                    ~~~~~~~~~~~^~~~~~~
      |                    operator""_shrink
7 warnings generated.

  CXX  [ 62/72] Rev/Vulkan.ixx
  CXX  [ 63/72] Rev/Application.win.ixx
In file included from C:\Users\Ryan\Desktop\Ryan\Rev\.clever\xpp\Rev.Application\Application.win.cpp:2:
In file included from C:/Users/Ryan/Desktop/Ryan/Rev/Rev/src/Native/Windows/Application.win.ixx:10:
In file included from C:/Users/Ryan/Desktop/Ryan/Rev/Rev/src/Window.ixx:17:
In file included from C:/Users/Ryan/Desktop/Ryan/Rev/Rev/src/Element/Element.ixx:15:
In file included from C:/Users/Ryan/Desktop/Ryan/Rev/Rev/src/Graphics/OpenGL/Canvas.OpenGL.ixx:12:
In file included from C:/Users/Ryan/Desktop/Ryan/Rev/Rev/src/Native/Windows/NativeWindow.win.ixx:31:
C:/Users/Ryan/Desktop/Ryan/Rev/Rev/src/Element/Style/Style.ixx:35:30: warning: identifier '_sec' preceded by whitespace in a literal operator declaration is deprecated [-Wdeprecated-literal-operator]
   35 |     constexpr int operator"" _sec(long double value) { return static_cast<int>(value * 1000.0); }
      |                   ~~~~~~~~~~~^~~~
      |                   operator""_sec
C:/Users/Ryan/Desktop/Ryan/Rev/Rev/src/Element/Style/Style.ixx:36:30: warning: identifier '_sec' preceded by whitespace in a literal operator declaration is deprecated [-Wdeprecated-literal-operator]
   36 |     constexpr int operator"" _sec(unsigned long long value) { return static_cast<int>(value * 1000.0); }
      |                   ~~~~~~~~~~~^~~~
      |                   operator""_sec
C:/Users/Ryan/Desktop/Ryan/Rev/Rev/src/Element/Style/Style.ixx:37:30: warning: identifier '_ms' preceded by whitespace in a literal operator declaration is deprecated [-Wdeprecated-literal-operator]
   37 |     constexpr int operator"" _ms(unsigned long long value) { return static_cast<int>(value); }
      |                   ~~~~~~~~~~~^~~
      |                   operator""_ms
C:/Users/Ryan/Desktop/Ryan/Rev/Rev/src/Element/Style/Style.ixx:83:31: warning: identifier '_px' preceded by whitespace in a literal operator declaration is deprecated [-Wdeprecated-literal-operator]
   83 |     constexpr Dist operator"" _px(unsigned long long value) { return { Dist::Type::Abs, static_cast<float>(value) }; }
      |                    ~~~~~~~~~~~^~~
      |                    operator""_px
C:/Users/Ryan/Desktop/Ryan/Rev/Rev/src/Element/Style/Style.ixx:84:31: warning: identifier '_pct' preceded by whitespace in a literal operator declaration is deprecated [-Wdeprecated-literal-operator]
   84 |     constexpr Dist operator"" _pct(unsigned long long value) { return { Dist::Type::Rel, static_cast<float>(value) / 100.0f }; }
      |                    ~~~~~~~~~~~^~~~
      |                    operator""_pct
C:/Users/Ryan/Desktop/Ryan/Rev/Rev/src/Element/Style/Style.ixx:85:31: warning: identifier '_grow' preceded by whitespace in a literal operator declaration is deprecated [-Wdeprecated-literal-operator]
   85 |     constexpr Dist operator"" _grow(unsigned long long value) { return { Dist::Type::Grow, static_cast<float>(value) / 100.0f }; }
      |                    ~~~~~~~~~~~^~~~~
      |                    operator""_grow
C:/Users/Ryan/Desktop/Ryan/Rev/Rev/src/Element/Style/Style.ixx:86:31: warning: identifier '_shrink' preceded by whitespace in a literal operator declaration is deprecated [-Wdeprecated-literal-operator]
   86 |     constexpr Dist operator"" _shrink(unsigned long long value) { return { Dist::Type::Grow, static_cast<float>(value) / 100.0f }; }
      |                    ~~~~~~~~~~~^~~~~~~
      |                    operator""_shrink
7 warnings generated.

  CXX  [ 64/72] Rev/NativeWindow.win.ixx
In file included from C:\Users\Ryan\Desktop\Ryan\Rev\.clever\xpp\Rev.NativeWindow\NativeWindow.win.cpp:2:
In file included from C:/Users/Ryan/Desktop/Ryan/Rev/Rev/src/Native/Windows/NativeWindow.win.ixx:31:
C:/Users/Ryan/Desktop/Ryan/Rev/Rev/src/Element/Style/Style.ixx:35:30: warning: identifier '_sec' preceded by whitespace in a literal operator declaration is deprecated [-Wdeprecated-literal-operator]
   35 |     constexpr int operator"" _sec(long double value) { return static_cast<int>(value * 1000.0); }
      |                   ~~~~~~~~~~~^~~~
      |                   operator""_sec
C:/Users/Ryan/Desktop/Ryan/Rev/Rev/src/Element/Style/Style.ixx:36:30: warning: identifier '_sec' preceded by whitespace in a literal operator declaration is deprecated [-Wdeprecated-literal-operator]
   36 |     constexpr int operator"" _sec(unsigned long long value) { return static_cast<int>(value * 1000.0); }
      |                   ~~~~~~~~~~~^~~~
      |                   operator""_sec
C:/Users/Ryan/Desktop/Ryan/Rev/Rev/src/Element/Style/Style.ixx:37:30: warning: identifier '_ms' preceded by whitespace in a literal operator declaration is deprecated [-Wdeprecated-literal-operator]
   37 |     constexpr int operator"" _ms(unsigned long long value) { return static_cast<int>(value); }
      |                   ~~~~~~~~~~~^~~
      |                   operator""_ms
C:/Users/Ryan/Desktop/Ryan/Rev/Rev/src/Element/Style/Style.ixx:83:31: warning: identifier '_px' preceded by whitespace in a literal operator declaration is deprecated [-Wdeprecated-literal-operator]
   83 |     constexpr Dist operator"" _px(unsigned long long value) { return { Dist::Type::Abs, static_cast<float>(value) }; }
      |                    ~~~~~~~~~~~^~~
      |                    operator""_px
C:/Users/Ryan/Desktop/Ryan/Rev/Rev/src/Element/Style/Style.ixx:84:31: warning: identifier '_pct' preceded by whitespace in a literal operator declaration is deprecated [-Wdeprecated-literal-operator]
   84 |     constexpr Dist operator"" _pct(unsigned long long value) { return { Dist::Type::Rel, static_cast<float>(value) / 100.0f }; }
      |                    ~~~~~~~~~~~^~~~
      |                    operator""_pct
C:/Users/Ryan/Desktop/Ryan/Rev/Rev/src/Element/Style/Style.ixx:85:31: warning: identifier '_grow' preceded by whitespace in a literal operator declaration is deprecated [-Wdeprecated-literal-operator]
   85 |     constexpr Dist operator"" _grow(unsigned long long value) { return { Dist::Type::Grow, static_cast<float>(value) / 100.0f }; }
      |                    ~~~~~~~~~~~^~~~~
      |                    operator""_grow
C:/Users/Ryan/Desktop/Ryan/Rev/Rev/src/Element/Style/Style.ixx:86:31: warning: identifier '_shrink' preceded by whitespace in a literal operator declaration is deprecated [-Wdeprecated-literal-operator]
   86 |     constexpr Dist operator"" _shrink(unsigned long long value) { return { Dist::Type::Grow, static_cast<float>(value) / 100.0f }; }
      |                    ~~~~~~~~~~~^~~~~~~
      |                    operator""_shrink
C:\Users\Ryan\Desktop\Ryan\Rev\.clever\xpp\Rev.NativeWindow\NativeWindow.win.cpp:343:21: warning: address of function 'SetProcessDpiAwarenessContext' will always evaluate to 'true' [-Wpointer-bool-conversion]
  343 |                 if (SetProcessDpiAwarenessContext) {
      |                 ~~  ^~~~~~~~~~~~~~~~~~~~~~~~~~~~~
C:\Users\Ryan\Desktop\Ryan\Rev\.clever\xpp\Rev.NativeWindow\NativeWindow.win.cpp:343:21: note: prefix with the address-of operator to silence this warning
  343 |                 if (SetProcessDpiAwarenessContext) {
      |                     ^
      |                     &
C:\Users\Ryan\Desktop\Ryan\Rev\.clever\xpp\Rev.NativeWindow\NativeWindow.win.cpp:674:84: warning: '__stdcall' only applies to function types; type here is 'LRESULT' (aka 'long long') [-Wignored-attributes]
  674 | auto NativeWindow::eventHandler(HWND h, UINT msg, WPARAM wp, LPARAM lp) -> LRESULT CALLBACK {
      |                                                                                    ^
C:\Program Files (x86)\Windows Kits\10\Include\10.0.26100.0\shared\minwindef.h:127:21: note: expanded from macro 'CALLBACK'
  127 | #define CALLBACK    __stdcall
      |                     ^
C:\Users\Ryan\Desktop\Ryan\Rev\.clever\xpp\Rev.NativeWindow\NativeWindow.win.cpp:962:80: warning: '__stdcall' only applies to function types; type here is 'LRESULT' (aka 'long long') [-Wignored-attributes]
  962 | auto NativeWindow::DummyWndProc(HWND h, UINT m, WPARAM w, LPARAM l) -> LRESULT CALLBACK {
      |                                                                                ^
C:\Program Files (x86)\Windows Kits\10\Include\10.0.26100.0\shared\minwindef.h:127:21: note: expanded from macro 'CALLBACK'
  127 | #define CALLBACK    __stdcall
      |                     ^
10 warnings generated.

  CXX  [ 65/72] Rev/Client.win.ixx
FAILED: Rev/src/OS/Windows/Client.win.ixx

In file included from C:\Users\Ryan\Desktop\Ryan\Rev\.clever\xpp\Rev.Client\Client.win.cpp:2:
C:/Users/Ryan/Desktop/Ryan/Rev/Rev/src/OS/Windows/Client.win.ixx:125:2: error: expected ';' after struct
  125 | }
      |  ^
      |  ;
C:\Users\Ryan\Desktop\Ryan\Rev\.clever\xpp\Rev.Client\Client.win.cpp:5:9: error: cannot define or redeclare '~Client' here because namespace 'Rev' does not enclose namespace 'Client'
    5 | Client::~Client() {
      | ~~~~~~~~^
C:\Users\Ryan\Desktop\Ryan\Rev\.clever\xpp\Rev.Client\Client.win.cpp:8:13: error: use of undeclared identifier 'running'
    8 |             running     = false;
      |             ^
C:\Users\Ryan\Desktop\Ryan\Rev\.clever\xpp\Rev.Client\Client.win.cpp:9:13: error: use of undeclared identifier 'isConnected'
    9 |             isConnected = false;
      |             ^
C:\Users\Ryan\Desktop\Ryan\Rev\.clever\xpp\Rev.Client\Client.win.cpp:11:24: error: use of undeclared identifier 'sock_'
   11 |             SOCKET s = sock_.load();
      |                        ^
C:\Users\Ryan\Desktop\Ryan\Rev\.clever\xpp\Rev.Client\Client.win.cpp:15:17: error: use of undeclared identifier 'sock_'
   15 |                 sock_.store(INVALID_SOCKET);
      |                 ^
C:\Users\Ryan\Desktop\Ryan\Rev\.clever\xpp\Rev.Client\Client.win.cpp:18:17: error: use of undeclared identifier 'worker_'
   18 |             if (worker_.joinable()) worker_.join();
      |                 ^
C:\Users\Ryan\Desktop\Ryan\Rev\.clever\xpp\Rev.Client\Client.win.cpp:18:37: error: use of undeclared identifier 'worker_'
   18 |             if (worker_.joinable()) worker_.join();
      |                                     ^
C:\Users\Ryan\Desktop\Ryan\Rev\.clever\xpp\Rev.Client\Client.win.cpp:20:17: error: use of undeclared identifier 'wsaStarted_'
   20 |             if (wsaStarted_) {
      |                 ^
C:\Users\Ryan\Desktop\Ryan\Rev\.clever\xpp\Rev.Client\Client.win.cpp:22:17: error: use of undeclared identifier 'wsaStarted_'
   22 |                 wsaStarted_ = false;
      |                 ^
C:\Users\Ryan\Desktop\Ryan\Rev\.clever\xpp\Rev.Client\Client.win.cpp:25:14: error: cannot define or redeclare 'onConnecting' here because namespace 'Rev' does not enclose namespace 'Client'
   25 | auto Client::onConnecting(std::function<void(ConnectingEvent&)> f) -> void {
      |      ~~~~~~~~^
C:\Users\Ryan\Desktop\Ryan\Rev\.clever\xpp\Rev.Client\Client.win.cpp:26:13: error: use of undeclared identifier 'connectingDispatcher_'
   26 |             connectingDispatcher_.listen(&Client::connectingEvent, f);
      |             ^
C:\Users\Ryan\Desktop\Ryan\Rev\.clever\xpp\Rev.Client\Client.win.cpp:26:51: error: 'connectingEvent' is a protected member of 'Rev::Client'
   26 |             connectingDispatcher_.listen(&Client::connectingEvent, f);
      |                                                   ^
C:/Users/Ryan/Desktop/Ryan/Rev/Rev/src/OS/Windows/Client.win.ixx:84:22: note: declared protected here
   84 |         virtual void connectingEvent(ConnectingEvent&);
      |                      ^
C:\Users\Ryan\Desktop\Ryan\Rev\.clever\xpp\Rev.Client\Client.win.cpp:26:68: error: use of undeclared identifier 'f'
   26 |             connectingDispatcher_.listen(&Client::connectingEvent, f);
      |                                                                    ^
C:\Users\Ryan\Desktop\Ryan\Rev\.clever\xpp\Rev.Client\Client.win.cpp:28:14: error: cannot define or redeclare 'onConnect' here because namespace 'Rev' does not enclose namespace 'Client'
   28 | auto Client::onConnect(std::function<void(ConnectEvent&)> f) -> void {
      |      ~~~~~~~~^
C:\Users\Ryan\Desktop\Ryan\Rev\.clever\xpp\Rev.Client\Client.win.cpp:29:13: error: use of undeclared identifier 'connectDispatcher_'
   29 |             connectDispatcher_.listen(&Client::connectEvent, f);
      |             ^
C:\Users\Ryan\Desktop\Ryan\Rev\.clever\xpp\Rev.Client\Client.win.cpp:29:48: error: 'connectEvent' is a protected member of 'Rev::Client'
   29 |             connectDispatcher_.listen(&Client::connectEvent, f);
      |                                                ^
C:/Users/Ryan/Desktop/Ryan/Rev/Rev/src/OS/Windows/Client.win.ixx:85:22: note: declared protected here
   85 |         virtual void connectEvent   (ConnectEvent&);
      |                      ^
C:\Users\Ryan\Desktop\Ryan\Rev\.clever\xpp\Rev.Client\Client.win.cpp:29:62: error: use of undeclared identifier 'f'
   29 |             connectDispatcher_.listen(&Client::connectEvent, f);
      |                                                              ^
C:\Users\Ryan\Desktop\Ryan\Rev\.clever\xpp\Rev.Client\Client.win.cpp:31:14: error: cannot define or redeclare 'onDisconnect' here because namespace 'Rev' does not enclose namespace 'Client'
   31 | auto Client::onDisconnect(std::function<void(DisconnectEvent&)> f) -> void {
      |      ~~~~~~~~^
fatal error: too many errors emitted, stopping now [-ferror-limit=]
20 errors generated.

Transpiled build failed.
