[1/3] Transpiling: 165 changed, 0 reused (-j8)...
  [  1/165] XPP C:/Users/Ryan/Desktop/Ryan/Rev/Rev/Resources/.modules/Files.ixx
  [  2/165] XPP C:/Users/Ryan/Desktop/Ryan/Rev/Rev/external/glm/detail/glm.cpp
  [  3/165] XPP C:/Users/Ryan/Desktop/Ryan/Rev/Rev/src/Core/Animator.ixx
  [  4/165] XPP C:/Users/Ryan/Desktop/Ryan/Rev/Rev/src/Core/Color.ixx
  [  5/165] XPP C:/Users/Ryan/Desktop/Ryan/Rev/Rev/src/Core/DirtyFlag.ixx
  [  6/165] XPP C:/Users/Ryan/Desktop/Ryan/Rev/Rev/src/Core/Dispatcher.ixx
  [  7/165] XPP C:/Users/Ryan/Desktop/Ryan/Rev/Rev/src/Core/Font.ixx
  [  8/165] XPP C:/Users/Ryan/Desktop/Ryan/Rev/Rev/src/Core/FontAtlas.ixx
  [  9/165] XPP C:/Users/Ryan/Desktop/Ryan/Rev/Rev/src/Core/Geometry/D3/Pos3.ixx
  [ 10/165] XPP C:/Users/Ryan/Desktop/Ryan/Rev/Rev/src/Core/Geometry/Pos.ixx
  [ 11/165] XPP C:/Users/Ryan/Desktop/Ryan/Rev/Rev/src/Core/Line.ixx
  [ 12/165] XPP C:/Users/Ryan/Desktop/Ryan/Rev/Rev/src/Core/Lrtb.ixx
  [ 13/165] XPP C:/Users/Ryan/Desktop/Ryan/Rev/Rev/src/Core/Observable.ixx
  [ 14/165] XPP C:/Users/Ryan/Desktop/Ryan/Rev/Rev/src/Core/Process.ixx
  [ 15/165] XPP C:/Users/Ryan/Desktop/Ryan/Rev/Rev/src/Core/Rect.ixx
  [ 16/165] XPP C:/Users/Ryan/Desktop/Ryan/Rev/Rev/src/Core/Resource.ixx
  [ 17/165] XPP C:/Users/Ryan/Desktop/Ryan/Rev/Rev/src/Core/Shared.ixx
  [ 18/165] XPP C:/Users/Ryan/Desktop/Ryan/Rev/Rev/src/Core/Svg.ixx
  [ 19/165] XPP C:/Users/Ryan/Desktop/Ryan/Rev/Rev/src/Core/Transform.ixx
  [ 20/165] XPP C:/Users/Ryan/Desktop/Ryan/Rev/Rev/src/Core/Vertex.ixx
  [ 21/165] XPP C:/Users/Ryan/Desktop/Ryan/Rev/Rev/src/Core/Vertex3.ixx
  [ 22/165] XPP C:/Users/Ryan/Desktop/Ryan/Rev/Rev/src/Core/View.ixx
  [ 23/165] XPP C:/Users/Ryan/Desktop/Ryan/Rev/Rev/src/Element/Element.ixx
  [ 24/165] XPP C:/Users/Ryan/Desktop/Ryan/Rev/Rev/src/Element/Event/Event.ixx
  [ 25/165] XPP C:/Users/Ryan/Desktop/Ryan/Rev/Rev/src/Element/Event/GestureTracker.ixx
  [ 26/165] XPP C:/Users/Ryan/Desktop/Ryan/Rev/Rev/src/Element/Resolved.ixx
  [ 27/165] XPP C:/Users/Ryan/Desktop/Ryan/Rev/Rev/src/Element/Style/Style.ixx
  [ 28/165] XPP C:/Users/Ryan/Desktop/Ryan/Rev/Rev/src/Element/Style/Themes/Default.ixx
  [ 29/165] XPP C:/Users/Ryan/Desktop/Ryan/Rev/Rev/src/Elements/Box.ixx
  [ 30/165] XPP C:/Users/Ryan/Desktop/Ryan/Rev/Rev/src/Elements/Controls/Button/Button.ixx
  [ 31/165] XPP C:/Users/Ryan/Desktop/Ryan/Rev/Rev/src/Elements/Controls/Checkbox/Checkbox.ixx
  [ 32/165] XPP C:/Users/Ryan/Desktop/Ryan/Rev/Rev/src/Elements/Controls/Collapsible/Collapsible.ixx
  [ 33/165] XPP C:/Users/Ryan/Desktop/Ryan/Rev/Rev/src/Elements/Controls/ControlTheme.ixx
  [ 34/165] XPP C:/Users/Ryan/Desktop/Ryan/Rev/Rev/src/Elements/Controls/Dropdown/Dropdown.ixx
  [ 35/165] XPP C:/Users/Ryan/Desktop/Ryan/Rev/Rev/src/Elements/Controls/NumberInput/NumberInput.ixx
  [ 36/165] XPP C:/Users/Ryan/Desktop/Ryan/Rev/Rev/src/Elements/Controls/Radio/Radio.ixx
  [ 37/165] XPP C:/Users/Ryan/Desktop/Ryan/Rev/Rev/src/Elements/Controls/Slider/Slider.ixx
  [ 38/165] XPP C:/Users/Ryan/Desktop/Ryan/Rev/Rev/src/Elements/Controls/TextInput/TextInput.ixx
  [ 39/165] XPP C:/Users/Ryan/Desktop/Ryan/Rev/Rev/src/Elements/Display/Chart.ixx
  [ 40/165] XPP C:/Users/Ryan/Desktop/Ryan/Rev/Rev/src/Elements/Display/View3D/Actor3d.ixx
  [ 41/165] XPP C:/Users/Ryan/Desktop/Ryan/Rev/Rev/src/Elements/Display/View3D/Camera3d.ixx
  [ 42/165] XPP C:/Users/Ryan/Desktop/Ryan/Rev/Rev/src/Elements/Display/View3D/View3D.ixx
  [ 43/165] XPP C:/Users/Ryan/Desktop/Ryan/Rev/Rev/src/Elements/Svg.ixx
  [ 44/165] XPP C:/Users/Ryan/Desktop/Ryan/Rev/Rev/src/Elements/Text.ixx
  [ 45/165] XPP C:/Users/Ryan/Desktop/Ryan/Rev/Rev/src/GlobalTime.ixx
  [ 46/165] XPP C:/Users/Ryan/Desktop/Ryan/Rev/Rev/src/Graphics/OpenGL/Canvas.OpenGL.ixx
  [ 47/165] XPP C:/Users/Ryan/Desktop/Ryan/Rev/Rev/src/Graphics/OpenGL/CommandBuffer.OpenGL.ixx
  [ 48/165] XPP C:/Users/Ryan/Desktop/Ryan/Rev/Rev/src/Graphics/OpenGL/FrameBuffer.OpenGL.ixx
  [ 49/165] XPP C:/Users/Ryan/Desktop/Ryan/Rev/Rev/src/Graphics/OpenGL/Pipeline.OpenGL.ixx
  [ 50/165] XPP C:/Users/Ryan/Desktop/Ryan/Rev/Rev/src/Graphics/OpenGL/Shader.OpenGL.ixx
  [ 51/165] XPP C:/Users/Ryan/Desktop/Ryan/Rev/Rev/src/Graphics/OpenGL/Texture.OpenGL.ixx
  [ 52/165] XPP C:/Users/Ryan/Desktop/Ryan/Rev/Rev/src/Graphics/OpenGL/TextureBuffer.OpenGL.ixx
  [ 53/165] XPP C:/Users/Ryan/Desktop/Ryan/Rev/Rev/src/Graphics/OpenGL/UniformBuffer.OpenGL.ixx
  [ 54/165] XPP C:/Users/Ryan/Desktop/Ryan/Rev/Rev/src/Graphics/OpenGL/VertexBuffer.OpenGL.ixx
  [ 55/165] XPP C:/Users/Ryan/Desktop/Ryan/Rev/Rev/src/Graphics/Primitives/FastLines/FastLines.ixx
  [ 56/165] XPP C:/Users/Ryan/Desktop/Ryan/Rev/Rev/src/Graphics/Primitives/Lines/Lines.ixx
  [ 57/165] XPP C:/Users/Ryan/Desktop/Ryan/Rev/Rev/src/Graphics/Primitives/Lines3d/Lines3d.ixx
  [ 58/165] XPP C:/Users/Ryan/Desktop/Ryan/Rev/Rev/src/Graphics/Primitives/Mesh3d/Mesh3d.ixx
  [ 59/165] XPP C:/Users/Ryan/Desktop/Ryan/Rev/Rev/src/Graphics/Primitives/Primitive.ixx
  [ 60/165] XPP C:/Users/Ryan/Desktop/Ryan/Rev/Rev/src/Graphics/Primitives/Rectangle/Rectangle.ixx
  [ 61/165] XPP C:/Users/Ryan/Desktop/Ryan/Rev/Rev/src/Graphics/Primitives/Svg/Svg.ixx
  [ 62/165] XPP C:/Users/Ryan/Desktop/Ryan/Rev/Rev/src/Graphics/Primitives/Text/Text.ixx
  [ 63/165] XPP C:/Users/Ryan/Desktop/Ryan/Rev/Rev/src/Graphics/Primitives/Triangles/Triangles.ixx
  [ 64/165] XPP C:/Users/Ryan/Desktop/Ryan/Rev/Rev/src/Graphics/Vulkan/Vulkan.ixx
  [ 65/165] XPP C:/Users/Ryan/Desktop/Ryan/Rev/Rev/src/Native/Windows/Application.win.ixx
  [ 66/165] XPP C:/Users/Ryan/Desktop/Ryan/Rev/Rev/src/Native/Windows/NativeWindow.win.ixx
  [ 67/165] XPP C:/Users/Ryan/Desktop/Ryan/Rev/Rev/src/OS/Windows/Client.win.ixx
  [ 68/165] XPP C:/Users/Ryan/Desktop/Ryan/Rev/Rev/src/OS/Windows/Dialog.win.ixx
  [ 69/165] XPP C:/Users/Ryan/Desktop/Ryan/Rev/Rev/src/OS/Windows/File.win.ixx
  [ 70/165] XPP C:/Users/Ryan/Desktop/Ryan/Rev/Rev/src/OS/Windows/Serial.win.ixx
  [ 71/165] XPP C:/Users/Ryan/Desktop/Ryan/Rev/Rev/src/OS/Windows/Socket.win.ixx
  [ 72/165] XPP C:/Users/Ryan/Desktop/Ryan/Rev/Rev/src/Window.ixx
  [ 73/165] XPP C:/Users/Ryan/Desktop/Ryan/Rev/Geometry/source/Chain.ixx
  [ 74/165] XPP C:/Users/Ryan/Desktop/Ryan/Rev/Geometry/source/Geometry.ixx
  [ 75/165] XPP C:/Users/Ryan/Desktop/Ryan/Rev/Geometry/source/Strategy.ixx
  [ 76/165] XPP source/App/App.MachineSettings.ixx
  [ 77/165] XPP source/App/App.Persist.ixx
  [ 78/165] XPP source/App/App.ixx
  [ 79/165] XPP source/CoordinateSystem/Axis.ixx
  [ 80/165] XPP source/CoordinateSystem/CoordinateSystem.ixx
  [ 81/165] XPP source/App/Geometry/Segment3.ixx
  [ 82/165] XPP source/App/Machine/App.MachineLibrary.ixx
  [ 83/165] XPP source/App/Machine/App.MachineProfile.ixx
  [ 84/165] XPP source/App/Machine/IKSolver.ixx
  [ 85/165] XPP source/App/Machine/MachineDefinition.ixx
  [ 86/165] XPP source/App/Machine/Operation.ixx
  [ 87/165] XPP source/App/Machine/Events.ixx
  [ 88/165] XPP source/App/Machine/MachineToolPath.ixx
  [ 89/165] XPP source/App/Machine/Machines/CarveraAir.ixx
  [ 90/165] XPP source/App/Machine/Pose.ixx
  [ 91/165] XPP source/App/Project.ixx
  [ 92/165] XPP source/App/Stage/App.Model.ixx
  [ 93/165] XPP source/App/Stage/App.Operation.ixx
  [ 94/165] XPP source/App/Stage/App.Probe.ixx
  [ 95/165] XPP source/App/Stage/App.StockMeasurement.ixx
  [ 96/165] XPP source/App/Stage/App.Stage.ixx
  [ 97/165] XPP source/App/Tool/App.Tool.ixx
  [ 98/165] XPP source/App/Tool/App.ProbeCalibration.ixx
  [ 99/165] XPP source/App/Tool/App.MachineCalibration.ixx
  [100/165] XPP source/App/Tool/App.ToolLibrary.ixx
  [101/165] XPP source/App/ThreadSpec/App.ThreadSpec.ixx
  [102/165] XPP source/App/ToolPath/App.ToolPath.ixx
  [103/165] XPP source/App/ToolPath/Slicer/Strategy/CutFrame.ixx
  [104/165] XPP source/App/ToolPath/Slicer/Strategy/Slice/Slice.ixx
  [105/165] XPP source/App/ToolPath/Slicer/Strategy/SliceSource.ixx
  [106/165] XPP source/App/ToolPath/Slicer/Strategy/Strategies/Strategy.Bore.ixx
  [107/165] XPP source/App/ToolPath/Slicer/Strategy/Strategies/Strategy.Chamfer.ixx
  [108/165] XPP source/App/ToolPath/Slicer/Strategy/Strategies/Strategy.Hatch.ixx
  [109/165] XPP source/App/ToolPath/Slicer/Strategy/Strategies/Strategy.Profile.ixx
  [110/165] XPP source/App/ToolPath/Slicer/Strategy/Strategies/Strategy.ThreadMill.ixx
  [111/165] XPP source/App/ToolPath/Slicer/Strategy/Strategy.ixx
  [112/165] XPP source/Cam.Window.ixx
  [113/165] XPP source/Carvera/Carvera.Window.ixx
  [114/165] XPP source/Carvera/CarveraSteps.ixx
  [115/165] XPP source/Carvera/CarveraAir.ixx
  [116/165] XPP source/Carvera/Gui/Carvera.Gui.ArmSection.ixx
  [117/165] XPP source/Carvera/Gui/Carvera.Gui.ConnectionSection.ixx
  [118/165] XPP source/Carvera/Gui/Carvera.Gui.JogSection.ixx
  [119/165] XPP source/Carvera/Gui/Carvera.Gui.LogSection.ixx
  [120/165] XPP source/Carvera/Gui/Carvera.Gui.OriginSection.ixx
  [121/165] XPP source/Carvera/Gui/Carvera.Gui.Style.ixx
  [122/165] XPP source/Carvera/Gui/Carvera.Gui.ToolSection.ixx
  [123/165] XPP source/Carvera/Gui/Carvera.Interface.ixx
  [124/165] XPP source/Gui/Gui.ixx
  [125/165] XPP source/Gui/LeftPanel/Gui.LeftPanel.ixx
  [126/165] XPP source/Gui/LeftPanel/Machine/Gui.MachineTree.ixx
  [127/165] XPP source/Gui/Controls/Gui.LockableNumberInput.ixx
  [128/165] XPP source/Gui/LeftPanel/Frames/Gui.FramesTree.ixx
  [129/165] XPP source/Gui/LeftPanel/Stages/Gui.StageRow.ixx
  [130/165] XPP source/Gui/LeftPanel/Stages/Gui.Stages.ixx
  [131/165] XPP source/Gui/LeftPanel/Stages/Gui.ToolPathSettingsWindow.ixx
  [132/165] XPP source/Gui/LeftPanel/Stages/Gui.ToolpathSettings.ixx
  [133/165] XPP source/Gui/LeftPanel/Stages/Operations/Gui.Face.ixx
  [134/165] XPP source/Gui/LeftPanel/Stages/Operations/Gui.FaceOperationView.ixx
  [135/165] XPP source/Gui/LeftPanel/Stages/Operations/Gui.ImportOperationView.ixx
  [136/165] XPP source/Gui/LeftPanel/Stages/Operations/Gui.OperationView.ixx
  [137/165] XPP source/Gui/LeftPanel/Stages/Operations/Gui.ProbeView.ixx
  [138/165] XPP source/Gui/LeftPanel/Stages/Operations/Gui.ThreadMillOperationView.ixx
  [139/165] XPP source/Gui/LeftPanel/Stages/Operations/Gui.ChamferOperationView.ixx
  [140/165] XPP source/Gui/LeftPanel/Stages/ToolPath/Gui.BoreToolpathView.ixx
  [141/165] XPP source/Gui/LeftPanel/Stages/ToolPath/Gui.ChamferToolpathView.ixx
  [142/165] XPP source/Gui/LeftPanel/Stages/ToolPath/Gui.HatchToolpathView.ixx
  [143/165] XPP source/Gui/LeftPanel/Stages/ToolPath/Gui.ProfileToolpathView.ixx
  [144/165] XPP source/Gui/LeftPanel/Stages/ToolPath/Gui.ThreadMillToolpathView.ixx
  [145/165] XPP source/Gui/LeftPanel/Stages/ToolPath/Gui.ToolpathStrategyView.ixx
  [146/165] XPP source/Gui/LeftPanel/StockMenu/Gui.StockMenu.ixx
  [147/165] XPP source/Gui/Form/Gui.Form.ixx
  [148/165] XPP source/Gui/Machine/Gui.MachineSettingsWindow.ixx
  [149/165] XPP source/Gui/PreviewBar/Gui.PreviewBar.ixx
  [150/165] XPP source/Gui/RightPanel/Gui.RightPanel.ixx
  [151/165] XPP source/Gui/RightPanel/Tools/Gui.Tool.ixx
  [152/165] XPP source/Gui/RightPanel/Tools/Gui.ProbeCalibrationWindow.ixx
  [153/165] XPP source/Gui/RightPanel/Tools/Gui.MachineCalibrationWindow.ixx
  [154/165] XPP source/Gui/LeftPanel/StockMenu/Gui.MeasureStockWindow.ixx
  [155/165] XPP source/Gui/RightPanel/Tools/Gui.ToolPreview.ixx
  [156/165] XPP source/Gui/RightPanel/Tools/Gui.ToolSettingsWindow.ixx
  [157/165] XPP source/Gui/RightPanel/Tools/Gui.Tools.ixx
  [158/165] XPP source/Gui/Styles.ixx
  [159/165] XPP source/Gui/TabView/TabView.ixx
  [160/165] XPP source/Gui/Theme.ixx
  [161/165] XPP source/Gui/ToolPathPreview.ixx
  [162/165] XPP source/Gui/WorldView.ixx/Gui.ToolPath.ixx
  [163/165] XPP source/Gui/WorldView.ixx/WorldView.Stage.ixx
  [164/165] XPP source/Gui/WorldView.ixx/WorldView.ixx
  [165/165] XPP source/main.cpp
      transpiled into C:\Users\Ryan\Desktop\Ryan\Rev\CAM\.clever\release\xpp
      qualified 14 colliding name(s) in 103 file(s)
[2/3] Compiling: 165 dirty, 0 cached (-j8)...
  [  1/165] CXX Rev/Dispatcher.ixx
  [  2/165] CXX Rev/Color.ixx
  [  3/165] CXX Rev/Files.ixx
  [  4/165] CXX Rev/FontAtlas.ixx
  [  5/165] CXX Rev/Animator.ixx
  [  6/165] CXX Rev/Font.ixx
  [  7/165] CXX Rev/DirtyFlag.ixx
  [  8/165] CXX Rev/glm.cpp
  [  9/165] CXX Rev/Pos3.ixx
  [ 10/165] CXX Rev/Pos.ixx
  [ 11/165] CXX Rev/Line.ixx
  [ 12/165] CXX Rev/Lrtb.ixx
  [ 13/165] CXX Rev/Observable.ixx
  [ 14/165] CXX Rev/Process.ixx
  [ 15/165] CXX Rev/Rect.ixx
  [ 16/165] CXX Rev/Resource.ixx
  [ 17/165] CXX Rev/Shared.ixx
  [ 18/165] CXX Rev/Svg.ixx
  [ 19/165] CXX Rev/Transform.ixx
  [ 20/165] CXX Rev/Vertex.ixx
  [ 21/165] CXX Rev/Vertex3.ixx
In file included from C:\Users\Ryan\Desktop\Ryan\Rev\CAM\.clever\release\xpp\Rev.Core.FontAtlas\FontAtlas.cpp:2:
In file included from C:/Users/Ryan/Desktop/Ryan/Rev/Rev/src/Core/FontAtlas.ixx:8:
In file included from C:/Users/Ryan/Desktop/Ryan/Rev/Rev/src/Core/Font.ixx:18:
In file included from C:/Users/Ryan/Desktop/Ryan/Rev/Rev/src/Graphics/OpenGL/Canvas.OpenGL.ixx:12:
In file included from C:/Users/Ryan/Desktop/Ryan/Rev/Rev/src/Native/Windows/NativeWindow.win.ixx:31:
C:/Users/Ryan/Desktop/Ryan/Rev/Rev/src/Element/Style/Style.ixx:65:30: warning: identifier '_sec' preceded by whitespace in a literal operator declaration is deprecated [-Wdeprecated-literal-operator]
   65 |     constexpr int operator"" _sec(long double value) { return static_cast<int>(value * 1000.0); }
      |                   ~~~~~~~~~~~^~~~
      |                   operator""_sec
C:/Users/Ryan/Desktop/Ryan/Rev/Rev/src/Element/Style/Style.ixx:66:30: warning: identifier '_sec' preceded by whitespace in a literal operator declaration is deprecated [-Wdeprecated-literal-operator]
   66 |     constexpr int operator"" _sec(unsigned long long value) { return static_cast<int>(value * 1000.0); }
      |                   ~~~~~~~~~~~^~~~
      |                   operator""_sec
C:/Users/Ryan/Desktop/Ryan/Rev/Rev/src/Element/Style/Style.ixx:67:30: warning: identifier '_ms' preceded by whitespace in a literal operator declaration is deprecated [-Wdeprecated-literal-operator]
   67 |     constexpr int operator"" _ms(unsigned long long value) { return static_cast<int>(value); }
      |                   ~~~~~~~~~~~^~~
      |                   operator""_ms
C:/Users/Ryan/Desktop/Ryan/Rev/Rev/src/Element/Style/Style.ixx:152:31: warning: identifier '_px' preceded by whitespace in a literal operator declaration is deprecated [-Wdeprecated-literal-operator]
  152 |     constexpr Dist operator"" _px(unsigned long long value) { return { Dist::Type::Abs, static_cast<float>(value) }; }
      |                    ~~~~~~~~~~~^~~
      |                    operator""_px
C:/Users/Ryan/Desktop/Ryan/Rev/Rev/src/Element/Style/Style.ixx:153:31: warning: identifier '_pct' preceded by whitespace in a literal operator declaration is deprecated [-Wdeprecated-literal-operator]
  153 |     constexpr Dist operator"" _pct(unsigned long long value) { return { Dist::Type::Rel, static_cast<float>(value) / 100.0f }; }
      |                    ~~~~~~~~~~~^~~~
      |                    operator""_pct
C:/Users/Ryan/Desktop/Ryan/Rev/Rev/src/Element/Style/Style.ixx:154:31: warning: identifier '_grow' preceded by whitespace in a literal operator declaration is deprecated [-Wdeprecated-literal-operator]
  154 |     constexpr Dist operator"" _grow(unsigned long long value) { return { Dist::Type::Grow, static_cast<float>(value) / 100.0f }; }
      |                    ~~~~~~~~~~~^~~~~
      |                    operator""_grow
C:/Users/Ryan/Desktop/Ryan/Rev/Rev/src/Element/Style/Style.ixx:155:31: warning: identifier '_shrink' preceded by whitespace in a literal operator declaration is deprecated [-Wdeprecated-literal-operator]
  155 |     constexpr Dist operator"" _shrink(unsigned long long value) { return { Dist::Type::Grow, static_cast<float>(value) / 100.0f }; }
      |                    ~~~~~~~~~~~^~~~~~~
      |                    operator""_shrink
7 warnings generated.

In file included from C:\Users\Ryan\Desktop\Ryan\Rev\CAM\.clever\release\xpp\Rev.Core.Font\Font.cpp:2:
In file included from C:/Users/Ryan/Desktop/Ryan/Rev/Rev/src/Core/Font.ixx:18:
In file included from C:/Users/Ryan/Desktop/Ryan/Rev/Rev/src/Graphics/OpenGL/Canvas.OpenGL.ixx:12:
In file included from C:/Users/Ryan/Desktop/Ryan/Rev/Rev/src/Native/Windows/NativeWindow.win.ixx:31:
C:/Users/Ryan/Desktop/Ryan/Rev/Rev/src/Element/Style/Style.ixx:65:30: warning: identifier '_sec' preceded by whitespace in a literal operator declaration is deprecated [-Wdeprecated-literal-operator]
   65 |     constexpr int operator"" _sec(long double value) { return static_cast<int>(value * 1000.0); }
      |                   ~~~~~~~~~~~^~~~
      |                   operator""_sec
C:/Users/Ryan/Desktop/Ryan/Rev/Rev/src/Element/Style/Style.ixx:66:30: warning: identifier '_sec' preceded by whitespace in a literal operator declaration is deprecated [-Wdeprecated-literal-operator]
   66 |     constexpr int operator"" _sec(unsigned long long value) { return static_cast<int>(value * 1000.0); }
      |                   ~~~~~~~~~~~^~~~
      |                   operator""_sec
C:/Users/Ryan/Desktop/Ryan/Rev/Rev/src/Element/Style/Style.ixx:67:30: warning: identifier '_ms' preceded by whitespace in a literal operator declaration is deprecated [-Wdeprecated-literal-operator]
   67 |     constexpr int operator"" _ms(unsigned long long value) { return static_cast<int>(value); }
      |                   ~~~~~~~~~~~^~~
      |                   operator""_ms
C:/Users/Ryan/Desktop/Ryan/Rev/Rev/src/Element/Style/Style.ixx:152:31: warning: identifier '_px' preceded by whitespace in a literal operator declaration is deprecated [-Wdeprecated-literal-operator]
  152 |     constexpr Dist operator"" _px(unsigned long long value) { return { Dist::Type::Abs, static_cast<float>(value) }; }
      |                    ~~~~~~~~~~~^~~
      |                    operator""_px
C:/Users/Ryan/Desktop/Ryan/Rev/Rev/src/Element/Style/Style.ixx:153:31: warning: identifier '_pct' preceded by whitespace in a literal operator declaration is deprecated [-Wdeprecated-literal-operator]
  153 |     constexpr Dist operator"" _pct(unsigned long long value) { return { Dist::Type::Rel, static_cast<float>(value) / 100.0f }; }
      |                    ~~~~~~~~~~~^~~~
      |                    operator""_pct
C:/Users/Ryan/Desktop/Ryan/Rev/Rev/src/Element/Style/Style.ixx:154:31: warning: identifier '_grow' preceded by whitespace in a literal operator declaration is deprecated [-Wdeprecated-literal-operator]
  154 |     constexpr Dist operator"" _grow(unsigned long long value) { return { Dist::Type::Grow, static_cast<float>(value) / 100.0f }; }
      |                    ~~~~~~~~~~~^~~~~
      |                    operator""_grow
C:/Users/Ryan/Desktop/Ryan/Rev/Rev/src/Element/Style/Style.ixx:155:31: warning: identifier '_shrink' preceded by whitespace in a literal operator declaration is deprecated [-Wdeprecated-literal-operator]
  155 |     constexpr Dist operator"" _shrink(unsigned long long value) { return { Dist::Type::Grow, static_cast<float>(value) / 100.0f }; }
      |                    ~~~~~~~~~~~^~~~~~~
      |                    operator""_shrink
7 warnings generated.

  [ 22/165] CXX Rev/View.ixx
  [ 23/165] CXX Rev/Element.ixx
  [ 24/165] CXX Rev/Event.ixx
  [ 25/165] CXX Rev/GestureTracker.ixx
  [ 26/165] CXX Rev/Resolved.ixx
  [ 27/165] CXX Rev/Style.ixx
  [ 28/165] CXX Rev/Default.ixx
  [ 29/165] CXX Rev/Box.ixx
In file included from C:\Users\Ryan\Desktop\Ryan\Rev\CAM\.clever\release\xpp\Rev.Core.Svg\Svg.cpp:6:
In file included from C:/Users/Ryan/Desktop/Ryan/Rev/Rev/src/Core/Svg.ixx:18:
In file included from C:/Users/Ryan/Desktop/Ryan/Rev/Rev/src/Graphics/OpenGL/Canvas.OpenGL.ixx:12:
In file included from C:/Users/Ryan/Desktop/Ryan/Rev/Rev/src/Native/Windows/NativeWindow.win.ixx:31:
C:/Users/Ryan/Desktop/Ryan/Rev/Rev/src/Element/Style/Style.ixx:65:30: warning: identifier '_sec' preceded by whitespace in a literal operator declaration is deprecated [-Wdeprecated-literal-operator]
   65 |     constexpr int operator"" _sec(long double value) { return static_cast<int>(value * 1000.0); }
      |                   ~~~~~~~~~~~^~~~
      |                   operator""_sec
C:/Users/Ryan/Desktop/Ryan/Rev/Rev/src/Element/Style/Style.ixx:66:30: warning: identifier '_sec' preceded by whitespace in a literal operator declaration is deprecated [-Wdeprecated-literal-operator]
   66 |     constexpr int operator"" _sec(unsigned long long value) { return static_cast<int>(value * 1000.0); }
      |                   ~~~~~~~~~~~^~~~
      |                   operator""_sec
C:/Users/Ryan/Desktop/Ryan/Rev/Rev/src/Element/Style/Style.ixx:67:30: warning: identifier '_ms' preceded by whitespace in a literal operator declaration is deprecated [-Wdeprecated-literal-operator]
   67 |     constexpr int operator"" _ms(unsigned long long value) { return static_cast<int>(value); }
      |                   ~~~~~~~~~~~^~~
      |                   operator""_ms
C:/Users/Ryan/Desktop/Ryan/Rev/Rev/src/Element/Style/Style.ixx:152:31: warning: identifier '_px' preceded by whitespace in a literal operator declaration is deprecated [-Wdeprecated-literal-operator]
  152 |     constexpr Dist operator"" _px(unsigned long long value) { return { Dist::Type::Abs, static_cast<float>(value) }; }
      |                    ~~~~~~~~~~~^~~
      |                    operator""_px
C:/Users/Ryan/Desktop/Ryan/Rev/Rev/src/Element/Style/Style.ixx:153:31: warning: identifier '_pct' preceded by whitespace in a literal operator declaration is deprecated [-Wdeprecated-literal-operator]
  153 |     constexpr Dist operator"" _pct(unsigned long long value) { return { Dist::Type::Rel, static_cast<float>(value) / 100.0f }; }
      |                    ~~~~~~~~~~~^~~~
      |                    operator""_pct
C:/Users/Ryan/Desktop/Ryan/Rev/Rev/src/Element/Style/Style.ixx:154:31: warning: identifier '_grow' preceded by whitespace in a literal operator declaration is deprecated [-Wdeprecated-literal-operator]
  154 |     constexpr Dist operator"" _grow(unsigned long long value) { return { Dist::Type::Grow, static_cast<float>(value) / 100.0f }; }
      |                    ~~~~~~~~~~~^~~~~
      |                    operator""_grow
C:/Users/Ryan/Desktop/Ryan/Rev/Rev/src/Element/Style/Style.ixx:155:31: warning: identifier '_shrink' preceded by whitespace in a literal operator declaration is deprecated [-Wdeprecated-literal-operator]
  155 |     constexpr Dist operator"" _shrink(unsigned long long value) { return { Dist::Type::Grow, static_cast<float>(value) / 100.0f }; }
      |                    ~~~~~~~~~~~^~~~~~~
      |                    operator""_shrink
7 warnings generated.

  [ 30/165] CXX Rev/Button.ixx
In file included from C:\Users\Ryan\Desktop\Ryan\Rev\CAM\.clever\release\xpp\Rev.Element.Resolved\Resolved.cpp:2:
In file included from C:/Users/Ryan/Desktop/Ryan/Rev/Rev/src/Element/Resolved.ixx:10:
C:/Users/Ryan/Desktop/Ryan/Rev/Rev/src/Element/Style/Style.ixx:65:30: warning: identifier '_sec' preceded by whitespace in a literal operator declaration is deprecated [-Wdeprecated-literal-operator]
   65 |     constexpr int operator"" _sec(long double value) { return static_cast<int>(value * 1000.0); }
      |                   ~~~~~~~~~~~^~~~
      |                   operator""_sec
C:/Users/Ryan/Desktop/Ryan/Rev/Rev/src/Element/Style/Style.ixx:66:30: warning: identifier '_sec' preceded by whitespace in a literal operator declaration is deprecated [-Wdeprecated-literal-operator]
   66 |     constexpr int operator"" _sec(unsigned long long value) { return static_cast<int>(value * 1000.0); }
      |                   ~~~~~~~~~~~^~~~
      |                   operator""_sec
C:/Users/Ryan/Desktop/Ryan/Rev/Rev/src/Element/Style/Style.ixx:67:30: warning: identifier '_ms' preceded by whitespace in a literal operator declaration is deprecated [-Wdeprecated-literal-operator]
   67 |     constexpr int operator"" _ms(unsigned long long value) { return static_cast<int>(value); }
      |                   ~~~~~~~~~~~^~~
      |                   operator""_ms
C:/Users/Ryan/Desktop/Ryan/Rev/Rev/src/Element/Style/Style.ixx:152:31: warning: identifier '_px' preceded by whitespace in a literal operator declaration is deprecated [-Wdeprecated-literal-operator]
  152 |     constexpr Dist operator"" _px(unsigned long long value) { return { Dist::Type::Abs, static_cast<float>(value) }; }
      |                    ~~~~~~~~~~~^~~
      |                    operator""_px
C:/Users/Ryan/Desktop/Ryan/Rev/Rev/src/Element/Style/Style.ixx:153:31: warning: identifier '_pct' preceded by whitespace in a literal operator declaration is deprecated [-Wdeprecated-literal-operator]
  153 |     constexpr Dist operator"" _pct(unsigned long long value) { return { Dist::Type::Rel, static_cast<float>(value) / 100.0f }; }
      |                    ~~~~~~~~~~~^~~~
      |                    operator""_pct
C:/Users/Ryan/Desktop/Ryan/Rev/Rev/src/Element/Style/Style.ixx:154:31: warning: identifier '_grow' preceded by whitespace in a literal operator declaration is deprecated [-Wdeprecated-literal-operator]
  154 |     constexpr Dist operator"" _grow(unsigned long long value) { return { Dist::Type::Grow, static_cast<float>(value) / 100.0f }; }
      |                    ~~~~~~~~~~~^~~~~
      |                    operator""_grow
C:/Users/Ryan/Desktop/Ryan/Rev/Rev/src/Element/Style/Style.ixx:155:31: warning: identifier '_shrink' preceded by whitespace in a literal operator declaration is deprecated [-Wdeprecated-literal-operator]
  155 |     constexpr Dist operator"" _shrink(unsigned long long value) { return { Dist::Type::Grow, static_cast<float>(value) / 100.0f }; }
      |                    ~~~~~~~~~~~^~~~~~~
      |                    operator""_shrink
7 warnings generated.

  [ 31/165] CXX Rev/Checkbox.ixx
In file included from C:\Users\Ryan\Desktop\Ryan\Rev\CAM\.clever\release\xpp\Rev.Element.Event.GestureTracker\GestureTracker.cpp:2:
In file included from C:/Users/Ryan/Desktop/Ryan/Rev/Rev/src/Element/Event/GestureTracker.ixx:10:
In file included from C:/Users/Ryan/Desktop/Ryan/Rev/Rev/src/Element/Event/Event.ixx:12:
In file included from C:/Users/Ryan/Desktop/Ryan/Rev/Rev/src/Graphics/OpenGL/Canvas.OpenGL.ixx:12:
In file included from C:/Users/Ryan/Desktop/Ryan/Rev/Rev/src/Native/Windows/NativeWindow.win.ixx:31:
C:/Users/Ryan/Desktop/Ryan/Rev/Rev/src/Element/Style/Style.ixx:65:30: warning: identifier '_sec' preceded by whitespace in a literal operator declaration is deprecated [-Wdeprecated-literal-operator]
   65 |     constexpr int operator"" _sec(long double value) { return static_cast<int>(value * 1000.0); }
      |                   ~~~~~~~~~~~^~~~
      |                   operator""_sec
C:/Users/Ryan/Desktop/Ryan/Rev/Rev/src/Element/Style/Style.ixx:66:30: warning: identifier '_sec' preceded by whitespace in a literal operator declaration is deprecated [-Wdeprecated-literal-operator]
   66 |     constexpr int operator"" _sec(unsigned long long value) { return static_cast<int>(value * 1000.0); }
      |                   ~~~~~~~~~~~^~~~
      |                   operator""_sec
C:/Users/Ryan/Desktop/Ryan/Rev/Rev/src/Element/Style/Style.ixx:67:30: warning: identifier '_ms' preceded by whitespace in a literal operator declaration is deprecated [-Wdeprecated-literal-operator]
   67 |     constexpr int operator"" _ms(unsigned long long value) { return static_cast<int>(value); }
      |                   ~~~~~~~~~~~^~~
      |                   operator""_ms
C:/Users/Ryan/Desktop/Ryan/Rev/Rev/src/Element/Style/Style.ixx:152:31: warning: identifier '_px' preceded by whitespace in a literal operator declaration is deprecated [-Wdeprecated-literal-operator]
  152 |     constexpr Dist operator"" _px(unsigned long long value) { return { Dist::Type::Abs, static_cast<float>(value) }; }
      |                    ~~~~~~~~~~~^~~
      |                    operator""_px
C:/Users/Ryan/Desktop/Ryan/Rev/Rev/src/Element/Style/Style.ixx:153:31: warning: identifier '_pct' preceded by whitespace in a literal operator declaration is deprecated [-Wdeprecated-literal-operator]
  153 |     constexpr Dist operator"" _pct(unsigned long long value) { return { Dist::Type::Rel, static_cast<float>(value) / 100.0f }; }
      |                    ~~~~~~~~~~~^~~~
      |                    operator""_pct
C:/Users/Ryan/Desktop/Ryan/Rev/Rev/src/Element/Style/Style.ixx:154:31: warning: identifier '_grow' preceded by whitespace in a literal operator declaration is deprecated [-Wdeprecated-literal-operator]
  154 |     constexpr Dist operator"" _grow(unsigned long long value) { return { Dist::Type::Grow, static_cast<float>(value) / 100.0f }; }
      |                    ~~~~~~~~~~~^~~~~
      |                    operator""_grow
C:/Users/Ryan/Desktop/Ryan/Rev/Rev/src/Element/Style/Style.ixx:155:31: warning: identifier '_shrink' preceded by whitespace in a literal operator declaration is deprecated [-Wdeprecated-literal-operator]
  155 |     constexpr Dist operator"" _shrink(unsigned long long value) { return { Dist::Type::Grow, static_cast<float>(value) / 100.0f }; }
      |                    ~~~~~~~~~~~^~~~~~~
      |                    operator""_shrink
7 warnings generated.

In file included from C:\Users\Ryan\Desktop\Ryan\Rev\CAM\.clever\release\xpp\Rev.Element.Event\Event.cpp:2:
In file included from C:/Users/Ryan/Desktop/Ryan/Rev/Rev/src/Element/Event/Event.ixx:12:
In file included from C:/Users/Ryan/Desktop/Ryan/Rev/Rev/src/Graphics/OpenGL/Canvas.OpenGL.ixx:12:
In file included from C:/Users/Ryan/Desktop/Ryan/Rev/Rev/src/Native/Windows/NativeWindow.win.ixx:31:
C:/Users/Ryan/Desktop/Ryan/Rev/Rev/src/Element/Style/Style.ixx:65:30: warning: identifier '_sec' preceded by whitespace in a literal operator declaration is deprecated [-Wdeprecated-literal-operator]
   65 |     constexpr int operator"" _sec(long double value) { return static_cast<int>(value * 1000.0); }
      |                   ~~~~~~~~~~~^~~~
      |                   operator""_sec
C:/Users/Ryan/Desktop/Ryan/Rev/Rev/src/Element/Style/Style.ixx:66:30: warning: identifier '_sec' preceded by whitespace in a literal operator declaration is deprecated [-Wdeprecated-literal-operator]
   66 |     constexpr int operator"" _sec(unsigned long long value) { return static_cast<int>(value * 1000.0); }
      |                   ~~~~~~~~~~~^~~~
      |                   operator""_sec
C:/Users/Ryan/Desktop/Ryan/Rev/Rev/src/Element/Style/Style.ixx:67:30: warning: identifier '_ms' preceded by whitespace in a literal operator declaration is deprecated [-Wdeprecated-literal-operator]
   67 |     constexpr int operator"" _ms(unsigned long long value) { return static_cast<int>(value); }
      |                   ~~~~~~~~~~~^~~
      |                   operator""_ms
C:/Users/Ryan/Desktop/Ryan/Rev/Rev/src/Element/Style/Style.ixx:152:31: warning: identifier '_px' preceded by whitespace in a literal operator declaration is deprecated [-Wdeprecated-literal-operator]
  152 |     constexpr Dist operator"" _px(unsigned long long value) { return { Dist::Type::Abs, static_cast<float>(value) }; }
      |                    ~~~~~~~~~~~^~~
      |                    operator""_px
C:/Users/Ryan/Desktop/Ryan/Rev/Rev/src/Element/Style/Style.ixx:153:31: warning: identifier '_pct' preceded by whitespace in a literal operator declaration is deprecated [-Wdeprecated-literal-operator]
  153 |     constexpr Dist operator"" _pct(unsigned long long value) { return { Dist::Type::Rel, static_cast<float>(value) / 100.0f }; }
      |                    ~~~~~~~~~~~^~~~
      |                    operator""_pct
C:/Users/Ryan/Desktop/Ryan/Rev/Rev/src/Element/Style/Style.ixx:154:31: warning: identifier '_grow' preceded by whitespace in a literal operator declaration is deprecated [-Wdeprecated-literal-operator]
  154 |     constexpr Dist operator"" _grow(unsigned long long value) { return { Dist::Type::Grow, static_cast<float>(value) / 100.0f }; }
      |                    ~~~~~~~~~~~^~~~~
      |                    operator""_grow
C:/Users/Ryan/Desktop/Ryan/Rev/Rev/src/Element/Style/Style.ixx:155:31: warning: identifier '_shrink' preceded by whitespace in a literal operator declaration is deprecated [-Wdeprecated-literal-operator]
  155 |     constexpr Dist operator"" _shrink(unsigned long long value) { return { Dist::Type::Grow, static_cast<float>(value) / 100.0f }; }
      |                    ~~~~~~~~~~~^~~~~~~
      |                    operator""_shrink
7 warnings generated.

  [ 32/165] CXX Rev/Collapsible.ixx
  [ 33/165] CXX Rev/ControlTheme.ixx
In file included from C:\Users\Ryan\Desktop\Ryan\Rev\CAM\.clever\release\xpp\Rev.Themes.Default\Default.cpp:2:
In file included from C:/Users/Ryan/Desktop/Ryan/Rev/Rev/src/Element/Style/Themes/Default.ixx:5:
C:/Users/Ryan/Desktop/Ryan/Rev/Rev/src/Element/Style/Style.ixx:65:30: warning: identifier '_sec' preceded by whitespace in a literal operator declaration is deprecated [-Wdeprecated-literal-operator]
   65 |     constexpr int operator"" _sec(long double value) { return static_cast<int>(value * 1000.0); }
      |                   ~~~~~~~~~~~^~~~
      |                   operator""_sec
C:/Users/Ryan/Desktop/Ryan/Rev/Rev/src/Element/Style/Style.ixx:66:30: warning: identifier '_sec' preceded by whitespace in a literal operator declaration is deprecated [-Wdeprecated-literal-operator]
   66 |     constexpr int operator"" _sec(unsigned long long value) { return static_cast<int>(value * 1000.0); }
      |                   ~~~~~~~~~~~^~~~
      |                   operator""_sec
C:/Users/Ryan/Desktop/Ryan/Rev/Rev/src/Element/Style/Style.ixx:67:30: warning: identifier '_ms' preceded by whitespace in a literal operator declaration is deprecated [-Wdeprecated-literal-operator]
   67 |     constexpr int operator"" _ms(unsigned long long value) { return static_cast<int>(value); }
      |                   ~~~~~~~~~~~^~~
      |                   operator""_ms
C:/Users/Ryan/Desktop/Ryan/Rev/Rev/src/Element/Style/Style.ixx:152:31: warning: identifier '_px' preceded by whitespace in a literal operator declaration is deprecated [-Wdeprecated-literal-operator]
  152 |     constexpr Dist operator"" _px(unsigned long long value) { return { Dist::Type::Abs, static_cast<float>(value) }; }
      |                    ~~~~~~~~~~~^~~
      |                    operator""_px
C:/Users/Ryan/Desktop/Ryan/Rev/Rev/src/Element/Style/Style.ixx:153:31: warning: identifier '_pct' preceded by whitespace in a literal operator declaration is deprecated [-Wdeprecated-literal-operator]
  153 |     constexpr Dist operator"" _pct(unsigned long long value) { return { Dist::Type::Rel, static_cast<float>(value) / 100.0f }; }
      |                    ~~~~~~~~~~~^~~~
      |                    operator""_pct
C:/Users/Ryan/Desktop/Ryan/Rev/Rev/src/Element/Style/Style.ixx:154:31: warning: identifier '_grow' preceded by whitespace in a literal operator declaration is deprecated [-Wdeprecated-literal-operator]
  154 |     constexpr Dist operator"" _grow(unsigned long long value) { return { Dist::Type::Grow, static_cast<float>(value) / 100.0f }; }
      |                    ~~~~~~~~~~~^~~~~
      |                    operator""_grow
C:/Users/Ryan/Desktop/Ryan/Rev/Rev/src/Element/Style/Style.ixx:155:31: warning: identifier '_shrink' preceded by whitespace in a literal operator declaration is deprecated [-Wdeprecated-literal-operator]
  155 |     constexpr Dist operator"" _shrink(unsigned long long value) { return { Dist::Type::Grow, static_cast<float>(value) / 100.0f }; }
      |                    ~~~~~~~~~~~^~~~~~~
      |                    operator""_shrink
7 warnings generated.

  [ 34/165] CXX Rev/Dropdown.ixx
In file included from C:\Users\Ryan\Desktop\Ryan\Rev\CAM\.clever\release\xpp\Rev.Appearance\Style.cpp:2:
C:/Users/Ryan/Desktop/Ryan/Rev/Rev/src/Element/Style/Style.ixx:65:30: warning: identifier '_sec' preceded by whitespace in a literal operator declaration is deprecated [-Wdeprecated-literal-operator]
   65 |     constexpr int operator"" _sec(long double value) { return static_cast<int>(value * 1000.0); }
      |                   ~~~~~~~~~~~^~~~
      |                   operator""_sec
C:/Users/Ryan/Desktop/Ryan/Rev/Rev/src/Element/Style/Style.ixx:66:30: warning: identifier '_sec' preceded by whitespace in a literal operator declaration is deprecated [-Wdeprecated-literal-operator]
   66 |     constexpr int operator"" _sec(unsigned long long value) { return static_cast<int>(value * 1000.0); }
      |                   ~~~~~~~~~~~^~~~
      |                   operator""_sec
C:/Users/Ryan/Desktop/Ryan/Rev/Rev/src/Element/Style/Style.ixx:67:30: warning: identifier '_ms' preceded by whitespace in a literal operator declaration is deprecated [-Wdeprecated-literal-operator]
   67 |     constexpr int operator"" _ms(unsigned long long value) { return static_cast<int>(value); }
      |                   ~~~~~~~~~~~^~~
      |                   operator""_ms
C:/Users/Ryan/Desktop/Ryan/Rev/Rev/src/Element/Style/Style.ixx:152:31: warning: identifier '_px' preceded by whitespace in a literal operator declaration is deprecated [-Wdeprecated-literal-operator]
  152 |     constexpr Dist operator"" _px(unsigned long long value) { return { Dist::Type::Abs, static_cast<float>(value) }; }
      |                    ~~~~~~~~~~~^~~
      |                    operator""_px
C:/Users/Ryan/Desktop/Ryan/Rev/Rev/src/Element/Style/Style.ixx:153:31: warning: identifier '_pct' preceded by whitespace in a literal operator declaration is deprecated [-Wdeprecated-literal-operator]
  153 |     constexpr Dist operator"" _pct(unsigned long long value) { return { Dist::Type::Rel, static_cast<float>(value) / 100.0f }; }
      |                    ~~~~~~~~~~~^~~~
      |                    operator""_pct
C:/Users/Ryan/Desktop/Ryan/Rev/Rev/src/Element/Style/Style.ixx:154:31: warning: identifier '_grow' preceded by whitespace in a literal operator declaration is deprecated [-Wdeprecated-literal-operator]
  154 |     constexpr Dist operator"" _grow(unsigned long long value) { return { Dist::Type::Grow, static_cast<float>(value) / 100.0f }; }
      |                    ~~~~~~~~~~~^~~~~
      |                    operator""_grow
C:/Users/Ryan/Desktop/Ryan/Rev/Rev/src/Element/Style/Style.ixx:155:31: warning: identifier '_shrink' preceded by whitespace in a literal operator declaration is deprecated [-Wdeprecated-literal-operator]
  155 |     constexpr Dist operator"" _shrink(unsigned long long value) { return { Dist::Type::Grow, static_cast<float>(value) / 100.0f }; }
      |                    ~~~~~~~~~~~^~~~~~~
      |                    operator""_shrink
C:/Users/Ryan/Desktop/Ryan/Rev/Rev/src/Element/Style/Style.ixx:1053:56: warning: ISO C++20 considers use of overloaded operator '==' (with operand types 'Dist' and 'Dist') to be ambiguous despite there being a unique best viable function [-Wambiguous-reversed-operator]
 1053 |             auto d = [](Dist& a, Dist& b) { return !(a == b); };
      |                                                      ~ ^  ~
C:/Users/Ryan/Desktop/Ryan/Rev/Rev/src/Element/Style/Style.ixx:123:12: note: ambiguity is between a regular call to this operator and a call with the argument order reversed
  123 | auto Dist::operator==(const Dist& other) -> bool
      |            ^
C:/Users/Ryan/Desktop/Ryan/Rev/Rev/src/Element/Style/Style.ixx:123:12: note: mark 'operator==' as const or add a matching 'operator!=' to resolve the ambiguity
C:/Users/Ryan/Desktop/Ryan/Rev/Rev/src/Element/Style/Style.ixx:1085:30: warning: ISO C++20 considers use of overloaded operator '==' (with operand types 'VisibilityStyle' and 'VisibilityStyle') to be ambiguous despite there being a unique best viable function [-Wambiguous-reversed-operator]
 1085 |             if (!(visibility == old.visibility)) { return true; }
      |                   ~~~~~~~~~~ ^  ~~~~~~~~~~~~~~
C:/Users/Ryan/Desktop/Ryan/Rev/Rev/src/Element/Style/Style.ixx:817:23: note: ambiguity is between a regular call to this operator and a call with the argument order reversed
  817 | auto VisibilityStyle::operator==(const VisibilityStyle& other) -> bool
      |                       ^
C:/Users/Ryan/Desktop/Ryan/Rev/Rev/src/Element/Style/Style.ixx:817:23: note: mark 'operator==' as const or add a matching 'operator!=' to resolve the ambiguity
9 warnings generated.

  [ 35/165] CXX Rev/NumberInput.ixx
In file included from C:\Users\Ryan\Desktop\Ryan\Rev\CAM\.clever\release\xpp\Rev.Element\Element.cpp:2:
In file included from C:/Users/Ryan/Desktop/Ryan/Rev/Rev/src/Element/Element.ixx:15:
In file included from C:/Users/Ryan/Desktop/Ryan/Rev/Rev/src/Graphics/OpenGL/Canvas.OpenGL.ixx:12:
In file included from C:/Users/Ryan/Desktop/Ryan/Rev/Rev/src/Native/Windows/NativeWindow.win.ixx:31:
C:/Users/Ryan/Desktop/Ryan/Rev/Rev/src/Element/Style/Style.ixx:65:30: warning: identifier '_sec' preceded by whitespace in a literal operator declaration is deprecated [-Wdeprecated-literal-operator]
   65 |     constexpr int operator"" _sec(long double value) { return static_cast<int>(value * 1000.0); }
      |                   ~~~~~~~~~~~^~~~
      |                   operator""_sec
C:/Users/Ryan/Desktop/Ryan/Rev/Rev/src/Element/Style/Style.ixx:66:30: warning: identifier '_sec' preceded by whitespace in a literal operator declaration is deprecated [-Wdeprecated-literal-operator]
   66 |     constexpr int operator"" _sec(unsigned long long value) { return static_cast<int>(value * 1000.0); }
      |                   ~~~~~~~~~~~^~~~
      |                   operator""_sec
C:/Users/Ryan/Desktop/Ryan/Rev/Rev/src/Element/Style/Style.ixx:67:30: warning: identifier '_ms' preceded by whitespace in a literal operator declaration is deprecated [-Wdeprecated-literal-operator]
   67 |     constexpr int operator"" _ms(unsigned long long value) { return static_cast<int>(value); }
      |                   ~~~~~~~~~~~^~~
      |                   operator""_ms
C:/Users/Ryan/Desktop/Ryan/Rev/Rev/src/Element/Style/Style.ixx:152:31: warning: identifier '_px' preceded by whitespace in a literal operator declaration is deprecated [-Wdeprecated-literal-operator]
  152 |     constexpr Dist operator"" _px(unsigned long long value) { return { Dist::Type::Abs, static_cast<float>(value) }; }
      |                    ~~~~~~~~~~~^~~
      |                    operator""_px
C:/Users/Ryan/Desktop/Ryan/Rev/Rev/src/Element/Style/Style.ixx:153:31: warning: identifier '_pct' preceded by whitespace in a literal operator declaration is deprecated [-Wdeprecated-literal-operator]
  153 |     constexpr Dist operator"" _pct(unsigned long long value) { return { Dist::Type::Rel, static_cast<float>(value) / 100.0f }; }
      |                    ~~~~~~~~~~~^~~~
      |                    operator""_pct
C:/Users/Ryan/Desktop/Ryan/Rev/Rev/src/Element/Style/Style.ixx:154:31: warning: identifier '_grow' preceded by whitespace in a literal operator declaration is deprecated [-Wdeprecated-literal-operator]
  154 |     constexpr Dist operator"" _grow(unsigned long long value) { return { Dist::Type::Grow, static_cast<float>(value) / 100.0f }; }
      |                    ~~~~~~~~~~~^~~~~
      |                    operator""_grow
C:/Users/Ryan/Desktop/Ryan/Rev/Rev/src/Element/Style/Style.ixx:155:31: warning: identifier '_shrink' preceded by whitespace in a literal operator declaration is deprecated [-Wdeprecated-literal-operator]
  155 |     constexpr Dist operator"" _shrink(unsigned long long value) { return { Dist::Type::Grow, static_cast<float>(value) / 100.0f }; }
      |                    ~~~~~~~~~~~^~~~~~~
      |                    operator""_shrink
7 warnings generated.

  [ 36/165] CXX Rev/Radio.ixx
In file included from C:\Users\Ryan\Desktop\Ryan\Rev\CAM\.clever\release\xpp\Rev.Element.Box\Box.cpp:2:
In file included from C:/Users/Ryan/Desktop/Ryan/Rev/Rev/src/Elements/Box.ixx:12:
In file included from C:/Users/Ryan/Desktop/Ryan/Rev/Rev/src/Element/Element.ixx:15:
In file included from C:/Users/Ryan/Desktop/Ryan/Rev/Rev/src/Graphics/OpenGL/Canvas.OpenGL.ixx:12:
In file included from C:/Users/Ryan/Desktop/Ryan/Rev/Rev/src/Native/Windows/NativeWindow.win.ixx:31:
C:/Users/Ryan/Desktop/Ryan/Rev/Rev/src/Element/Style/Style.ixx:65:30: warning: identifier '_sec' preceded by whitespace in a literal operator declaration is deprecated [-Wdeprecated-literal-operator]
   65 |     constexpr int operator"" _sec(long double value) { return static_cast<int>(value * 1000.0); }
      |                   ~~~~~~~~~~~^~~~
      |                   operator""_sec
C:/Users/Ryan/Desktop/Ryan/Rev/Rev/src/Element/Style/Style.ixx:66:30: warning: identifier '_sec' preceded by whitespace in a literal operator declaration is deprecated [-Wdeprecated-literal-operator]
   66 |     constexpr int operator"" _sec(unsigned long long value) { return static_cast<int>(value * 1000.0); }
      |                   ~~~~~~~~~~~^~~~
      |                   operator""_sec
C:/Users/Ryan/Desktop/Ryan/Rev/Rev/src/Element/Style/Style.ixx:67:30: warning: identifier '_ms' preceded by whitespace in a literal operator declaration is deprecated [-Wdeprecated-literal-operator]
   67 |     constexpr int operator"" _ms(unsigned long long value) { return static_cast<int>(value); }
      |                   ~~~~~~~~~~~^~~
      |                   operator""_ms
C:/Users/Ryan/Desktop/Ryan/Rev/Rev/src/Element/Style/Style.ixx:152:31: warning: identifier '_px' preceded by whitespace in a literal operator declaration is deprecated [-Wdeprecated-literal-operator]
  152 |     constexpr Dist operator"" _px(unsigned long long value) { return { Dist::Type::Abs, static_cast<float>(value) }; }
      |                    ~~~~~~~~~~~^~~
      |                    operator""_px
C:/Users/Ryan/Desktop/Ryan/Rev/Rev/src/Element/Style/Style.ixx:153:31: warning: identifier '_pct' preceded by whitespace in a literal operator declaration is deprecated [-Wdeprecated-literal-operator]
  153 |     constexpr Dist operator"" _pct(unsigned long long value) { return { Dist::Type::Rel, static_cast<float>(value) / 100.0f }; }
      |                    ~~~~~~~~~~~^~~~
      |                    operator""_pct
C:/Users/Ryan/Desktop/Ryan/Rev/Rev/src/Element/Style/Style.ixx:154:31: warning: identifier '_grow' preceded by whitespace in a literal operator declaration is deprecated [-Wdeprecated-literal-operator]
  154 |     constexpr Dist operator"" _grow(unsigned long long value) { return { Dist::Type::Grow, static_cast<float>(value) / 100.0f }; }
      |                    ~~~~~~~~~~~^~~~~
      |                    operator""_grow
C:/Users/Ryan/Desktop/Ryan/Rev/Rev/src/Element/Style/Style.ixx:155:31: warning: identifier '_shrink' preceded by whitespace in a literal operator declaration is deprecated [-Wdeprecated-literal-operator]
  155 |     constexpr Dist operator"" _shrink(unsigned long long value) { return { Dist::Type::Grow, static_cast<float>(value) / 100.0f }; }
      |                    ~~~~~~~~~~~^~~~~~~
      |                    operator""_shrink
7 warnings generated.

  [ 37/165] CXX Rev/Slider.ixx
In file included from C:\Users\Ryan\Desktop\Ryan\Rev\CAM\.clever\release\xpp\Rev.Element.Button\Button.cpp:2:
In file included from C:/Users/Ryan/Desktop/Ryan/Rev/Rev/src/Elements/Controls/Button/Button.ixx:8:
In file included from C:/Users/Ryan/Desktop/Ryan/Rev/Rev/src/Element/Element.ixx:15:
In file included from C:/Users/Ryan/Desktop/Ryan/Rev/Rev/src/Graphics/OpenGL/Canvas.OpenGL.ixx:12:
In file included from C:/Users/Ryan/Desktop/Ryan/Rev/Rev/src/Native/Windows/NativeWindow.win.ixx:31:
C:/Users/Ryan/Desktop/Ryan/Rev/Rev/src/Element/Style/Style.ixx:65:30: warning: identifier '_sec' preceded by whitespace in a literal operator declaration is deprecated [-Wdeprecated-literal-operator]
   65 |     constexpr int operator"" _sec(long double value) { return static_cast<int>(value * 1000.0); }
      |                   ~~~~~~~~~~~^~~~
      |                   operator""_sec
C:/Users/Ryan/Desktop/Ryan/Rev/Rev/src/Element/Style/Style.ixx:66:30: warning: identifier '_sec' preceded by whitespace in a literal operator declaration is deprecated [-Wdeprecated-literal-operator]
   66 |     constexpr int operator"" _sec(unsigned long long value) { return static_cast<int>(value * 1000.0); }
      |                   ~~~~~~~~~~~^~~~
      |                   operator""_sec
C:/Users/Ryan/Desktop/Ryan/Rev/Rev/src/Element/Style/Style.ixx:67:30: warning: identifier '_ms' preceded by whitespace in a literal operator declaration is deprecated [-Wdeprecated-literal-operator]
   67 |     constexpr int operator"" _ms(unsigned long long value) { return static_cast<int>(value); }
      |                   ~~~~~~~~~~~^~~
      |                   operator""_ms
C:/Users/Ryan/Desktop/Ryan/Rev/Rev/src/Element/Style/Style.ixx:152:31: warning: identifier '_px' preceded by whitespace in a literal operator declaration is deprecated [-Wdeprecated-literal-operator]
  152 |     constexpr Dist operator"" _px(unsigned long long value) { return { Dist::Type::Abs, static_cast<float>(value) }; }
      |                    ~~~~~~~~~~~^~~
      |                    operator""_px
C:/Users/Ryan/Desktop/Ryan/Rev/Rev/src/Element/Style/Style.ixx:153:31: warning: identifier '_pct' preceded by whitespace in a literal operator declaration is deprecated [-Wdeprecated-literal-operator]
  153 |     constexpr Dist operator"" _pct(unsigned long long value) { return { Dist::Type::Rel, static_cast<float>(value) / 100.0f }; }
      |                    ~~~~~~~~~~~^~~~
      |                    operator""_pct
C:/Users/Ryan/Desktop/Ryan/Rev/Rev/src/Element/Style/Style.ixx:154:31: warning: identifier '_grow' preceded by whitespace in a literal operator declaration is deprecated [-Wdeprecated-literal-operator]
  154 |     constexpr Dist operator"" _grow(unsigned long long value) { return { Dist::Type::Grow, static_cast<float>(value) / 100.0f }; }
      |                    ~~~~~~~~~~~^~~~~
      |                    operator""_grow
C:/Users/Ryan/Desktop/Ryan/Rev/Rev/src/Element/Style/Style.ixx:155:31: warning: identifier '_shrink' preceded by whitespace in a literal operator declaration is deprecated [-Wdeprecated-literal-operator]
  155 |     constexpr Dist operator"" _shrink(unsigned long long value) { return { Dist::Type::Grow, static_cast<float>(value) / 100.0f }; }
      |                    ~~~~~~~~~~~^~~~~~~
      |                    operator""_shrink
7 warnings generated.

  [ 38/165] CXX Rev/TextInput.ixx
In file included from C:\Users\Ryan\Desktop\Ryan\Rev\CAM\.clever\release\xpp\Rev.Element.Checkbox\Checkbox.cpp:2:
In file included from C:/Users/Ryan/Desktop/Ryan/Rev/Rev/src/Elements/Controls/Checkbox/Checkbox.ixx:16:
In file included from C:/Users/Ryan/Desktop/Ryan/Rev/Rev/src/Element/Element.ixx:15:
In file included from C:/Users/Ryan/Desktop/Ryan/Rev/Rev/src/Graphics/OpenGL/Canvas.OpenGL.ixx:12:
In file included from C:/Users/Ryan/Desktop/Ryan/Rev/Rev/src/Native/Windows/NativeWindow.win.ixx:31:
C:/Users/Ryan/Desktop/Ryan/Rev/Rev/src/Element/Style/Style.ixx:65:30: warning: identifier '_sec' preceded by whitespace in a literal operator declaration is deprecated [-Wdeprecated-literal-operator]
   65 |     constexpr int operator"" _sec(long double value) { return static_cast<int>(value * 1000.0); }
      |                   ~~~~~~~~~~~^~~~
      |                   operator""_sec
C:/Users/Ryan/Desktop/Ryan/Rev/Rev/src/Element/Style/Style.ixx:66:30: warning: identifier '_sec' preceded by whitespace in a literal operator declaration is deprecated [-Wdeprecated-literal-operator]
   66 |     constexpr int operator"" _sec(unsigned long long value) { return static_cast<int>(value * 1000.0); }
      |                   ~~~~~~~~~~~^~~~
      |                   operator""_sec
C:/Users/Ryan/Desktop/Ryan/Rev/Rev/src/Element/Style/Style.ixx:67:30: warning: identifier '_ms' preceded by whitespace in a literal operator declaration is deprecated [-Wdeprecated-literal-operator]
   67 |     constexpr int operator"" _ms(unsigned long long value) { return static_cast<int>(value); }
      |                   ~~~~~~~~~~~^~~
      |                   operator""_ms
C:/Users/Ryan/Desktop/Ryan/Rev/Rev/src/Element/Style/Style.ixx:152:31: warning: identifier '_px' preceded by whitespace in a literal operator declaration is deprecated [-Wdeprecated-literal-operator]
  152 |     constexpr Dist operator"" _px(unsigned long long value) { return { Dist::Type::Abs, static_cast<float>(value) }; }
      |                    ~~~~~~~~~~~^~~
      |                    operator""_px
C:/Users/Ryan/Desktop/Ryan/Rev/Rev/src/Element/Style/Style.ixx:153:31: warning: identifier '_pct' preceded by whitespace in a literal operator declaration is deprecated [-Wdeprecated-literal-operator]
  153 |     constexpr Dist operator"" _pct(unsigned long long value) { return { Dist::Type::Rel, static_cast<float>(value) / 100.0f }; }
      |                    ~~~~~~~~~~~^~~~
      |                    operator""_pct
C:/Users/Ryan/Desktop/Ryan/Rev/Rev/src/Element/Style/Style.ixx:154:31: warning: identifier '_grow' preceded by whitespace in a literal operator declaration is deprecated [-Wdeprecated-literal-operator]
  154 |     constexpr Dist operator"" _grow(unsigned long long value) { return { Dist::Type::Grow, static_cast<float>(value) / 100.0f }; }
      |                    ~~~~~~~~~~~^~~~~
      |                    operator""_grow
C:/Users/Ryan/Desktop/Ryan/Rev/Rev/src/Element/Style/Style.ixx:155:31: warning: identifier '_shrink' preceded by whitespace in a literal operator declaration is deprecated [-Wdeprecated-literal-operator]
  155 |     constexpr Dist operator"" _shrink(unsigned long long value) { return { Dist::Type::Grow, static_cast<float>(value) / 100.0f }; }
      |                    ~~~~~~~~~~~^~~~~~~
      |                    operator""_shrink
7 warnings generated.

  [ 39/165] CXX Rev/Chart.ixx
In file included from C:\Users\Ryan\Desktop\Ryan\Rev\CAM\.clever\release\xpp\Rev.Element.Collapsible\Collapsible.cpp:2:
In file included from C:/Users/Ryan/Desktop/Ryan/Rev/Rev/src/Elements/Controls/Collapsible/Collapsible.ixx:12:
In file included from C:/Users/Ryan/Desktop/Ryan/Rev/Rev/src/Element/Element.ixx:15:
In file included from C:/Users/Ryan/Desktop/Ryan/Rev/Rev/src/Graphics/OpenGL/Canvas.OpenGL.ixx:12:
In file included from C:/Users/Ryan/Desktop/Ryan/Rev/Rev/src/Native/Windows/NativeWindow.win.ixx:31:
C:/Users/Ryan/Desktop/Ryan/Rev/Rev/src/Element/Style/Style.ixx:65:30: warning: identifier '_sec' preceded by whitespace in a literal operator declaration is deprecated [-Wdeprecated-literal-operator]
   65 |     constexpr int operator"" _sec(long double value) { return static_cast<int>(value * 1000.0); }
      |                   ~~~~~~~~~~~^~~~
      |                   operator""_sec
C:/Users/Ryan/Desktop/Ryan/Rev/Rev/src/Element/Style/Style.ixx:66:30: warning: identifier '_sec' preceded by whitespace in a literal operator declaration is deprecated [-Wdeprecated-literal-operator]
   66 |     constexpr int operator"" _sec(unsigned long long value) { return static_cast<int>(value * 1000.0); }
      |                   ~~~~~~~~~~~^~~~
      |                   operator""_sec
C:/Users/Ryan/Desktop/Ryan/Rev/Rev/src/Element/Style/Style.ixx:67:30: warning: identifier '_ms' preceded by whitespace in a literal operator declaration is deprecated [-Wdeprecated-literal-operator]
   67 |     constexpr int operator"" _ms(unsigned long long value) { return static_cast<int>(value); }
      |                   ~~~~~~~~~~~^~~
      |                   operator""_ms
C:/Users/Ryan/Desktop/Ryan/Rev/Rev/src/Element/Style/Style.ixx:152:31: warning: identifier '_px' preceded by whitespace in a literal operator declaration is deprecated [-Wdeprecated-literal-operator]
  152 |     constexpr Dist operator"" _px(unsigned long long value) { return { Dist::Type::Abs, static_cast<float>(value) }; }
      |                    ~~~~~~~~~~~^~~
      |                    operator""_px
C:/Users/Ryan/Desktop/Ryan/Rev/Rev/src/Element/Style/Style.ixx:153:31: warning: identifier '_pct' preceded by whitespace in a literal operator declaration is deprecated [-Wdeprecated-literal-operator]
  153 |     constexpr Dist operator"" _pct(unsigned long long value) { return { Dist::Type::Rel, static_cast<float>(value) / 100.0f }; }
      |                    ~~~~~~~~~~~^~~~
      |                    operator""_pct
C:/Users/Ryan/Desktop/Ryan/Rev/Rev/src/Element/Style/Style.ixx:154:31: warning: identifier '_grow' preceded by whitespace in a literal operator declaration is deprecated [-Wdeprecated-literal-operator]
  154 |     constexpr Dist operator"" _grow(unsigned long long value) { return { Dist::Type::Grow, static_cast<float>(value) / 100.0f }; }
      |                    ~~~~~~~~~~~^~~~~
      |                    operator""_grow
C:/Users/Ryan/Desktop/Ryan/Rev/Rev/src/Element/Style/Style.ixx:155:31: warning: identifier '_shrink' preceded by whitespace in a literal operator declaration is deprecated [-Wdeprecated-literal-operator]
  155 |     constexpr Dist operator"" _shrink(unsigned long long value) { return { Dist::Type::Grow, static_cast<float>(value) / 100.0f }; }
      |                    ~~~~~~~~~~~^~~~~~~
      |                    operator""_shrink
7 warnings generated.

  [ 40/165] CXX Rev/Actor3d.ixx
In file included from C:\Users\Ryan\Desktop\Ryan\Rev\CAM\.clever\release\xpp\Rev.Element.ControlTheme\ControlTheme.cpp:2:
In file included from C:/Users/Ryan/Desktop/Ryan/Rev/Rev/src/Elements/Controls/ControlTheme.ixx:5:
C:/Users/Ryan/Desktop/Ryan/Rev/Rev/src/Element/Style/Style.ixx:65:30: warning: identifier '_sec' preceded by whitespace in a literal operator declaration is deprecated [-Wdeprecated-literal-operator]
   65 |     constexpr int operator"" _sec(long double value) { return static_cast<int>(value * 1000.0); }
      |                   ~~~~~~~~~~~^~~~
      |                   operator""_sec
C:/Users/Ryan/Desktop/Ryan/Rev/Rev/src/Element/Style/Style.ixx:66:30: warning: identifier '_sec' preceded by whitespace in a literal operator declaration is deprecated [-Wdeprecated-literal-operator]
   66 |     constexpr int operator"" _sec(unsigned long long value) { return static_cast<int>(value * 1000.0); }
      |                   ~~~~~~~~~~~^~~~
      |                   operator""_sec
C:/Users/Ryan/Desktop/Ryan/Rev/Rev/src/Element/Style/Style.ixx:67:30: warning: identifier '_ms' preceded by whitespace in a literal operator declaration is deprecated [-Wdeprecated-literal-operator]
   67 |     constexpr int operator"" _ms(unsigned long long value) { return static_cast<int>(value); }
      |                   ~~~~~~~~~~~^~~
      |                   operator""_ms
C:/Users/Ryan/Desktop/Ryan/Rev/Rev/src/Element/Style/Style.ixx:152:31: warning: identifier '_px' preceded by whitespace in a literal operator declaration is deprecated [-Wdeprecated-literal-operator]
  152 |     constexpr Dist operator"" _px(unsigned long long value) { return { Dist::Type::Abs, static_cast<float>(value) }; }
      |                    ~~~~~~~~~~~^~~
      |                    operator""_px
C:/Users/Ryan/Desktop/Ryan/Rev/Rev/src/Element/Style/Style.ixx:153:31: warning: identifier '_pct' preceded by whitespace in a literal operator declaration is deprecated [-Wdeprecated-literal-operator]
  153 |     constexpr Dist operator"" _pct(unsigned long long value) { return { Dist::Type::Rel, static_cast<float>(value) / 100.0f }; }
      |                    ~~~~~~~~~~~^~~~
      |                    operator""_pct
C:/Users/Ryan/Desktop/Ryan/Rev/Rev/src/Element/Style/Style.ixx:154:31: warning: identifier '_grow' preceded by whitespace in a literal operator declaration is deprecated [-Wdeprecated-literal-operator]
  154 |     constexpr Dist operator"" _grow(unsigned long long value) { return { Dist::Type::Grow, static_cast<float>(value) / 100.0f }; }
      |                    ~~~~~~~~~~~^~~~~
      |                    operator""_grow
C:/Users/Ryan/Desktop/Ryan/Rev/Rev/src/Element/Style/Style.ixx:155:31: warning: identifier '_shrink' preceded by whitespace in a literal operator declaration is deprecated [-Wdeprecated-literal-operator]
  155 |     constexpr Dist operator"" _shrink(unsigned long long value) { return { Dist::Type::Grow, static_cast<float>(value) / 100.0f }; }
      |                    ~~~~~~~~~~~^~~~~~~
      |                    operator""_shrink
C:/Users/Ryan/Desktop/Ryan/Rev/Rev/src/Elements/Controls/ControlTheme.ixx:37:21: warning: ISO C++ requires field designators to be specified in declaration order; field 'padding' will be initialized after field 'overflow' [-Wreorder-init-list]
   37 |         .overflow = Overflow::Show,
      |         ~~~~~~~~~~~~^~~~~~~~~~~~~~
C:/Users/Ryan/Desktop/Ryan/Rev/Rev/src/Elements/Controls/ControlTheme.ixx:36:20: note: previous initialization for field 'padding' is here
   36 |         .padding = { .left = 9_px, .right = 9_px, .top = 6_px, .bottom = 5_px },
      |                    ^~~~~~~~~~~~~~~~~~~~~~~~~~~~~~~~~~~~~~~~~~~~~~~~~~~~~~~~~~~~
C:/Users/Ryan/Desktop/Ryan/Rev/Rev/src/Elements/Controls/ControlTheme.ixx:114:23: warning: ISO C++ requires field designators to be specified in declaration order; field 'width' will be initialized after field 'radius' [-Wreorder-init-list]
  114 |             .radius = 8_px
      |             ~~~~~~~~~~^~~~
C:/Users/Ryan/Desktop/Ryan/Rev/Rev/src/Elements/Controls/ControlTheme.ixx:113:22: note: previous initialization for field 'width' is here
  113 |             .width = 1_px,
      |                      ^~~~
C:/Users/Ryan/Desktop/Ryan/Rev/Rev/src/Elements/Controls/ControlTheme.ixx:140:23: warning: ISO C++ requires field designators to be specified in declaration order; field 'width' will be initialized after field 'radius' [-Wreorder-init-list]
  140 |             .radius = 8_px
      |             ~~~~~~~~~~^~~~
C:/Users/Ryan/Desktop/Ryan/Rev/Rev/src/Elements/Controls/ControlTheme.ixx:139:22: note: previous initialization for field 'width' is here
  139 |             .width = 1_px,
      |                      ^~~~
C:/Users/Ryan/Desktop/Ryan/Rev/Rev/src/Elements/Controls/ControlTheme.ixx:203:23: warning: ISO C++ requires field designators to be specified in declaration order; field 'width' will be initialized after field 'radius' [-Wreorder-init-list]
  203 |             .radius = 3_px
      |             ~~~~~~~~~~^~~~
C:/Users/Ryan/Desktop/Ryan/Rev/Rev/src/Elements/Controls/ControlTheme.ixx:202:22: note: previous initialization for field 'width' is here
  202 |             .width = 1_px,
      |                      ^~~~
11 warnings generated.

  [ 41/165] CXX Rev/Camera3d.ixx
In file included from C:\Users\Ryan\Desktop\Ryan\Rev\CAM\.clever\release\xpp\Rev.Element.Dropdown\Dropdown.cpp:2:
In file included from C:/Users/Ryan/Desktop/Ryan/Rev/Rev/src/Elements/Controls/Dropdown/Dropdown.ixx:16:
In file included from C:/Users/Ryan/Desktop/Ryan/Rev/Rev/src/Element/Element.ixx:15:
In file included from C:/Users/Ryan/Desktop/Ryan/Rev/Rev/src/Graphics/OpenGL/Canvas.OpenGL.ixx:12:
In file included from C:/Users/Ryan/Desktop/Ryan/Rev/Rev/src/Native/Windows/NativeWindow.win.ixx:31:
C:/Users/Ryan/Desktop/Ryan/Rev/Rev/src/Element/Style/Style.ixx:65:30: warning: identifier '_sec' preceded by whitespace in a literal operator declaration is deprecated [-Wdeprecated-literal-operator]
   65 |     constexpr int operator"" _sec(long double value) { return static_cast<int>(value * 1000.0); }
      |                   ~~~~~~~~~~~^~~~
      |                   operator""_sec
C:/Users/Ryan/Desktop/Ryan/Rev/Rev/src/Element/Style/Style.ixx:66:30: warning: identifier '_sec' preceded by whitespace in a literal operator declaration is deprecated [-Wdeprecated-literal-operator]
   66 |     constexpr int operator"" _sec(unsigned long long value) { return static_cast<int>(value * 1000.0); }
      |                   ~~~~~~~~~~~^~~~
      |                   operator""_sec
C:/Users/Ryan/Desktop/Ryan/Rev/Rev/src/Element/Style/Style.ixx:67:30: warning: identifier '_ms' preceded by whitespace in a literal operator declaration is deprecated [-Wdeprecated-literal-operator]
   67 |     constexpr int operator"" _ms(unsigned long long value) { return static_cast<int>(value); }
      |                   ~~~~~~~~~~~^~~
      |                   operator""_ms
C:/Users/Ryan/Desktop/Ryan/Rev/Rev/src/Element/Style/Style.ixx:152:31: warning: identifier '_px' preceded by whitespace in a literal operator declaration is deprecated [-Wdeprecated-literal-operator]
  152 |     constexpr Dist operator"" _px(unsigned long long value) { return { Dist::Type::Abs, static_cast<float>(value) }; }
      |                    ~~~~~~~~~~~^~~
      |                    operator""_px
C:/Users/Ryan/Desktop/Ryan/Rev/Rev/src/Element/Style/Style.ixx:153:31: warning: identifier '_pct' preceded by whitespace in a literal operator declaration is deprecated [-Wdeprecated-literal-operator]
  153 |     constexpr Dist operator"" _pct(unsigned long long value) { return { Dist::Type::Rel, static_cast<float>(value) / 100.0f }; }
      |                    ~~~~~~~~~~~^~~~
      |                    operator""_pct
C:/Users/Ryan/Desktop/Ryan/Rev/Rev/src/Element/Style/Style.ixx:154:31: warning: identifier '_grow' preceded by whitespace in a literal operator declaration is deprecated [-Wdeprecated-literal-operator]
  154 |     constexpr Dist operator"" _grow(unsigned long long value) { return { Dist::Type::Grow, static_cast<float>(value) / 100.0f }; }
      |                    ~~~~~~~~~~~^~~~~
      |                    operator""_grow
C:/Users/Ryan/Desktop/Ryan/Rev/Rev/src/Element/Style/Style.ixx:155:31: warning: identifier '_shrink' preceded by whitespace in a literal operator declaration is deprecated [-Wdeprecated-literal-operator]
  155 |     constexpr Dist operator"" _shrink(unsigned long long value) { return { Dist::Type::Grow, static_cast<float>(value) / 100.0f }; }
      |                    ~~~~~~~~~~~^~~~~~~
      |                    operator""_shrink
7 warnings generated.

  [ 42/165] CXX Rev/View3D.ixx
In file included from C:\Users\Ryan\Desktop\Ryan\Rev\CAM\.clever\release\xpp\Rev.Element.NumberInput\NumberInput.cpp:2:
In file included from C:/Users/Ryan/Desktop/Ryan/Rev/Rev/src/Elements/Controls/NumberInput/NumberInput.ixx:14:
In file included from C:/Users/Ryan/Desktop/Ryan/Rev/Rev/src/Element/Element.ixx:15:
In file included from C:/Users/Ryan/Desktop/Ryan/Rev/Rev/src/Graphics/OpenGL/Canvas.OpenGL.ixx:12:
In file included from C:/Users/Ryan/Desktop/Ryan/Rev/Rev/src/Native/Windows/NativeWindow.win.ixx:31:
C:/Users/Ryan/Desktop/Ryan/Rev/Rev/src/Element/Style/Style.ixx:65:30: warning: identifier '_sec' preceded by whitespace in a literal operator declaration is deprecated [-Wdeprecated-literal-operator]
   65 |     constexpr int operator"" _sec(long double value) { return static_cast<int>(value * 1000.0); }
      |                   ~~~~~~~~~~~^~~~
      |                   operator""_sec
C:/Users/Ryan/Desktop/Ryan/Rev/Rev/src/Element/Style/Style.ixx:66:30: warning: identifier '_sec' preceded by whitespace in a literal operator declaration is deprecated [-Wdeprecated-literal-operator]
   66 |     constexpr int operator"" _sec(unsigned long long value) { return static_cast<int>(value * 1000.0); }
      |                   ~~~~~~~~~~~^~~~
      |                   operator""_sec
C:/Users/Ryan/Desktop/Ryan/Rev/Rev/src/Element/Style/Style.ixx:67:30: warning: identifier '_ms' preceded by whitespace in a literal operator declaration is deprecated [-Wdeprecated-literal-operator]
   67 |     constexpr int operator"" _ms(unsigned long long value) { return static_cast<int>(value); }
      |                   ~~~~~~~~~~~^~~
      |                   operator""_ms
C:/Users/Ryan/Desktop/Ryan/Rev/Rev/src/Element/Style/Style.ixx:152:31: warning: identifier '_px' preceded by whitespace in a literal operator declaration is deprecated [-Wdeprecated-literal-operator]
  152 |     constexpr Dist operator"" _px(unsigned long long value) { return { Dist::Type::Abs, static_cast<float>(value) }; }
      |                    ~~~~~~~~~~~^~~
      |                    operator""_px
C:/Users/Ryan/Desktop/Ryan/Rev/Rev/src/Element/Style/Style.ixx:153:31: warning: identifier '_pct' preceded by whitespace in a literal operator declaration is deprecated [-Wdeprecated-literal-operator]
  153 |     constexpr Dist operator"" _pct(unsigned long long value) { return { Dist::Type::Rel, static_cast<float>(value) / 100.0f }; }
      |                    ~~~~~~~~~~~^~~~
      |                    operator""_pct
C:/Users/Ryan/Desktop/Ryan/Rev/Rev/src/Element/Style/Style.ixx:154:31: warning: identifier '_grow' preceded by whitespace in a literal operator declaration is deprecated [-Wdeprecated-literal-operator]
  154 |     constexpr Dist operator"" _grow(unsigned long long value) { return { Dist::Type::Grow, static_cast<float>(value) / 100.0f }; }
      |                    ~~~~~~~~~~~^~~~~
      |                    operator""_grow
C:/Users/Ryan/Desktop/Ryan/Rev/Rev/src/Element/Style/Style.ixx:155:31: warning: identifier '_shrink' preceded by whitespace in a literal operator declaration is deprecated [-Wdeprecated-literal-operator]
  155 |     constexpr Dist operator"" _shrink(unsigned long long value) { return { Dist::Type::Grow, static_cast<float>(value) / 100.0f }; }
      |                    ~~~~~~~~~~~^~~~~~~
      |                    operator""_shrink
7 warnings generated.

  [ 43/165] CXX Rev/Svg.ixx
In file included from C:\Users\Ryan\Desktop\Ryan\Rev\CAM\.clever\release\xpp\Rev.Element.Radio\Radio.cpp:2:
In file included from C:/Users/Ryan/Desktop/Ryan/Rev/Rev/src/Elements/Controls/Radio/Radio.ixx:15:
In file included from C:/Users/Ryan/Desktop/Ryan/Rev/Rev/src/Element/Element.ixx:15:
In file included from C:/Users/Ryan/Desktop/Ryan/Rev/Rev/src/Graphics/OpenGL/Canvas.OpenGL.ixx:12:
In file included from C:/Users/Ryan/Desktop/Ryan/Rev/Rev/src/Native/Windows/NativeWindow.win.ixx:31:
C:/Users/Ryan/Desktop/Ryan/Rev/Rev/src/Element/Style/Style.ixx:65:30: warning: identifier '_sec' preceded by whitespace in a literal operator declaration is deprecated [-Wdeprecated-literal-operator]
   65 |     constexpr int operator"" _sec(long double value) { return static_cast<int>(value * 1000.0); }
      |                   ~~~~~~~~~~~^~~~
      |                   operator""_sec
C:/Users/Ryan/Desktop/Ryan/Rev/Rev/src/Element/Style/Style.ixx:66:30: warning: identifier '_sec' preceded by whitespace in a literal operator declaration is deprecated [-Wdeprecated-literal-operator]
   66 |     constexpr int operator"" _sec(unsigned long long value) { return static_cast<int>(value * 1000.0); }
      |                   ~~~~~~~~~~~^~~~
      |                   operator""_sec
C:/Users/Ryan/Desktop/Ryan/Rev/Rev/src/Element/Style/Style.ixx:67:30: warning: identifier '_ms' preceded by whitespace in a literal operator declaration is deprecated [-Wdeprecated-literal-operator]
   67 |     constexpr int operator"" _ms(unsigned long long value) { return static_cast<int>(value); }
      |                   ~~~~~~~~~~~^~~
      |                   operator""_ms
C:/Users/Ryan/Desktop/Ryan/Rev/Rev/src/Element/Style/Style.ixx:152:31: warning: identifier '_px' preceded by whitespace in a literal operator declaration is deprecated [-Wdeprecated-literal-operator]
  152 |     constexpr Dist operator"" _px(unsigned long long value) { return { Dist::Type::Abs, static_cast<float>(value) }; }
      |                    ~~~~~~~~~~~^~~
      |                    operator""_px
C:/Users/Ryan/Desktop/Ryan/Rev/Rev/src/Element/Style/Style.ixx:153:31: warning: identifier '_pct' preceded by whitespace in a literal operator declaration is deprecated [-Wdeprecated-literal-operator]
  153 |     constexpr Dist operator"" _pct(unsigned long long value) { return { Dist::Type::Rel, static_cast<float>(value) / 100.0f }; }
      |                    ~~~~~~~~~~~^~~~
      |                    operator""_pct
C:/Users/Ryan/Desktop/Ryan/Rev/Rev/src/Element/Style/Style.ixx:154:31: warning: identifier '_grow' preceded by whitespace in a literal operator declaration is deprecated [-Wdeprecated-literal-operator]
  154 |     constexpr Dist operator"" _grow(unsigned long long value) { return { Dist::Type::Grow, static_cast<float>(value) / 100.0f }; }
      |                    ~~~~~~~~~~~^~~~~
      |                    operator""_grow
C:/Users/Ryan/Desktop/Ryan/Rev/Rev/src/Element/Style/Style.ixx:155:31: warning: identifier '_shrink' preceded by whitespace in a literal operator declaration is deprecated [-Wdeprecated-literal-operator]
  155 |     constexpr Dist operator"" _shrink(unsigned long long value) { return { Dist::Type::Grow, static_cast<float>(value) / 100.0f }; }
      |                    ~~~~~~~~~~~^~~~~~~
      |                    operator""_shrink
7 warnings generated.

  [ 44/165] CXX Rev/Text.ixx
In file included from C:\Users\Ryan\Desktop\Ryan\Rev\CAM\.clever\release\xpp\Rev.Element.Slider\Slider.cpp:2:
In file included from C:/Users/Ryan/Desktop/Ryan/Rev/Rev/src/Elements/Controls/Slider/Slider.ixx:11:
In file included from C:/Users/Ryan/Desktop/Ryan/Rev/Rev/src/Element/Element.ixx:15:
In file included from C:/Users/Ryan/Desktop/Ryan/Rev/Rev/src/Graphics/OpenGL/Canvas.OpenGL.ixx:12:
In file included from C:/Users/Ryan/Desktop/Ryan/Rev/Rev/src/Native/Windows/NativeWindow.win.ixx:31:
C:/Users/Ryan/Desktop/Ryan/Rev/Rev/src/Element/Style/Style.ixx:65:30: warning: identifier '_sec' preceded by whitespace in a literal operator declaration is deprecated [-Wdeprecated-literal-operator]
   65 |     constexpr int operator"" _sec(long double value) { return static_cast<int>(value * 1000.0); }
      |                   ~~~~~~~~~~~^~~~
      |                   operator""_sec
C:/Users/Ryan/Desktop/Ryan/Rev/Rev/src/Element/Style/Style.ixx:66:30: warning: identifier '_sec' preceded by whitespace in a literal operator declaration is deprecated [-Wdeprecated-literal-operator]
   66 |     constexpr int operator"" _sec(unsigned long long value) { return static_cast<int>(value * 1000.0); }
      |                   ~~~~~~~~~~~^~~~
      |                   operator""_sec
C:/Users/Ryan/Desktop/Ryan/Rev/Rev/src/Element/Style/Style.ixx:67:30: warning: identifier '_ms' preceded by whitespace in a literal operator declaration is deprecated [-Wdeprecated-literal-operator]
   67 |     constexpr int operator"" _ms(unsigned long long value) { return static_cast<int>(value); }
      |                   ~~~~~~~~~~~^~~
      |                   operator""_ms
C:/Users/Ryan/Desktop/Ryan/Rev/Rev/src/Element/Style/Style.ixx:152:31: warning: identifier '_px' preceded by whitespace in a literal operator declaration is deprecated [-Wdeprecated-literal-operator]
  152 |     constexpr Dist operator"" _px(unsigned long long value) { return { Dist::Type::Abs, static_cast<float>(value) }; }
      |                    ~~~~~~~~~~~^~~
      |                    operator""_px
C:/Users/Ryan/Desktop/Ryan/Rev/Rev/src/Element/Style/Style.ixx:153:31: warning: identifier '_pct' preceded by whitespace in a literal operator declaration is deprecated [-Wdeprecated-literal-operator]
  153 |     constexpr Dist operator"" _pct(unsigned long long value) { return { Dist::Type::Rel, static_cast<float>(value) / 100.0f }; }
      |                    ~~~~~~~~~~~^~~~
      |                    operator""_pct
C:/Users/Ryan/Desktop/Ryan/Rev/Rev/src/Element/Style/Style.ixx:154:31: warning: identifier '_grow' preceded by whitespace in a literal operator declaration is deprecated [-Wdeprecated-literal-operator]
  154 |     constexpr Dist operator"" _grow(unsigned long long value) { return { Dist::Type::Grow, static_cast<float>(value) / 100.0f }; }
      |                    ~~~~~~~~~~~^~~~~
      |                    operator""_grow
C:/Users/Ryan/Desktop/Ryan/Rev/Rev/src/Element/Style/Style.ixx:155:31: warning: identifier '_shrink' preceded by whitespace in a literal operator declaration is deprecated [-Wdeprecated-literal-operator]
  155 |     constexpr Dist operator"" _shrink(unsigned long long value) { return { Dist::Type::Grow, static_cast<float>(value) / 100.0f }; }
      |                    ~~~~~~~~~~~^~~~~~~
      |                    operator""_shrink
7 warnings generated.

  [ 45/165] CXX Rev/GlobalTime.ixx
In file included from C:\Users\Ryan\Desktop\Ryan\Rev\CAM\.clever\release\xpp\Rev.Element.TextInput\TextInput.cpp:2:
In file included from C:/Users/Ryan/Desktop/Ryan/Rev/Rev/src/Elements/Controls/TextInput/TextInput.ixx:12:
In file included from C:/Users/Ryan/Desktop/Ryan/Rev/Rev/src/Element/Element.ixx:15:
In file included from C:/Users/Ryan/Desktop/Ryan/Rev/Rev/src/Graphics/OpenGL/Canvas.OpenGL.ixx:12:
In file included from C:/Users/Ryan/Desktop/Ryan/Rev/Rev/src/Native/Windows/NativeWindow.win.ixx:31:
C:/Users/Ryan/Desktop/Ryan/Rev/Rev/src/Element/Style/Style.ixx:65:30: warning: identifier '_sec' preceded by whitespace in a literal operator declaration is deprecated [-Wdeprecated-literal-operator]
   65 |     constexpr int operator"" _sec(long double value) { return static_cast<int>(value * 1000.0); }
      |                   ~~~~~~~~~~~^~~~
      |                   operator""_sec
C:/Users/Ryan/Desktop/Ryan/Rev/Rev/src/Element/Style/Style.ixx:66:30: warning: identifier '_sec' preceded by whitespace in a literal operator declaration is deprecated [-Wdeprecated-literal-operator]
   66 |     constexpr int operator"" _sec(unsigned long long value) { return static_cast<int>(value * 1000.0); }
      |                   ~~~~~~~~~~~^~~~
      |                   operator""_sec
C:/Users/Ryan/Desktop/Ryan/Rev/Rev/src/Element/Style/Style.ixx:67:30: warning: identifier '_ms' preceded by whitespace in a literal operator declaration is deprecated [-Wdeprecated-literal-operator]
   67 |     constexpr int operator"" _ms(unsigned long long value) { return static_cast<int>(value); }
      |                   ~~~~~~~~~~~^~~
      |                   operator""_ms
C:/Users/Ryan/Desktop/Ryan/Rev/Rev/src/Element/Style/Style.ixx:152:31: warning: identifier '_px' preceded by whitespace in a literal operator declaration is deprecated [-Wdeprecated-literal-operator]
  152 |     constexpr Dist operator"" _px(unsigned long long value) { return { Dist::Type::Abs, static_cast<float>(value) }; }
      |                    ~~~~~~~~~~~^~~
      |                    operator""_px
C:/Users/Ryan/Desktop/Ryan/Rev/Rev/src/Element/Style/Style.ixx:153:31: warning: identifier '_pct' preceded by whitespace in a literal operator declaration is deprecated [-Wdeprecated-literal-operator]
  153 |     constexpr Dist operator"" _pct(unsigned long long value) { return { Dist::Type::Rel, static_cast<float>(value) / 100.0f }; }
      |                    ~~~~~~~~~~~^~~~
      |                    operator""_pct
C:/Users/Ryan/Desktop/Ryan/Rev/Rev/src/Element/Style/Style.ixx:154:31: warning: identifier '_grow' preceded by whitespace in a literal operator declaration is deprecated [-Wdeprecated-literal-operator]
  154 |     constexpr Dist operator"" _grow(unsigned long long value) { return { Dist::Type::Grow, static_cast<float>(value) / 100.0f }; }
      |                    ~~~~~~~~~~~^~~~~
      |                    operator""_grow
C:/Users/Ryan/Desktop/Ryan/Rev/Rev/src/Element/Style/Style.ixx:155:31: warning: identifier '_shrink' preceded by whitespace in a literal operator declaration is deprecated [-Wdeprecated-literal-operator]
  155 |     constexpr Dist operator"" _shrink(unsigned long long value) { return { Dist::Type::Grow, static_cast<float>(value) / 100.0f }; }
      |                    ~~~~~~~~~~~^~~~~~~
      |                    operator""_shrink
7 warnings generated.

  [ 46/165] CXX Rev/Canvas.OpenGL.ixx
In file included from C:\Users\Ryan\Desktop\Ryan\Rev\CAM\.clever\release\xpp\Rev.Element.View3d.Actor3d\Actor3d.cpp:2:
In file included from C:/Users/Ryan/Desktop/Ryan/Rev/Rev/src/Elements/Display/View3D/Actor3d.ixx:13:
In file included from C:/Users/Ryan/Desktop/Ryan/Rev/Rev/src/Graphics/Primitives/Mesh3d/Mesh3d.ixx:14:
In file included from C:/Users/Ryan/Desktop/Ryan/Rev/Rev/src/Graphics/Primitives/Primitive.ixx:5:
In file included from C:/Users/Ryan/Desktop/Ryan/Rev/Rev/src/Graphics/OpenGL/Canvas.OpenGL.ixx:12:
In file included from C:/Users/Ryan/Desktop/Ryan/Rev/Rev/src/Native/Windows/NativeWindow.win.ixx:31:
C:/Users/Ryan/Desktop/Ryan/Rev/Rev/src/Element/Style/Style.ixx:65:30: warning: identifier '_sec' preceded by whitespace in a literal operator declaration is deprecated [-Wdeprecated-literal-operator]
   65 |     constexpr int operator"" _sec(long double value) { return static_cast<int>(value * 1000.0); }
      |                   ~~~~~~~~~~~^~~~
      |                   operator""_sec
C:/Users/Ryan/Desktop/Ryan/Rev/Rev/src/Element/Style/Style.ixx:66:30: warning: identifier '_sec' preceded by whitespace in a literal operator declaration is deprecated [-Wdeprecated-literal-operator]
   66 |     constexpr int operator"" _sec(unsigned long long value) { return static_cast<int>(value * 1000.0); }
      |                   ~~~~~~~~~~~^~~~
      |                   operator""_sec
C:/Users/Ryan/Desktop/Ryan/Rev/Rev/src/Element/Style/Style.ixx:67:30: warning: identifier '_ms' preceded by whitespace in a literal operator declaration is deprecated [-Wdeprecated-literal-operator]
   67 |     constexpr int operator"" _ms(unsigned long long value) { return static_cast<int>(value); }
      |                   ~~~~~~~~~~~^~~
      |                   operator""_ms
C:/Users/Ryan/Desktop/Ryan/Rev/Rev/src/Element/Style/Style.ixx:152:31: warning: identifier '_px' preceded by whitespace in a literal operator declaration is deprecated [-Wdeprecated-literal-operator]
  152 |     constexpr Dist operator"" _px(unsigned long long value) { return { Dist::Type::Abs, static_cast<float>(value) }; }
      |                    ~~~~~~~~~~~^~~
      |                    operator""_px
C:/Users/Ryan/Desktop/Ryan/Rev/Rev/src/Element/Style/Style.ixx:153:31: warning: identifier '_pct' preceded by whitespace in a literal operator declaration is deprecated [-Wdeprecated-literal-operator]
  153 |     constexpr Dist operator"" _pct(unsigned long long value) { return { Dist::Type::Rel, static_cast<float>(value) / 100.0f }; }
      |                    ~~~~~~~~~~~^~~~
      |                    operator""_pct
C:/Users/Ryan/Desktop/Ryan/Rev/Rev/src/Element/Style/Style.ixx:154:31: warning: identifier '_grow' preceded by whitespace in a literal operator declaration is deprecated [-Wdeprecated-literal-operator]
  154 |     constexpr Dist operator"" _grow(unsigned long long value) { return { Dist::Type::Grow, static_cast<float>(value) / 100.0f }; }
      |                    ~~~~~~~~~~~^~~~~
      |                    operator""_grow
C:/Users/Ryan/Desktop/Ryan/Rev/Rev/src/Element/Style/Style.ixx:155:31: warning: identifier '_shrink' preceded by whitespace in a literal operator declaration is deprecated [-Wdeprecated-literal-operator]
  155 |     constexpr Dist operator"" _shrink(unsigned long long value) { return { Dist::Type::Grow, static_cast<float>(value) / 100.0f }; }
      |                    ~~~~~~~~~~~^~~~~~~
      |                    operator""_shrink
7 warnings generated.

  [ 47/165] CXX Rev/CommandBuffer.OpenGL.ixx
In file included from C:\Users\Ryan\Desktop\Ryan\Rev\CAM\.clever\release\xpp\Rev.Element.Chart\Chart.cpp:2:
In file included from C:/Users/Ryan/Desktop/Ryan/Rev/Rev/src/Elements/Display/Chart.ixx:19:
In file included from C:/Users/Ryan/Desktop/Ryan/Rev/Rev/src/Element/Element.ixx:15:
In file included from C:/Users/Ryan/Desktop/Ryan/Rev/Rev/src/Graphics/OpenGL/Canvas.OpenGL.ixx:12:
In file included from C:/Users/Ryan/Desktop/Ryan/Rev/Rev/src/Native/Windows/NativeWindow.win.ixx:31:
C:/Users/Ryan/Desktop/Ryan/Rev/Rev/src/Element/Style/Style.ixx:65:30: warning: identifier '_sec' preceded by whitespace in a literal operator declaration is deprecated [-Wdeprecated-literal-operator]
   65 |     constexpr int operator"" _sec(long double value) { return static_cast<int>(value * 1000.0); }
      |                   ~~~~~~~~~~~^~~~
      |                   operator""_sec
C:/Users/Ryan/Desktop/Ryan/Rev/Rev/src/Element/Style/Style.ixx:66:30: warning: identifier '_sec' preceded by whitespace in a literal operator declaration is deprecated [-Wdeprecated-literal-operator]
   66 |     constexpr int operator"" _sec(unsigned long long value) { return static_cast<int>(value * 1000.0); }
      |                   ~~~~~~~~~~~^~~~
      |                   operator""_sec
C:/Users/Ryan/Desktop/Ryan/Rev/Rev/src/Element/Style/Style.ixx:67:30: warning: identifier '_ms' preceded by whitespace in a literal operator declaration is deprecated [-Wdeprecated-literal-operator]
   67 |     constexpr int operator"" _ms(unsigned long long value) { return static_cast<int>(value); }
      |                   ~~~~~~~~~~~^~~
      |                   operator""_ms
C:/Users/Ryan/Desktop/Ryan/Rev/Rev/src/Element/Style/Style.ixx:152:31: warning: identifier '_px' preceded by whitespace in a literal operator declaration is deprecated [-Wdeprecated-literal-operator]
  152 |     constexpr Dist operator"" _px(unsigned long long value) { return { Dist::Type::Abs, static_cast<float>(value) }; }
      |                    ~~~~~~~~~~~^~~
      |                    operator""_px
C:/Users/Ryan/Desktop/Ryan/Rev/Rev/src/Element/Style/Style.ixx:153:31: warning: identifier '_pct' preceded by whitespace in a literal operator declaration is deprecated [-Wdeprecated-literal-operator]
  153 |     constexpr Dist operator"" _pct(unsigned long long value) { return { Dist::Type::Rel, static_cast<float>(value) / 100.0f }; }
      |                    ~~~~~~~~~~~^~~~
      |                    operator""_pct
C:/Users/Ryan/Desktop/Ryan/Rev/Rev/src/Element/Style/Style.ixx:154:31: warning: identifier '_grow' preceded by whitespace in a literal operator declaration is deprecated [-Wdeprecated-literal-operator]
  154 |     constexpr Dist operator"" _grow(unsigned long long value) { return { Dist::Type::Grow, static_cast<float>(value) / 100.0f }; }
      |                    ~~~~~~~~~~~^~~~~
      |                    operator""_grow
C:/Users/Ryan/Desktop/Ryan/Rev/Rev/src/Element/Style/Style.ixx:155:31: warning: identifier '_shrink' preceded by whitespace in a literal operator declaration is deprecated [-Wdeprecated-literal-operator]
  155 |     constexpr Dist operator"" _shrink(unsigned long long value) { return { Dist::Type::Grow, static_cast<float>(value) / 100.0f }; }
      |                    ~~~~~~~~~~~^~~~~~~
      |                    operator""_shrink
7 warnings generated.

  [ 48/165] CXX Rev/FrameBuffer.OpenGL.ixx
  [ 49/165] CXX Rev/Pipeline.OpenGL.ixx
In file included from C:\Users\Ryan\Desktop\Ryan\Rev\CAM\.clever\release\xpp\Rev.Element.View3d.Camera3d\Camera3d.cpp:2:
In file included from C:/Users/Ryan/Desktop/Ryan/Rev/Rev/src/Elements/Display/View3D/Camera3d.ixx:18:
In file included from C:/Users/Ryan/Desktop/Ryan/Rev/Rev/src/Element/Event/Event.ixx:12:
In file included from C:/Users/Ryan/Desktop/Ryan/Rev/Rev/src/Graphics/OpenGL/Canvas.OpenGL.ixx:12:
In file included from C:/Users/Ryan/Desktop/Ryan/Rev/Rev/src/Native/Windows/NativeWindow.win.ixx:31:
C:/Users/Ryan/Desktop/Ryan/Rev/Rev/src/Element/Style/Style.ixx:65:30: warning: identifier '_sec' preceded by whitespace in a literal operator declaration is deprecated [-Wdeprecated-literal-operator]
   65 |     constexpr int operator"" _sec(long double value) { return static_cast<int>(value * 1000.0); }
      |                   ~~~~~~~~~~~^~~~
      |                   operator""_sec
C:/Users/Ryan/Desktop/Ryan/Rev/Rev/src/Element/Style/Style.ixx:66:30: warning: identifier '_sec' preceded by whitespace in a literal operator declaration is deprecated [-Wdeprecated-literal-operator]
   66 |     constexpr int operator"" _sec(unsigned long long value) { return static_cast<int>(value * 1000.0); }
      |                   ~~~~~~~~~~~^~~~
      |                   operator""_sec
C:/Users/Ryan/Desktop/Ryan/Rev/Rev/src/Element/Style/Style.ixx:67:30: warning: identifier '_ms' preceded by whitespace in a literal operator declaration is deprecated [-Wdeprecated-literal-operator]
   67 |     constexpr int operator"" _ms(unsigned long long value) { return static_cast<int>(value); }
      |                   ~~~~~~~~~~~^~~
      |                   operator""_ms
C:/Users/Ryan/Desktop/Ryan/Rev/Rev/src/Element/Style/Style.ixx:152:31: warning: identifier '_px' preceded by whitespace in a literal operator declaration is deprecated [-Wdeprecated-literal-operator]
  152 |     constexpr Dist operator"" _px(unsigned long long value) { return { Dist::Type::Abs, static_cast<float>(value) }; }
      |                    ~~~~~~~~~~~^~~
      |                    operator""_px
C:/Users/Ryan/Desktop/Ryan/Rev/Rev/src/Element/Style/Style.ixx:153:31: warning: identifier '_pct' preceded by whitespace in a literal operator declaration is deprecated [-Wdeprecated-literal-operator]
  153 |     constexpr Dist operator"" _pct(unsigned long long value) { return { Dist::Type::Rel, static_cast<float>(value) / 100.0f }; }
      |                    ~~~~~~~~~~~^~~~
      |                    operator""_pct
C:/Users/Ryan/Desktop/Ryan/Rev/Rev/src/Element/Style/Style.ixx:154:31: warning: identifier '_grow' preceded by whitespace in a literal operator declaration is deprecated [-Wdeprecated-literal-operator]
  154 |     constexpr Dist operator"" _grow(unsigned long long value) { return { Dist::Type::Grow, static_cast<float>(value) / 100.0f }; }
      |                    ~~~~~~~~~~~^~~~~
      |                    operator""_grow
C:/Users/Ryan/Desktop/Ryan/Rev/Rev/src/Element/Style/Style.ixx:155:31: warning: identifier '_shrink' preceded by whitespace in a literal operator declaration is deprecated [-Wdeprecated-literal-operator]
  155 |     constexpr Dist operator"" _shrink(unsigned long long value) { return { Dist::Type::Grow, static_cast<float>(value) / 100.0f }; }
      |                    ~~~~~~~~~~~^~~~~~~
      |                    operator""_shrink
7 warnings generated.

  [ 50/165] CXX Rev/Shader.OpenGL.ixx
  [ 51/165] CXX Rev/Texture.OpenGL.ixx
In file included from C:\Users\Ryan\Desktop\Ryan\Rev\CAM\.clever\release\xpp\Rev.Element.Svg\Svg.cpp:2:
In file included from C:/Users/Ryan/Desktop/Ryan/Rev/Rev/src/Elements/Svg.ixx:13:
In file included from C:/Users/Ryan/Desktop/Ryan/Rev/Rev/src/Element/Element.ixx:15:
In file included from C:/Users/Ryan/Desktop/Ryan/Rev/Rev/src/Graphics/OpenGL/Canvas.OpenGL.ixx:12:
In file included from C:/Users/Ryan/Desktop/Ryan/Rev/Rev/src/Native/Windows/NativeWindow.win.ixx:31:
C:/Users/Ryan/Desktop/Ryan/Rev/Rev/src/Element/Style/Style.ixx:65:30: warning: identifier '_sec' preceded by whitespace in a literal operator declaration is deprecated [-Wdeprecated-literal-operator]
   65 |     constexpr int operator"" _sec(long double value) { return static_cast<int>(value * 1000.0); }
      |                   ~~~~~~~~~~~^~~~
      |                   operator""_sec
C:/Users/Ryan/Desktop/Ryan/Rev/Rev/src/Element/Style/Style.ixx:66:30: warning: identifier '_sec' preceded by whitespace in a literal operator declaration is deprecated [-Wdeprecated-literal-operator]
   66 |     constexpr int operator"" _sec(unsigned long long value) { return static_cast<int>(value * 1000.0); }
      |                   ~~~~~~~~~~~^~~~
      |                   operator""_sec
C:/Users/Ryan/Desktop/Ryan/Rev/Rev/src/Element/Style/Style.ixx:67:30: warning: identifier '_ms' preceded by whitespace in a literal operator declaration is deprecated [-Wdeprecated-literal-operator]
   67 |     constexpr int operator"" _ms(unsigned long long value) { return static_cast<int>(value); }
      |                   ~~~~~~~~~~~^~~
      |                   operator""_ms
C:/Users/Ryan/Desktop/Ryan/Rev/Rev/src/Element/Style/Style.ixx:152:31: warning: identifier '_px' preceded by whitespace in a literal operator declaration is deprecated [-Wdeprecated-literal-operator]
  152 |     constexpr Dist operator"" _px(unsigned long long value) { return { Dist::Type::Abs, static_cast<float>(value) }; }
      |                    ~~~~~~~~~~~^~~
      |                    operator""_px
C:/Users/Ryan/Desktop/Ryan/Rev/Rev/src/Element/Style/Style.ixx:153:31: warning: identifier '_pct' preceded by whitespace in a literal operator declaration is deprecated [-Wdeprecated-literal-operator]
  153 |     constexpr Dist operator"" _pct(unsigned long long value) { return { Dist::Type::Rel, static_cast<float>(value) / 100.0f }; }
      |                    ~~~~~~~~~~~^~~~
      |                    operator""_pct
C:/Users/Ryan/Desktop/Ryan/Rev/Rev/src/Element/Style/Style.ixx:154:31: warning: identifier '_grow' preceded by whitespace in a literal operator declaration is deprecated [-Wdeprecated-literal-operator]
  154 |     constexpr Dist operator"" _grow(unsigned long long value) { return { Dist::Type::Grow, static_cast<float>(value) / 100.0f }; }
      |                    ~~~~~~~~~~~^~~~~
      |                    operator""_grow
C:/Users/Ryan/Desktop/Ryan/Rev/Rev/src/Element/Style/Style.ixx:155:31: warning: identifier '_shrink' preceded by whitespace in a literal operator declaration is deprecated [-Wdeprecated-literal-operator]
  155 |     constexpr Dist operator"" _shrink(unsigned long long value) { return { Dist::Type::Grow, static_cast<float>(value) / 100.0f }; }
      |                    ~~~~~~~~~~~^~~~~~~
      |                    operator""_shrink
7 warnings generated.

  [ 52/165] CXX Rev/TextureBuffer.OpenGL.ixx
In file included from C:\Users\Ryan\Desktop\Ryan\Rev\CAM\.clever\release\xpp\Rev.Element.View3d\View3D.cpp:2:
In file included from C:/Users/Ryan/Desktop/Ryan/Rev/Rev/src/Elements/Display/View3D/View3D.ixx:18:
In file included from C:/Users/Ryan/Desktop/Ryan/Rev/Rev/src/Element/Element.ixx:15:
In file included from C:/Users/Ryan/Desktop/Ryan/Rev/Rev/src/Graphics/OpenGL/Canvas.OpenGL.ixx:12:
In file included from C:/Users/Ryan/Desktop/Ryan/Rev/Rev/src/Native/Windows/NativeWindow.win.ixx:31:
C:/Users/Ryan/Desktop/Ryan/Rev/Rev/src/Element/Style/Style.ixx:65:30: warning: identifier '_sec' preceded by whitespace in a literal operator declaration is deprecated [-Wdeprecated-literal-operator]
   65 |     constexpr int operator"" _sec(long double value) { return static_cast<int>(value * 1000.0); }
      |                   ~~~~~~~~~~~^~~~
      |                   operator""_sec
C:/Users/Ryan/Desktop/Ryan/Rev/Rev/src/Element/Style/Style.ixx:66:30: warning: identifier '_sec' preceded by whitespace in a literal operator declaration is deprecated [-Wdeprecated-literal-operator]
   66 |     constexpr int operator"" _sec(unsigned long long value) { return static_cast<int>(value * 1000.0); }
      |                   ~~~~~~~~~~~^~~~
      |                   operator""_sec
C:/Users/Ryan/Desktop/Ryan/Rev/Rev/src/Element/Style/Style.ixx:67:30: warning: identifier '_ms' preceded by whitespace in a literal operator declaration is deprecated [-Wdeprecated-literal-operator]
   67 |     constexpr int operator"" _ms(unsigned long long value) { return static_cast<int>(value); }
      |                   ~~~~~~~~~~~^~~
      |                   operator""_ms
C:/Users/Ryan/Desktop/Ryan/Rev/Rev/src/Element/Style/Style.ixx:152:31: warning: identifier '_px' preceded by whitespace in a literal operator declaration is deprecated [-Wdeprecated-literal-operator]
  152 |     constexpr Dist operator"" _px(unsigned long long value) { return { Dist::Type::Abs, static_cast<float>(value) }; }
      |                    ~~~~~~~~~~~^~~
      |                    operator""_px
C:/Users/Ryan/Desktop/Ryan/Rev/Rev/src/Element/Style/Style.ixx:153:31: warning: identifier '_pct' preceded by whitespace in a literal operator declaration is deprecated [-Wdeprecated-literal-operator]
  153 |     constexpr Dist operator"" _pct(unsigned long long value) { return { Dist::Type::Rel, static_cast<float>(value) / 100.0f }; }
      |                    ~~~~~~~~~~~^~~~
      |                    operator""_pct
C:/Users/Ryan/Desktop/Ryan/Rev/Rev/src/Element/Style/Style.ixx:154:31: warning: identifier '_grow' preceded by whitespace in a literal operator declaration is deprecated [-Wdeprecated-literal-operator]
  154 |     constexpr Dist operator"" _grow(unsigned long long value) { return { Dist::Type::Grow, static_cast<float>(value) / 100.0f }; }
      |                    ~~~~~~~~~~~^~~~~
      |                    operator""_grow
C:/Users/Ryan/Desktop/Ryan/Rev/Rev/src/Element/Style/Style.ixx:155:31: warning: identifier '_shrink' preceded by whitespace in a literal operator declaration is deprecated [-Wdeprecated-literal-operator]
  155 |     constexpr Dist operator"" _shrink(unsigned long long value) { return { Dist::Type::Grow, static_cast<float>(value) / 100.0f }; }
      |                    ~~~~~~~~~~~^~~~~~~
      |                    operator""_shrink
7 warnings generated.

  [ 53/165] CXX Rev/UniformBuffer.OpenGL.ixx
In file included from C:\Users\Ryan\Desktop\Ryan\Rev\CAM\.clever\release\xpp\Rev.Element.Text\Text.cpp:2:
In file included from C:/Users/Ryan/Desktop/Ryan/Rev/Rev/src/Elements/Text.ixx:15:
C:/Users/Ryan/Desktop/Ryan/Rev/Rev/src/Element/Style/Style.ixx:65:30: warning: identifier '_sec' preceded by whitespace in a literal operator declaration is deprecated [-Wdeprecated-literal-operator]
   65 |     constexpr int operator"" _sec(long double value) { return static_cast<int>(value * 1000.0); }
      |                   ~~~~~~~~~~~^~~~
      |                   operator""_sec
C:/Users/Ryan/Desktop/Ryan/Rev/Rev/src/Element/Style/Style.ixx:66:30: warning: identifier '_sec' preceded by whitespace in a literal operator declaration is deprecated [-Wdeprecated-literal-operator]
   66 |     constexpr int operator"" _sec(unsigned long long value) { return static_cast<int>(value * 1000.0); }
      |                   ~~~~~~~~~~~^~~~
      |                   operator""_sec
C:/Users/Ryan/Desktop/Ryan/Rev/Rev/src/Element/Style/Style.ixx:67:30: warning: identifier '_ms' preceded by whitespace in a literal operator declaration is deprecated [-Wdeprecated-literal-operator]
   67 |     constexpr int operator"" _ms(unsigned long long value) { return static_cast<int>(value); }
      |                   ~~~~~~~~~~~^~~
      |                   operator""_ms
C:/Users/Ryan/Desktop/Ryan/Rev/Rev/src/Element/Style/Style.ixx:152:31: warning: identifier '_px' preceded by whitespace in a literal operator declaration is deprecated [-Wdeprecated-literal-operator]
  152 |     constexpr Dist operator"" _px(unsigned long long value) { return { Dist::Type::Abs, static_cast<float>(value) }; }
      |                    ~~~~~~~~~~~^~~
      |                    operator""_px
C:/Users/Ryan/Desktop/Ryan/Rev/Rev/src/Element/Style/Style.ixx:153:31: warning: identifier '_pct' preceded by whitespace in a literal operator declaration is deprecated [-Wdeprecated-literal-operator]
  153 |     constexpr Dist operator"" _pct(unsigned long long value) { return { Dist::Type::Rel, static_cast<float>(value) / 100.0f }; }
      |                    ~~~~~~~~~~~^~~~
      |                    operator""_pct
C:/Users/Ryan/Desktop/Ryan/Rev/Rev/src/Element/Style/Style.ixx:154:31: warning: identifier '_grow' preceded by whitespace in a literal operator declaration is deprecated [-Wdeprecated-literal-operator]
  154 |     constexpr Dist operator"" _grow(unsigned long long value) { return { Dist::Type::Grow, static_cast<float>(value) / 100.0f }; }
      |                    ~~~~~~~~~~~^~~~~
      |                    operator""_grow
C:/Users/Ryan/Desktop/Ryan/Rev/Rev/src/Element/Style/Style.ixx:155:31: warning: identifier '_shrink' preceded by whitespace in a literal operator declaration is deprecated [-Wdeprecated-literal-operator]
  155 |     constexpr Dist operator"" _shrink(unsigned long long value) { return { Dist::Type::Grow, static_cast<float>(value) / 100.0f }; }
      |                    ~~~~~~~~~~~^~~~~~~
      |                    operator""_shrink
7 warnings generated.

  [ 54/165] CXX Rev/VertexBuffer.OpenGL.ixx
In file included from C:\Users\Ryan\Desktop\Ryan\Rev\CAM\.clever\release\xpp\Rev.Graphics.Canvas\Canvas.OpenGL.cpp:2:
In file included from C:/Users/Ryan/Desktop/Ryan/Rev/Rev/src/Graphics/OpenGL/Canvas.OpenGL.ixx:12:
In file included from C:/Users/Ryan/Desktop/Ryan/Rev/Rev/src/Native/Windows/NativeWindow.win.ixx:31:
C:/Users/Ryan/Desktop/Ryan/Rev/Rev/src/Element/Style/Style.ixx:65:30: warning: identifier '_sec' preceded by whitespace in a literal operator declaration is deprecated [-Wdeprecated-literal-operator]
   65 |     constexpr int operator"" _sec(long double value) { return static_cast<int>(value * 1000.0); }
      |                   ~~~~~~~~~~~^~~~
      |                   operator""_sec
C:/Users/Ryan/Desktop/Ryan/Rev/Rev/src/Element/Style/Style.ixx:66:30: warning: identifier '_sec' preceded by whitespace in a literal operator declaration is deprecated [-Wdeprecated-literal-operator]
   66 |     constexpr int operator"" _sec(unsigned long long value) { return static_cast<int>(value * 1000.0); }
      |                   ~~~~~~~~~~~^~~~
      |                   operator""_sec
C:/Users/Ryan/Desktop/Ryan/Rev/Rev/src/Element/Style/Style.ixx:67:30: warning: identifier '_ms' preceded by whitespace in a literal operator declaration is deprecated [-Wdeprecated-literal-operator]
   67 |     constexpr int operator"" _ms(unsigned long long value) { return static_cast<int>(value); }
      |                   ~~~~~~~~~~~^~~
      |                   operator""_ms
C:/Users/Ryan/Desktop/Ryan/Rev/Rev/src/Element/Style/Style.ixx:152:31: warning: identifier '_px' preceded by whitespace in a literal operator declaration is deprecated [-Wdeprecated-literal-operator]
  152 |     constexpr Dist operator"" _px(unsigned long long value) { return { Dist::Type::Abs, static_cast<float>(value) }; }
      |                    ~~~~~~~~~~~^~~
      |                    operator""_px
C:/Users/Ryan/Desktop/Ryan/Rev/Rev/src/Element/Style/Style.ixx:153:31: warning: identifier '_pct' preceded by whitespace in a literal operator declaration is deprecated [-Wdeprecated-literal-operator]
  153 |     constexpr Dist operator"" _pct(unsigned long long value) { return { Dist::Type::Rel, static_cast<float>(value) / 100.0f }; }
      |                    ~~~~~~~~~~~^~~~
      |                    operator""_pct
C:/Users/Ryan/Desktop/Ryan/Rev/Rev/src/Element/Style/Style.ixx:154:31: warning: identifier '_grow' preceded by whitespace in a literal operator declaration is deprecated [-Wdeprecated-literal-operator]
  154 |     constexpr Dist operator"" _grow(unsigned long long value) { return { Dist::Type::Grow, static_cast<float>(value) / 100.0f }; }
      |                    ~~~~~~~~~~~^~~~~
      |                    operator""_grow
C:/Users/Ryan/Desktop/Ryan/Rev/Rev/src/Element/Style/Style.ixx:155:31: warning: identifier '_shrink' preceded by whitespace in a literal operator declaration is deprecated [-Wdeprecated-literal-operator]
  155 |     constexpr Dist operator"" _shrink(unsigned long long value) { return { Dist::Type::Grow, static_cast<float>(value) / 100.0f }; }
      |                    ~~~~~~~~~~~^~~~~~~
      |                    operator""_shrink
7 warnings generated.

  [ 55/165] CXX Rev/FastLines.ixx
In file included from C:\Users\Ryan\Desktop\Ryan\Rev\CAM\.clever\release\xpp\Rev.Graphics.FrameBuffer\FrameBuffer.OpenGL.cpp:2:
In file included from C:/Users/Ryan/Desktop/Ryan/Rev/Rev/src/Graphics/OpenGL/FrameBuffer.OpenGL.ixx:10:
In file included from C:/Users/Ryan/Desktop/Ryan/Rev/Rev/src/Graphics/OpenGL/Texture.OpenGL.ixx:9:
In file included from C:/Users/Ryan/Desktop/Ryan/Rev/Rev/src/Native/Windows/NativeWindow.win.ixx:31:
C:/Users/Ryan/Desktop/Ryan/Rev/Rev/src/Element/Style/Style.ixx:65:30: warning: identifier '_sec' preceded by whitespace in a literal operator declaration is deprecated [-Wdeprecated-literal-operator]
   65 |     constexpr int operator"" _sec(long double value) { return static_cast<int>(value * 1000.0); }
      |                   ~~~~~~~~~~~^~~~
      |                   operator""_sec
C:/Users/Ryan/Desktop/Ryan/Rev/Rev/src/Element/Style/Style.ixx:66:30: warning: identifier '_sec' preceded by whitespace in a literal operator declaration is deprecated [-Wdeprecated-literal-operator]
   66 |     constexpr int operator"" _sec(unsigned long long value) { return static_cast<int>(value * 1000.0); }
      |                   ~~~~~~~~~~~^~~~
      |                   operator""_sec
C:/Users/Ryan/Desktop/Ryan/Rev/Rev/src/Element/Style/Style.ixx:67:30: warning: identifier '_ms' preceded by whitespace in a literal operator declaration is deprecated [-Wdeprecated-literal-operator]
   67 |     constexpr int operator"" _ms(unsigned long long value) { return static_cast<int>(value); }
      |                   ~~~~~~~~~~~^~~
      |                   operator""_ms
C:/Users/Ryan/Desktop/Ryan/Rev/Rev/src/Element/Style/Style.ixx:152:31: warning: identifier '_px' preceded by whitespace in a literal operator declaration is deprecated [-Wdeprecated-literal-operator]
  152 |     constexpr Dist operator"" _px(unsigned long long value) { return { Dist::Type::Abs, static_cast<float>(value) }; }
      |                    ~~~~~~~~~~~^~~
      |                    operator""_px
C:/Users/Ryan/Desktop/Ryan/Rev/Rev/src/Element/Style/Style.ixx:153:31: warning: identifier '_pct' preceded by whitespace in a literal operator declaration is deprecated [-Wdeprecated-literal-operator]
  153 |     constexpr Dist operator"" _pct(unsigned long long value) { return { Dist::Type::Rel, static_cast<float>(value) / 100.0f }; }
      |                    ~~~~~~~~~~~^~~~
      |                    operator""_pct
C:/Users/Ryan/Desktop/Ryan/Rev/Rev/src/Element/Style/Style.ixx:154:31: warning: identifier '_grow' preceded by whitespace in a literal operator declaration is deprecated [-Wdeprecated-literal-operator]
  154 |     constexpr Dist operator"" _grow(unsigned long long value) { return { Dist::Type::Grow, static_cast<float>(value) / 100.0f }; }
      |                    ~~~~~~~~~~~^~~~~
      |                    operator""_grow
C:/Users/Ryan/Desktop/Ryan/Rev/Rev/src/Element/Style/Style.ixx:155:31: warning: identifier '_shrink' preceded by whitespace in a literal operator declaration is deprecated [-Wdeprecated-literal-operator]
  155 |     constexpr Dist operator"" _shrink(unsigned long long value) { return { Dist::Type::Grow, static_cast<float>(value) / 100.0f }; }
      |                    ~~~~~~~~~~~^~~~~~~
      |                    operator""_shrink
7 warnings generated.

  [ 56/165] CXX Rev/Lines.ixx
In file included from C:\Users\Ryan\Desktop\Ryan\Rev\CAM\.clever\release\xpp\Rev.Graphics.Pipeline\Pipeline.OpenGL.cpp:2:
In file included from C:/Users/Ryan/Desktop/Ryan/Rev/Rev/src/Graphics/OpenGL/Pipeline.OpenGL.ixx:14:
In file included from C:/Users/Ryan/Desktop/Ryan/Rev/Rev/src/Native/Windows/NativeWindow.win.ixx:31:
C:/Users/Ryan/Desktop/Ryan/Rev/Rev/src/Element/Style/Style.ixx:65:30: warning: identifier '_sec' preceded by whitespace in a literal operator declaration is deprecated [-Wdeprecated-literal-operator]
   65 |     constexpr int operator"" _sec(long double value) { return static_cast<int>(value * 1000.0); }
      |                   ~~~~~~~~~~~^~~~
      |                   operator""_sec
C:/Users/Ryan/Desktop/Ryan/Rev/Rev/src/Element/Style/Style.ixx:66:30: warning: identifier '_sec' preceded by whitespace in a literal operator declaration is deprecated [-Wdeprecated-literal-operator]
   66 |     constexpr int operator"" _sec(unsigned long long value) { return static_cast<int>(value * 1000.0); }
      |                   ~~~~~~~~~~~^~~~
      |                   operator""_sec
C:/Users/Ryan/Desktop/Ryan/Rev/Rev/src/Element/Style/Style.ixx:67:30: warning: identifier '_ms' preceded by whitespace in a literal operator declaration is deprecated [-Wdeprecated-literal-operator]
   67 |     constexpr int operator"" _ms(unsigned long long value) { return static_cast<int>(value); }
      |                   ~~~~~~~~~~~^~~
      |                   operator""_ms
C:/Users/Ryan/Desktop/Ryan/Rev/Rev/src/Element/Style/Style.ixx:152:31: warning: identifier '_px' preceded by whitespace in a literal operator declaration is deprecated [-Wdeprecated-literal-operator]
  152 |     constexpr Dist operator"" _px(unsigned long long value) { return { Dist::Type::Abs, static_cast<float>(value) }; }
      |                    ~~~~~~~~~~~^~~
      |                    operator""_px
C:/Users/Ryan/Desktop/Ryan/Rev/Rev/src/Element/Style/Style.ixx:153:31: warning: identifier '_pct' preceded by whitespace in a literal operator declaration is deprecated [-Wdeprecated-literal-operator]
  153 |     constexpr Dist operator"" _pct(unsigned long long value) { return { Dist::Type::Rel, static_cast<float>(value) / 100.0f }; }
      |                    ~~~~~~~~~~~^~~~
      |                    operator""_pct
C:/Users/Ryan/Desktop/Ryan/Rev/Rev/src/Element/Style/Style.ixx:154:31: warning: identifier '_grow' preceded by whitespace in a literal operator declaration is deprecated [-Wdeprecated-literal-operator]
  154 |     constexpr Dist operator"" _grow(unsigned long long value) { return { Dist::Type::Grow, static_cast<float>(value) / 100.0f }; }
      |                    ~~~~~~~~~~~^~~~~
      |                    operator""_grow
C:/Users/Ryan/Desktop/Ryan/Rev/Rev/src/Element/Style/Style.ixx:155:31: warning: identifier '_shrink' preceded by whitespace in a literal operator declaration is deprecated [-Wdeprecated-literal-operator]
  155 |     constexpr Dist operator"" _shrink(unsigned long long value) { return { Dist::Type::Grow, static_cast<float>(value) / 100.0f }; }
      |                    ~~~~~~~~~~~^~~~~~~
      |                    operator""_shrink
7 warnings generated.

  [ 57/165] CXX Rev/Lines3d.ixx
  [ 58/165] CXX Rev/Mesh3d.ixx
In file included from C:\Users\Ryan\Desktop\Ryan\Rev\CAM\.clever\release\xpp\Rev.Graphics.Texture\Texture.OpenGL.cpp:2:
In file included from C:/Users/Ryan/Desktop/Ryan/Rev/Rev/src/Graphics/OpenGL/Texture.OpenGL.ixx:9:
In file included from C:/Users/Ryan/Desktop/Ryan/Rev/Rev/src/Native/Windows/NativeWindow.win.ixx:31:
C:/Users/Ryan/Desktop/Ryan/Rev/Rev/src/Element/Style/Style.ixx:65:30: warning: identifier '_sec' preceded by whitespace in a literal operator declaration is deprecated [-Wdeprecated-literal-operator]
   65 |     constexpr int operator"" _sec(long double value) { return static_cast<int>(value * 1000.0); }
      |                   ~~~~~~~~~~~^~~~
      |                   operator""_sec
C:/Users/Ryan/Desktop/Ryan/Rev/Rev/src/Element/Style/Style.ixx:66:30: warning: identifier '_sec' preceded by whitespace in a literal operator declaration is deprecated [-Wdeprecated-literal-operator]
   66 |     constexpr int operator"" _sec(unsigned long long value) { return static_cast<int>(value * 1000.0); }
      |                   ~~~~~~~~~~~^~~~
      |                   operator""_sec
C:/Users/Ryan/Desktop/Ryan/Rev/Rev/src/Element/Style/Style.ixx:67:30: warning: identifier '_ms' preceded by whitespace in a literal operator declaration is deprecated [-Wdeprecated-literal-operator]
   67 |     constexpr int operator"" _ms(unsigned long long value) { return static_cast<int>(value); }
      |                   ~~~~~~~~~~~^~~
      |                   operator""_ms
C:/Users/Ryan/Desktop/Ryan/Rev/Rev/src/Element/Style/Style.ixx:152:31: warning: identifier '_px' preceded by whitespace in a literal operator declaration is deprecated [-Wdeprecated-literal-operator]
  152 |     constexpr Dist operator"" _px(unsigned long long value) { return { Dist::Type::Abs, static_cast<float>(value) }; }
      |                    ~~~~~~~~~~~^~~
      |                    operator""_px
C:/Users/Ryan/Desktop/Ryan/Rev/Rev/src/Element/Style/Style.ixx:153:31: warning: identifier '_pct' preceded by whitespace in a literal operator declaration is deprecated [-Wdeprecated-literal-operator]
  153 |     constexpr Dist operator"" _pct(unsigned long long value) { return { Dist::Type::Rel, static_cast<float>(value) / 100.0f }; }
      |                    ~~~~~~~~~~~^~~~
      |                    operator""_pct
C:/Users/Ryan/Desktop/Ryan/Rev/Rev/src/Element/Style/Style.ixx:154:31: warning: identifier '_grow' preceded by whitespace in a literal operator declaration is deprecated [-Wdeprecated-literal-operator]
  154 |     constexpr Dist operator"" _grow(unsigned long long value) { return { Dist::Type::Grow, static_cast<float>(value) / 100.0f }; }
      |                    ~~~~~~~~~~~^~~~~
      |                    operator""_grow
C:/Users/Ryan/Desktop/Ryan/Rev/Rev/src/Element/Style/Style.ixx:155:31: warning: identifier '_shrink' preceded by whitespace in a literal operator declaration is deprecated [-Wdeprecated-literal-operator]
  155 |     constexpr Dist operator"" _shrink(unsigned long long value) { return { Dist::Type::Grow, static_cast<float>(value) / 100.0f }; }
      |                    ~~~~~~~~~~~^~~~~~~
      |                    operator""_shrink
7 warnings generated.

  [ 59/165] CXX Rev/Primitive.ixx
In file included from C:\Users\Ryan\Desktop\Ryan\Rev\CAM\.clever\release\xpp\Rev.Graphics.TextureBuffer\TextureBuffer.OpenGL.cpp:2:
In file included from C:/Users/Ryan/Desktop/Ryan/Rev/Rev/src/Graphics/OpenGL/TextureBuffer.OpenGL.ixx:9:
In file included from C:/Users/Ryan/Desktop/Ryan/Rev/Rev/src/Native/Windows/NativeWindow.win.ixx:31:
C:/Users/Ryan/Desktop/Ryan/Rev/Rev/src/Element/Style/Style.ixx:65:30: warning: identifier '_sec' preceded by whitespace in a literal operator declaration is deprecated [-Wdeprecated-literal-operator]
   65 |     constexpr int operator"" _sec(long double value) { return static_cast<int>(value * 1000.0); }
      |                   ~~~~~~~~~~~^~~~
      |                   operator""_sec
C:/Users/Ryan/Desktop/Ryan/Rev/Rev/src/Element/Style/Style.ixx:66:30: warning: identifier '_sec' preceded by whitespace in a literal operator declaration is deprecated [-Wdeprecated-literal-operator]
   66 |     constexpr int operator"" _sec(unsigned long long value) { return static_cast<int>(value * 1000.0); }
      |                   ~~~~~~~~~~~^~~~
      |                   operator""_sec
C:/Users/Ryan/Desktop/Ryan/Rev/Rev/src/Element/Style/Style.ixx:67:30: warning: identifier '_ms' preceded by whitespace in a literal operator declaration is deprecated [-Wdeprecated-literal-operator]
   67 |     constexpr int operator"" _ms(unsigned long long value) { return static_cast<int>(value); }
      |                   ~~~~~~~~~~~^~~
      |                   operator""_ms
C:/Users/Ryan/Desktop/Ryan/Rev/Rev/src/Element/Style/Style.ixx:152:31: warning: identifier '_px' preceded by whitespace in a literal operator declaration is deprecated [-Wdeprecated-literal-operator]
  152 |     constexpr Dist operator"" _px(unsigned long long value) { return { Dist::Type::Abs, static_cast<float>(value) }; }
      |                    ~~~~~~~~~~~^~~
      |                    operator""_px
C:/Users/Ryan/Desktop/Ryan/Rev/Rev/src/Element/Style/Style.ixx:153:31: warning: identifier '_pct' preceded by whitespace in a literal operator declaration is deprecated [-Wdeprecated-literal-operator]
  153 |     constexpr Dist operator"" _pct(unsigned long long value) { return { Dist::Type::Rel, static_cast<float>(value) / 100.0f }; }
      |                    ~~~~~~~~~~~^~~~
      |                    operator""_pct
C:/Users/Ryan/Desktop/Ryan/Rev/Rev/src/Element/Style/Style.ixx:154:31: warning: identifier '_grow' preceded by whitespace in a literal operator declaration is deprecated [-Wdeprecated-literal-operator]
  154 |     constexpr Dist operator"" _grow(unsigned long long value) { return { Dist::Type::Grow, static_cast<float>(value) / 100.0f }; }
      |                    ~~~~~~~~~~~^~~~~
      |                    operator""_grow
C:/Users/Ryan/Desktop/Ryan/Rev/Rev/src/Element/Style/Style.ixx:155:31: warning: identifier '_shrink' preceded by whitespace in a literal operator declaration is deprecated [-Wdeprecated-literal-operator]
  155 |     constexpr Dist operator"" _shrink(unsigned long long value) { return { Dist::Type::Grow, static_cast<float>(value) / 100.0f }; }
      |                    ~~~~~~~~~~~^~~~~~~
      |                    operator""_shrink
7 warnings generated.

  [ 60/165] CXX Rev/Rectangle.ixx
In file included from C:\Users\Ryan\Desktop\Ryan\Rev\CAM\.clever\release\xpp\Rev.Graphics.UniformBuffer\UniformBuffer.OpenGL.cpp:2:
In file included from C:/Users/Ryan/Desktop/Ryan/Rev/Rev/src/Graphics/OpenGL/UniformBuffer.OpenGL.ixx:11:
In file included from C:/Users/Ryan/Desktop/Ryan/Rev/Rev/src/Native/Windows/NativeWindow.win.ixx:31:
C:/Users/Ryan/Desktop/Ryan/Rev/Rev/src/Element/Style/Style.ixx:65:30: warning: identifier '_sec' preceded by whitespace in a literal operator declaration is deprecated [-Wdeprecated-literal-operator]
   65 |     constexpr int operator"" _sec(long double value) { return static_cast<int>(value * 1000.0); }
      |                   ~~~~~~~~~~~^~~~
      |                   operator""_sec
C:/Users/Ryan/Desktop/Ryan/Rev/Rev/src/Element/Style/Style.ixx:66:30: warning: identifier '_sec' preceded by whitespace in a literal operator declaration is deprecated [-Wdeprecated-literal-operator]
   66 |     constexpr int operator"" _sec(unsigned long long value) { return static_cast<int>(value * 1000.0); }
      |                   ~~~~~~~~~~~^~~~
      |                   operator""_sec
C:/Users/Ryan/Desktop/Ryan/Rev/Rev/src/Element/Style/Style.ixx:67:30: warning: identifier '_ms' preceded by whitespace in a literal operator declaration is deprecated [-Wdeprecated-literal-operator]
   67 |     constexpr int operator"" _ms(unsigned long long value) { return static_cast<int>(value); }
      |                   ~~~~~~~~~~~^~~
      |                   operator""_ms
C:/Users/Ryan/Desktop/Ryan/Rev/Rev/src/Element/Style/Style.ixx:152:31: warning: identifier '_px' preceded by whitespace in a literal operator declaration is deprecated [-Wdeprecated-literal-operator]
  152 |     constexpr Dist operator"" _px(unsigned long long value) { return { Dist::Type::Abs, static_cast<float>(value) }; }
      |                    ~~~~~~~~~~~^~~
      |                    operator""_px
C:/Users/Ryan/Desktop/Ryan/Rev/Rev/src/Element/Style/Style.ixx:153:31: warning: identifier '_pct' preceded by whitespace in a literal operator declaration is deprecated [-Wdeprecated-literal-operator]
  153 |     constexpr Dist operator"" _pct(unsigned long long value) { return { Dist::Type::Rel, static_cast<float>(value) / 100.0f }; }
      |                    ~~~~~~~~~~~^~~~
      |                    operator""_pct
C:/Users/Ryan/Desktop/Ryan/Rev/Rev/src/Element/Style/Style.ixx:154:31: warning: identifier '_grow' preceded by whitespace in a literal operator declaration is deprecated [-Wdeprecated-literal-operator]
  154 |     constexpr Dist operator"" _grow(unsigned long long value) { return { Dist::Type::Grow, static_cast<float>(value) / 100.0f }; }
      |                    ~~~~~~~~~~~^~~~~
      |                    operator""_grow
C:/Users/Ryan/Desktop/Ryan/Rev/Rev/src/Element/Style/Style.ixx:155:31: warning: identifier '_shrink' preceded by whitespace in a literal operator declaration is deprecated [-Wdeprecated-literal-operator]
  155 |     constexpr Dist operator"" _shrink(unsigned long long value) { return { Dist::Type::Grow, static_cast<float>(value) / 100.0f }; }
      |                    ~~~~~~~~~~~^~~~~~~
      |                    operator""_shrink
7 warnings generated.

  [ 61/165] CXX Rev/Svg.ixx
In file included from C:\Users\Ryan\Desktop\Ryan\Rev\CAM\.clever\release\xpp\Rev.Graphics.VertexBuffer\VertexBuffer.OpenGL.cpp:2:
In file included from C:/Users/Ryan/Desktop/Ryan/Rev/Rev/src/Graphics/OpenGL/VertexBuffer.OpenGL.ixx:15:
In file included from C:/Users/Ryan/Desktop/Ryan/Rev/Rev/src/Native/Windows/NativeWindow.win.ixx:31:
C:/Users/Ryan/Desktop/Ryan/Rev/Rev/src/Element/Style/Style.ixx:65:30: warning: identifier '_sec' preceded by whitespace in a literal operator declaration is deprecated [-Wdeprecated-literal-operator]
   65 |     constexpr int operator"" _sec(long double value) { return static_cast<int>(value * 1000.0); }
      |                   ~~~~~~~~~~~^~~~
      |                   operator""_sec
C:/Users/Ryan/Desktop/Ryan/Rev/Rev/src/Element/Style/Style.ixx:66:30: warning: identifier '_sec' preceded by whitespace in a literal operator declaration is deprecated [-Wdeprecated-literal-operator]
   66 |     constexpr int operator"" _sec(unsigned long long value) { return static_cast<int>(value * 1000.0); }
      |                   ~~~~~~~~~~~^~~~
      |                   operator""_sec
C:/Users/Ryan/Desktop/Ryan/Rev/Rev/src/Element/Style/Style.ixx:67:30: warning: identifier '_ms' preceded by whitespace in a literal operator declaration is deprecated [-Wdeprecated-literal-operator]
   67 |     constexpr int operator"" _ms(unsigned long long value) { return static_cast<int>(value); }
      |                   ~~~~~~~~~~~^~~
      |                   operator""_ms
C:/Users/Ryan/Desktop/Ryan/Rev/Rev/src/Element/Style/Style.ixx:152:31: warning: identifier '_px' preceded by whitespace in a literal operator declaration is deprecated [-Wdeprecated-literal-operator]
  152 |     constexpr Dist operator"" _px(unsigned long long value) { return { Dist::Type::Abs, static_cast<float>(value) }; }
      |                    ~~~~~~~~~~~^~~
      |                    operator""_px
C:/Users/Ryan/Desktop/Ryan/Rev/Rev/src/Element/Style/Style.ixx:153:31: warning: identifier '_pct' preceded by whitespace in a literal operator declaration is deprecated [-Wdeprecated-literal-operator]
  153 |     constexpr Dist operator"" _pct(unsigned long long value) { return { Dist::Type::Rel, static_cast<float>(value) / 100.0f }; }
      |                    ~~~~~~~~~~~^~~~
      |                    operator""_pct
C:/Users/Ryan/Desktop/Ryan/Rev/Rev/src/Element/Style/Style.ixx:154:31: warning: identifier '_grow' preceded by whitespace in a literal operator declaration is deprecated [-Wdeprecated-literal-operator]
  154 |     constexpr Dist operator"" _grow(unsigned long long value) { return { Dist::Type::Grow, static_cast<float>(value) / 100.0f }; }
      |                    ~~~~~~~~~~~^~~~~
      |                    operator""_grow
C:/Users/Ryan/Desktop/Ryan/Rev/Rev/src/Element/Style/Style.ixx:155:31: warning: identifier '_shrink' preceded by whitespace in a literal operator declaration is deprecated [-Wdeprecated-literal-operator]
  155 |     constexpr Dist operator"" _shrink(unsigned long long value) { return { Dist::Type::Grow, static_cast<float>(value) / 100.0f }; }
      |                    ~~~~~~~~~~~^~~~~~~
      |                    operator""_shrink
7 warnings generated.

  [ 62/165] CXX Rev/Text.ixx
In file included from C:\Users\Ryan\Desktop\Ryan\Rev\CAM\.clever\release\xpp\Rev.Primitive.FastLines\FastLines.cpp:2:
In file included from C:/Users/Ryan/Desktop/Ryan/Rev/Rev/src/Graphics/Primitives/FastLines/FastLines.ixx:11:
In file included from C:/Users/Ryan/Desktop/Ryan/Rev/Rev/src/Graphics/Primitives/Primitive.ixx:5:
In file included from C:/Users/Ryan/Desktop/Ryan/Rev/Rev/src/Graphics/OpenGL/Canvas.OpenGL.ixx:12:
In file included from C:/Users/Ryan/Desktop/Ryan/Rev/Rev/src/Native/Windows/NativeWindow.win.ixx:31:
C:/Users/Ryan/Desktop/Ryan/Rev/Rev/src/Element/Style/Style.ixx:65:30: warning: identifier '_sec' preceded by whitespace in a literal operator declaration is deprecated [-Wdeprecated-literal-operator]
   65 |     constexpr int operator"" _sec(long double value) { return static_cast<int>(value * 1000.0); }
      |                   ~~~~~~~~~~~^~~~
      |                   operator""_sec
C:/Users/Ryan/Desktop/Ryan/Rev/Rev/src/Element/Style/Style.ixx:66:30: warning: identifier '_sec' preceded by whitespace in a literal operator declaration is deprecated [-Wdeprecated-literal-operator]
   66 |     constexpr int operator"" _sec(unsigned long long value) { return static_cast<int>(value * 1000.0); }
      |                   ~~~~~~~~~~~^~~~
      |                   operator""_sec
C:/Users/Ryan/Desktop/Ryan/Rev/Rev/src/Element/Style/Style.ixx:67:30: warning: identifier '_ms' preceded by whitespace in a literal operator declaration is deprecated [-Wdeprecated-literal-operator]
   67 |     constexpr int operator"" _ms(unsigned long long value) { return static_cast<int>(value); }
      |                   ~~~~~~~~~~~^~~
      |                   operator""_ms
C:/Users/Ryan/Desktop/Ryan/Rev/Rev/src/Element/Style/Style.ixx:152:31: warning: identifier '_px' preceded by whitespace in a literal operator declaration is deprecated [-Wdeprecated-literal-operator]
  152 |     constexpr Dist operator"" _px(unsigned long long value) { return { Dist::Type::Abs, static_cast<float>(value) }; }
      |                    ~~~~~~~~~~~^~~
      |                    operator""_px
C:/Users/Ryan/Desktop/Ryan/Rev/Rev/src/Element/Style/Style.ixx:153:31: warning: identifier '_pct' preceded by whitespace in a literal operator declaration is deprecated [-Wdeprecated-literal-operator]
  153 |     constexpr Dist operator"" _pct(unsigned long long value) { return { Dist::Type::Rel, static_cast<float>(value) / 100.0f }; }
      |                    ~~~~~~~~~~~^~~~
      |                    operator""_pct
C:/Users/Ryan/Desktop/Ryan/Rev/Rev/src/Element/Style/Style.ixx:154:31: warning: identifier '_grow' preceded by whitespace in a literal operator declaration is deprecated [-Wdeprecated-literal-operator]
  154 |     constexpr Dist operator"" _grow(unsigned long long value) { return { Dist::Type::Grow, static_cast<float>(value) / 100.0f }; }
      |                    ~~~~~~~~~~~^~~~~
      |                    operator""_grow
C:/Users/Ryan/Desktop/Ryan/Rev/Rev/src/Element/Style/Style.ixx:155:31: warning: identifier '_shrink' preceded by whitespace in a literal operator declaration is deprecated [-Wdeprecated-literal-operator]
  155 |     constexpr Dist operator"" _shrink(unsigned long long value) { return { Dist::Type::Grow, static_cast<float>(value) / 100.0f }; }
      |                    ~~~~~~~~~~~^~~~~~~
      |                    operator""_shrink
7 warnings generated.

  [ 63/165] CXX Rev/Triangles.ixx
In file included from C:\Users\Ryan\Desktop\Ryan\Rev\CAM\.clever\release\xpp\Rev.Primitive.Lines\Lines.cpp:2:
In file included from C:/Users/Ryan/Desktop/Ryan/Rev/Rev/src/Graphics/Primitives/Lines/Lines.ixx:11:
In file included from C:/Users/Ryan/Desktop/Ryan/Rev/Rev/src/Graphics/Primitives/Primitive.ixx:5:
In file included from C:/Users/Ryan/Desktop/Ryan/Rev/Rev/src/Graphics/OpenGL/Canvas.OpenGL.ixx:12:
In file included from C:/Users/Ryan/Desktop/Ryan/Rev/Rev/src/Native/Windows/NativeWindow.win.ixx:31:
C:/Users/Ryan/Desktop/Ryan/Rev/Rev/src/Element/Style/Style.ixx:65:30: warning: identifier '_sec' preceded by whitespace in a literal operator declaration is deprecated [-Wdeprecated-literal-operator]
   65 |     constexpr int operator"" _sec(long double value) { return static_cast<int>(value * 1000.0); }
      |                   ~~~~~~~~~~~^~~~
      |                   operator""_sec
C:/Users/Ryan/Desktop/Ryan/Rev/Rev/src/Element/Style/Style.ixx:66:30: warning: identifier '_sec' preceded by whitespace in a literal operator declaration is deprecated [-Wdeprecated-literal-operator]
   66 |     constexpr int operator"" _sec(unsigned long long value) { return static_cast<int>(value * 1000.0); }
      |                   ~~~~~~~~~~~^~~~
      |                   operator""_sec
C:/Users/Ryan/Desktop/Ryan/Rev/Rev/src/Element/Style/Style.ixx:67:30: warning: identifier '_ms' preceded by whitespace in a literal operator declaration is deprecated [-Wdeprecated-literal-operator]
   67 |     constexpr int operator"" _ms(unsigned long long value) { return static_cast<int>(value); }
      |                   ~~~~~~~~~~~^~~
      |                   operator""_ms
C:/Users/Ryan/Desktop/Ryan/Rev/Rev/src/Element/Style/Style.ixx:152:31: warning: identifier '_px' preceded by whitespace in a literal operator declaration is deprecated [-Wdeprecated-literal-operator]
  152 |     constexpr Dist operator"" _px(unsigned long long value) { return { Dist::Type::Abs, static_cast<float>(value) }; }
      |                    ~~~~~~~~~~~^~~
      |                    operator""_px
C:/Users/Ryan/Desktop/Ryan/Rev/Rev/src/Element/Style/Style.ixx:153:31: warning: identifier '_pct' preceded by whitespace in a literal operator declaration is deprecated [-Wdeprecated-literal-operator]
  153 |     constexpr Dist operator"" _pct(unsigned long long value) { return { Dist::Type::Rel, static_cast<float>(value) / 100.0f }; }
      |                    ~~~~~~~~~~~^~~~
      |                    operator""_pct
C:/Users/Ryan/Desktop/Ryan/Rev/Rev/src/Element/Style/Style.ixx:154:31: warning: identifier '_grow' preceded by whitespace in a literal operator declaration is deprecated [-Wdeprecated-literal-operator]
  154 |     constexpr Dist operator"" _grow(unsigned long long value) { return { Dist::Type::Grow, static_cast<float>(value) / 100.0f }; }
      |                    ~~~~~~~~~~~^~~~~
      |                    operator""_grow
C:/Users/Ryan/Desktop/Ryan/Rev/Rev/src/Element/Style/Style.ixx:155:31: warning: identifier '_shrink' preceded by whitespace in a literal operator declaration is deprecated [-Wdeprecated-literal-operator]
  155 |     constexpr Dist operator"" _shrink(unsigned long long value) { return { Dist::Type::Grow, static_cast<float>(value) / 100.0f }; }
      |                    ~~~~~~~~~~~^~~~~~~
      |                    operator""_shrink
7 warnings generated.

  [ 64/165] CXX Rev/Vulkan.ixx
In file included from C:\Users\Ryan\Desktop\Ryan\Rev\CAM\.clever\release\xpp\Rev.Primitive.Lines3d\Lines3d.cpp:2:
In file included from C:/Users/Ryan/Desktop/Ryan/Rev/Rev/src/Graphics/Primitives/Lines3d/Lines3d.ixx:11:
In file included from C:/Users/Ryan/Desktop/Ryan/Rev/Rev/src/Graphics/Primitives/Primitive.ixx:5:
In file included from C:/Users/Ryan/Desktop/Ryan/Rev/Rev/src/Graphics/OpenGL/Canvas.OpenGL.ixx:12:
In file included from C:/Users/Ryan/Desktop/Ryan/Rev/Rev/src/Native/Windows/NativeWindow.win.ixx:31:
C:/Users/Ryan/Desktop/Ryan/Rev/Rev/src/Element/Style/Style.ixx:65:30: warning: identifier '_sec' preceded by whitespace in a literal operator declaration is deprecated [-Wdeprecated-literal-operator]
   65 |     constexpr int operator"" _sec(long double value) { return static_cast<int>(value * 1000.0); }
      |                   ~~~~~~~~~~~^~~~
      |                   operator""_sec
C:/Users/Ryan/Desktop/Ryan/Rev/Rev/src/Element/Style/Style.ixx:66:30: warning: identifier '_sec' preceded by whitespace in a literal operator declaration is deprecated [-Wdeprecated-literal-operator]
   66 |     constexpr int operator"" _sec(unsigned long long value) { return static_cast<int>(value * 1000.0); }
      |                   ~~~~~~~~~~~^~~~
      |                   operator""_sec
C:/Users/Ryan/Desktop/Ryan/Rev/Rev/src/Element/Style/Style.ixx:67:30: warning: identifier '_ms' preceded by whitespace in a literal operator declaration is deprecated [-Wdeprecated-literal-operator]
   67 |     constexpr int operator"" _ms(unsigned long long value) { return static_cast<int>(value); }
      |                   ~~~~~~~~~~~^~~
      |                   operator""_ms
C:/Users/Ryan/Desktop/Ryan/Rev/Rev/src/Element/Style/Style.ixx:152:31: warning: identifier '_px' preceded by whitespace in a literal operator declaration is deprecated [-Wdeprecated-literal-operator]
  152 |     constexpr Dist operator"" _px(unsigned long long value) { return { Dist::Type::Abs, static_cast<float>(value) }; }
      |                    ~~~~~~~~~~~^~~
      |                    operator""_px
C:/Users/Ryan/Desktop/Ryan/Rev/Rev/src/Element/Style/Style.ixx:153:31: warning: identifier '_pct' preceded by whitespace in a literal operator declaration is deprecated [-Wdeprecated-literal-operator]
  153 |     constexpr Dist operator"" _pct(unsigned long long value) { return { Dist::Type::Rel, static_cast<float>(value) / 100.0f }; }
      |                    ~~~~~~~~~~~^~~~
      |                    operator""_pct
C:/Users/Ryan/Desktop/Ryan/Rev/Rev/src/Element/Style/Style.ixx:154:31: warning: identifier '_grow' preceded by whitespace in a literal operator declaration is deprecated [-Wdeprecated-literal-operator]
  154 |     constexpr Dist operator"" _grow(unsigned long long value) { return { Dist::Type::Grow, static_cast<float>(value) / 100.0f }; }
      |                    ~~~~~~~~~~~^~~~~
      |                    operator""_grow
C:/Users/Ryan/Desktop/Ryan/Rev/Rev/src/Element/Style/Style.ixx:155:31: warning: identifier '_shrink' preceded by whitespace in a literal operator declaration is deprecated [-Wdeprecated-literal-operator]
  155 |     constexpr Dist operator"" _shrink(unsigned long long value) { return { Dist::Type::Grow, static_cast<float>(value) / 100.0f }; }
      |                    ~~~~~~~~~~~^~~~~~~
      |                    operator""_shrink
7 warnings generated.

  [ 65/165] CXX Rev/Application.win.ixx
In file included from C:\Users\Ryan\Desktop\Ryan\Rev\CAM\.clever\release\xpp\Rev.Primitive.Mesh3d\Mesh3d.cpp:2:
In file included from C:/Users/Ryan/Desktop/Ryan/Rev/Rev/src/Graphics/Primitives/Mesh3d/Mesh3d.ixx:14:
In file included from C:/Users/Ryan/Desktop/Ryan/Rev/Rev/src/Graphics/Primitives/Primitive.ixx:5:
In file included from C:/Users/Ryan/Desktop/Ryan/Rev/Rev/src/Graphics/OpenGL/Canvas.OpenGL.ixx:12:
In file included from C:/Users/Ryan/Desktop/Ryan/Rev/Rev/src/Native/Windows/NativeWindow.win.ixx:31:
C:/Users/Ryan/Desktop/Ryan/Rev/Rev/src/Element/Style/Style.ixx:65:30: warning: identifier '_sec' preceded by whitespace in a literal operator declaration is deprecated [-Wdeprecated-literal-operator]
   65 |     constexpr int operator"" _sec(long double value) { return static_cast<int>(value * 1000.0); }
      |                   ~~~~~~~~~~~^~~~
      |                   operator""_sec
C:/Users/Ryan/Desktop/Ryan/Rev/Rev/src/Element/Style/Style.ixx:66:30: warning: identifier '_sec' preceded by whitespace in a literal operator declaration is deprecated [-Wdeprecated-literal-operator]
   66 |     constexpr int operator"" _sec(unsigned long long value) { return static_cast<int>(value * 1000.0); }
      |                   ~~~~~~~~~~~^~~~
      |                   operator""_sec
C:/Users/Ryan/Desktop/Ryan/Rev/Rev/src/Element/Style/Style.ixx:67:30: warning: identifier '_ms' preceded by whitespace in a literal operator declaration is deprecated [-Wdeprecated-literal-operator]
   67 |     constexpr int operator"" _ms(unsigned long long value) { return static_cast<int>(value); }
      |                   ~~~~~~~~~~~^~~
      |                   operator""_ms
C:/Users/Ryan/Desktop/Ryan/Rev/Rev/src/Element/Style/Style.ixx:152:31: warning: identifier '_px' preceded by whitespace in a literal operator declaration is deprecated [-Wdeprecated-literal-operator]
  152 |     constexpr Dist operator"" _px(unsigned long long value) { return { Dist::Type::Abs, static_cast<float>(value) }; }
      |                    ~~~~~~~~~~~^~~
      |                    operator""_px
C:/Users/Ryan/Desktop/Ryan/Rev/Rev/src/Element/Style/Style.ixx:153:31: warning: identifier '_pct' preceded by whitespace in a literal operator declaration is deprecated [-Wdeprecated-literal-operator]
  153 |     constexpr Dist operator"" _pct(unsigned long long value) { return { Dist::Type::Rel, static_cast<float>(value) / 100.0f }; }
      |                    ~~~~~~~~~~~^~~~
      |                    operator""_pct
C:/Users/Ryan/Desktop/Ryan/Rev/Rev/src/Element/Style/Style.ixx:154:31: warning: identifier '_grow' preceded by whitespace in a literal operator declaration is deprecated [-Wdeprecated-literal-operator]
  154 |     constexpr Dist operator"" _grow(unsigned long long value) { return { Dist::Type::Grow, static_cast<float>(value) / 100.0f }; }
      |                    ~~~~~~~~~~~^~~~~
      |                    operator""_grow
C:/Users/Ryan/Desktop/Ryan/Rev/Rev/src/Element/Style/Style.ixx:155:31: warning: identifier '_shrink' preceded by whitespace in a literal operator declaration is deprecated [-Wdeprecated-literal-operator]
  155 |     constexpr Dist operator"" _shrink(unsigned long long value) { return { Dist::Type::Grow, static_cast<float>(value) / 100.0f }; }
      |                    ~~~~~~~~~~~^~~~~~~
      |                    operator""_shrink
7 warnings generated.

  [ 66/165] CXX Rev/NativeWindow.win.ixx
In file included from C:\Users\Ryan\Desktop\Ryan\Rev\CAM\.clever\release\xpp\Rev.Primitive\Primitive.cpp:2:
In file included from C:/Users/Ryan/Desktop/Ryan/Rev/Rev/src/Graphics/Primitives/Primitive.ixx:5:
In file included from C:/Users/Ryan/Desktop/Ryan/Rev/Rev/src/Graphics/OpenGL/Canvas.OpenGL.ixx:12:
In file included from C:/Users/Ryan/Desktop/Ryan/Rev/Rev/src/Native/Windows/NativeWindow.win.ixx:31:
C:/Users/Ryan/Desktop/Ryan/Rev/Rev/src/Element/Style/Style.ixx:65:30: warning: identifier '_sec' preceded by whitespace in a literal operator declaration is deprecated [-Wdeprecated-literal-operator]
   65 |     constexpr int operator"" _sec(long double value) { return static_cast<int>(value * 1000.0); }
      |                   ~~~~~~~~~~~^~~~
      |                   operator""_sec
C:/Users/Ryan/Desktop/Ryan/Rev/Rev/src/Element/Style/Style.ixx:66:30: warning: identifier '_sec' preceded by whitespace in a literal operator declaration is deprecated [-Wdeprecated-literal-operator]
   66 |     constexpr int operator"" _sec(unsigned long long value) { return static_cast<int>(value * 1000.0); }
      |                   ~~~~~~~~~~~^~~~
      |                   operator""_sec
C:/Users/Ryan/Desktop/Ryan/Rev/Rev/src/Element/Style/Style.ixx:67:30: warning: identifier '_ms' preceded by whitespace in a literal operator declaration is deprecated [-Wdeprecated-literal-operator]
   67 |     constexpr int operator"" _ms(unsigned long long value) { return static_cast<int>(value); }
      |                   ~~~~~~~~~~~^~~
      |                   operator""_ms
C:/Users/Ryan/Desktop/Ryan/Rev/Rev/src/Element/Style/Style.ixx:152:31: warning: identifier '_px' preceded by whitespace in a literal operator declaration is deprecated [-Wdeprecated-literal-operator]
  152 |     constexpr Dist operator"" _px(unsigned long long value) { return { Dist::Type::Abs, static_cast<float>(value) }; }
      |                    ~~~~~~~~~~~^~~
      |                    operator""_px
C:/Users/Ryan/Desktop/Ryan/Rev/Rev/src/Element/Style/Style.ixx:153:31: warning: identifier '_pct' preceded by whitespace in a literal operator declaration is deprecated [-Wdeprecated-literal-operator]
  153 |     constexpr Dist operator"" _pct(unsigned long long value) { return { Dist::Type::Rel, static_cast<float>(value) / 100.0f }; }
      |                    ~~~~~~~~~~~^~~~
      |                    operator""_pct
C:/Users/Ryan/Desktop/Ryan/Rev/Rev/src/Element/Style/Style.ixx:154:31: warning: identifier '_grow' preceded by whitespace in a literal operator declaration is deprecated [-Wdeprecated-literal-operator]
  154 |     constexpr Dist operator"" _grow(unsigned long long value) { return { Dist::Type::Grow, static_cast<float>(value) / 100.0f }; }
      |                    ~~~~~~~~~~~^~~~~
      |                    operator""_grow
C:/Users/Ryan/Desktop/Ryan/Rev/Rev/src/Element/Style/Style.ixx:155:31: warning: identifier '_shrink' preceded by whitespace in a literal operator declaration is deprecated [-Wdeprecated-literal-operator]
  155 |     constexpr Dist operator"" _shrink(unsigned long long value) { return { Dist::Type::Grow, static_cast<float>(value) / 100.0f }; }
      |                    ~~~~~~~~~~~^~~~~~~
      |                    operator""_shrink
7 warnings generated.

  [ 67/165] CXX Rev/Client.win.ixx
In file included from C:\Users\Ryan\Desktop\Ryan\Rev\CAM\.clever\release\xpp\Rev.Primitive.Rectangle\Rectangle.cpp:2:
In file included from C:/Users/Ryan/Desktop/Ryan/Rev/Rev/src/Graphics/Primitives/Rectangle/Rectangle.ixx:8:
In file included from C:/Users/Ryan/Desktop/Ryan/Rev/Rev/src/Graphics/Primitives/Primitive.ixx:5:
In file included from C:/Users/Ryan/Desktop/Ryan/Rev/Rev/src/Graphics/OpenGL/Canvas.OpenGL.ixx:12:
In file included from C:/Users/Ryan/Desktop/Ryan/Rev/Rev/src/Native/Windows/NativeWindow.win.ixx:31:
C:/Users/Ryan/Desktop/Ryan/Rev/Rev/src/Element/Style/Style.ixx:65:30: warning: identifier '_sec' preceded by whitespace in a literal operator declaration is deprecated [-Wdeprecated-literal-operator]
   65 |     constexpr int operator"" _sec(long double value) { return static_cast<int>(value * 1000.0); }
      |                   ~~~~~~~~~~~^~~~
      |                   operator""_sec
C:/Users/Ryan/Desktop/Ryan/Rev/Rev/src/Element/Style/Style.ixx:66:30: warning: identifier '_sec' preceded by whitespace in a literal operator declaration is deprecated [-Wdeprecated-literal-operator]
   66 |     constexpr int operator"" _sec(unsigned long long value) { return static_cast<int>(value * 1000.0); }
      |                   ~~~~~~~~~~~^~~~
      |                   operator""_sec
C:/Users/Ryan/Desktop/Ryan/Rev/Rev/src/Element/Style/Style.ixx:67:30: warning: identifier '_ms' preceded by whitespace in a literal operator declaration is deprecated [-Wdeprecated-literal-operator]
   67 |     constexpr int operator"" _ms(unsigned long long value) { return static_cast<int>(value); }
      |                   ~~~~~~~~~~~^~~
      |                   operator""_ms
C:/Users/Ryan/Desktop/Ryan/Rev/Rev/src/Element/Style/Style.ixx:152:31: warning: identifier '_px' preceded by whitespace in a literal operator declaration is deprecated [-Wdeprecated-literal-operator]
  152 |     constexpr Dist operator"" _px(unsigned long long value) { return { Dist::Type::Abs, static_cast<float>(value) }; }
      |                    ~~~~~~~~~~~^~~
      |                    operator""_px
C:/Users/Ryan/Desktop/Ryan/Rev/Rev/src/Element/Style/Style.ixx:153:31: warning: identifier '_pct' preceded by whitespace in a literal operator declaration is deprecated [-Wdeprecated-literal-operator]
  153 |     constexpr Dist operator"" _pct(unsigned long long value) { return { Dist::Type::Rel, static_cast<float>(value) / 100.0f }; }
      |                    ~~~~~~~~~~~^~~~
      |                    operator""_pct
C:/Users/Ryan/Desktop/Ryan/Rev/Rev/src/Element/Style/Style.ixx:154:31: warning: identifier '_grow' preceded by whitespace in a literal operator declaration is deprecated [-Wdeprecated-literal-operator]
  154 |     constexpr Dist operator"" _grow(unsigned long long value) { return { Dist::Type::Grow, static_cast<float>(value) / 100.0f }; }
      |                    ~~~~~~~~~~~^~~~~
      |                    operator""_grow
C:/Users/Ryan/Desktop/Ryan/Rev/Rev/src/Element/Style/Style.ixx:155:31: warning: identifier '_shrink' preceded by whitespace in a literal operator declaration is deprecated [-Wdeprecated-literal-operator]
  155 |     constexpr Dist operator"" _shrink(unsigned long long value) { return { Dist::Type::Grow, static_cast<float>(value) / 100.0f }; }
      |                    ~~~~~~~~~~~^~~~~~~
      |                    operator""_shrink
7 warnings generated.

  [ 68/165] CXX Rev/Dialog.win.ixx
In file included from C:\Users\Ryan\Desktop\Ryan\Rev\CAM\.clever\release\xpp\Rev.Primitive.Svg\Svg.cpp:2:
In file included from C:/Users/Ryan/Desktop/Ryan/Rev/Rev/src/Graphics/Primitives/Svg/Svg.ixx:8:
In file included from C:/Users/Ryan/Desktop/Ryan/Rev/Rev/src/Graphics/Primitives/Primitive.ixx:5:
In file included from C:/Users/Ryan/Desktop/Ryan/Rev/Rev/src/Graphics/OpenGL/Canvas.OpenGL.ixx:12:
In file included from C:/Users/Ryan/Desktop/Ryan/Rev/Rev/src/Native/Windows/NativeWindow.win.ixx:31:
C:/Users/Ryan/Desktop/Ryan/Rev/Rev/src/Element/Style/Style.ixx:65:30: warning: identifier '_sec' preceded by whitespace in a literal operator declaration is deprecated [-Wdeprecated-literal-operator]
   65 |     constexpr int operator"" _sec(long double value) { return static_cast<int>(value * 1000.0); }
      |                   ~~~~~~~~~~~^~~~
      |                   operator""_sec
C:/Users/Ryan/Desktop/Ryan/Rev/Rev/src/Element/Style/Style.ixx:66:30: warning: identifier '_sec' preceded by whitespace in a literal operator declaration is deprecated [-Wdeprecated-literal-operator]
   66 |     constexpr int operator"" _sec(unsigned long long value) { return static_cast<int>(value * 1000.0); }
      |                   ~~~~~~~~~~~^~~~
      |                   operator""_sec
C:/Users/Ryan/Desktop/Ryan/Rev/Rev/src/Element/Style/Style.ixx:67:30: warning: identifier '_ms' preceded by whitespace in a literal operator declaration is deprecated [-Wdeprecated-literal-operator]
   67 |     constexpr int operator"" _ms(unsigned long long value) { return static_cast<int>(value); }
      |                   ~~~~~~~~~~~^~~
      |                   operator""_ms
C:/Users/Ryan/Desktop/Ryan/Rev/Rev/src/Element/Style/Style.ixx:152:31: warning: identifier '_px' preceded by whitespace in a literal operator declaration is deprecated [-Wdeprecated-literal-operator]
  152 |     constexpr Dist operator"" _px(unsigned long long value) { return { Dist::Type::Abs, static_cast<float>(value) }; }
      |                    ~~~~~~~~~~~^~~
      |                    operator""_px
C:/Users/Ryan/Desktop/Ryan/Rev/Rev/src/Element/Style/Style.ixx:153:31: warning: identifier '_pct' preceded by whitespace in a literal operator declaration is deprecated [-Wdeprecated-literal-operator]
  153 |     constexpr Dist operator"" _pct(unsigned long long value) { return { Dist::Type::Rel, static_cast<float>(value) / 100.0f }; }
      |                    ~~~~~~~~~~~^~~~
      |                    operator""_pct
C:/Users/Ryan/Desktop/Ryan/Rev/Rev/src/Element/Style/Style.ixx:154:31: warning: identifier '_grow' preceded by whitespace in a literal operator declaration is deprecated [-Wdeprecated-literal-operator]
  154 |     constexpr Dist operator"" _grow(unsigned long long value) { return { Dist::Type::Grow, static_cast<float>(value) / 100.0f }; }
      |                    ~~~~~~~~~~~^~~~~
      |                    operator""_grow
C:/Users/Ryan/Desktop/Ryan/Rev/Rev/src/Element/Style/Style.ixx:155:31: warning: identifier '_shrink' preceded by whitespace in a literal operator declaration is deprecated [-Wdeprecated-literal-operator]
  155 |     constexpr Dist operator"" _shrink(unsigned long long value) { return { Dist::Type::Grow, static_cast<float>(value) / 100.0f }; }
      |                    ~~~~~~~~~~~^~~~~~~
      |                    operator""_shrink
7 warnings generated.

  [ 69/165] CXX Rev/File.win.ixx
  [ 70/165] CXX Rev/Serial.win.ixx
  [ 71/165] CXX Rev/Socket.win.ixx
  [ 72/165] CXX Rev/Window.ixx
In file included from C:\Users\Ryan\Desktop\Ryan\Rev\CAM\.clever\release\xpp\Rev.Primitive.Text\Text.cpp:2:
In file included from C:/Users/Ryan/Desktop/Ryan/Rev/Rev/src/Graphics/Primitives/Text/Text.ixx:11:
In file included from C:/Users/Ryan/Desktop/Ryan/Rev/Rev/src/Graphics/Primitives/Primitive.ixx:5:
In file included from C:/Users/Ryan/Desktop/Ryan/Rev/Rev/src/Graphics/OpenGL/Canvas.OpenGL.ixx:12:
In file included from C:/Users/Ryan/Desktop/Ryan/Rev/Rev/src/Native/Windows/NativeWindow.win.ixx:31:
C:/Users/Ryan/Desktop/Ryan/Rev/Rev/src/Element/Style/Style.ixx:65:30: warning: identifier '_sec' preceded by whitespace in a literal operator declaration is deprecated [-Wdeprecated-literal-operator]
   65 |     constexpr int operator"" _sec(long double value) { return static_cast<int>(value * 1000.0); }
      |                   ~~~~~~~~~~~^~~~
      |                   operator""_sec
C:/Users/Ryan/Desktop/Ryan/Rev/Rev/src/Element/Style/Style.ixx:66:30: warning: identifier '_sec' preceded by whitespace in a literal operator declaration is deprecated [-Wdeprecated-literal-operator]
   66 |     constexpr int operator"" _sec(unsigned long long value) { return static_cast<int>(value * 1000.0); }
      |                   ~~~~~~~~~~~^~~~
      |                   operator""_sec
C:/Users/Ryan/Desktop/Ryan/Rev/Rev/src/Element/Style/Style.ixx:67:30: warning: identifier '_ms' preceded by whitespace in a literal operator declaration is deprecated [-Wdeprecated-literal-operator]
   67 |     constexpr int operator"" _ms(unsigned long long value) { return static_cast<int>(value); }
      |                   ~~~~~~~~~~~^~~
      |                   operator""_ms
C:/Users/Ryan/Desktop/Ryan/Rev/Rev/src/Element/Style/Style.ixx:152:31: warning: identifier '_px' preceded by whitespace in a literal operator declaration is deprecated [-Wdeprecated-literal-operator]
  152 |     constexpr Dist operator"" _px(unsigned long long value) { return { Dist::Type::Abs, static_cast<float>(value) }; }
      |                    ~~~~~~~~~~~^~~
      |                    operator""_px
C:/Users/Ryan/Desktop/Ryan/Rev/Rev/src/Element/Style/Style.ixx:153:31: warning: identifier '_pct' preceded by whitespace in a literal operator declaration is deprecated [-Wdeprecated-literal-operator]
  153 |     constexpr Dist operator"" _pct(unsigned long long value) { return { Dist::Type::Rel, static_cast<float>(value) / 100.0f }; }
      |                    ~~~~~~~~~~~^~~~
      |                    operator""_pct
C:/Users/Ryan/Desktop/Ryan/Rev/Rev/src/Element/Style/Style.ixx:154:31: warning: identifier '_grow' preceded by whitespace in a literal operator declaration is deprecated [-Wdeprecated-literal-operator]
  154 |     constexpr Dist operator"" _grow(unsigned long long value) { return { Dist::Type::Grow, static_cast<float>(value) / 100.0f }; }
      |                    ~~~~~~~~~~~^~~~~
      |                    operator""_grow
C:/Users/Ryan/Desktop/Ryan/Rev/Rev/src/Element/Style/Style.ixx:155:31: warning: identifier '_shrink' preceded by whitespace in a literal operator declaration is deprecated [-Wdeprecated-literal-operator]
  155 |     constexpr Dist operator"" _shrink(unsigned long long value) { return { Dist::Type::Grow, static_cast<float>(value) / 100.0f }; }
      |                    ~~~~~~~~~~~^~~~~~~
      |                    operator""_shrink
7 warnings generated.

  [ 73/165] CXX Geometry/Chain.ixx
  [ 74/165] CXX Geometry/Geometry.ixx
  [ 75/165] CXX Geometry/Strategy.ixx
In file included from C:\Users\Ryan\Desktop\Ryan\Rev\CAM\.clever\release\xpp\Rev.Primitive.Triangles\Triangles.cpp:2:
In file included from C:/Users/Ryan/Desktop/Ryan/Rev/Rev/src/Graphics/Primitives/Triangles/Triangles.ixx:10:
In file included from C:/Users/Ryan/Desktop/Ryan/Rev/Rev/src/Graphics/Primitives/Primitive.ixx:5:
In file included from C:/Users/Ryan/Desktop/Ryan/Rev/Rev/src/Graphics/OpenGL/Canvas.OpenGL.ixx:12:
In file included from C:/Users/Ryan/Desktop/Ryan/Rev/Rev/src/Native/Windows/NativeWindow.win.ixx:31:
C:/Users/Ryan/Desktop/Ryan/Rev/Rev/src/Element/Style/Style.ixx:65:30: warning: identifier '_sec' preceded by whitespace in a literal operator declaration is deprecated [-Wdeprecated-literal-operator]
   65 |     constexpr int operator"" _sec(long double value) { return static_cast<int>(value * 1000.0); }
      |                   ~~~~~~~~~~~^~~~
      |                   operator""_sec
C:/Users/Ryan/Desktop/Ryan/Rev/Rev/src/Element/Style/Style.ixx:66:30: warning: identifier '_sec' preceded by whitespace in a literal operator declaration is deprecated [-Wdeprecated-literal-operator]
   66 |     constexpr int operator"" _sec(unsigned long long value) { return static_cast<int>(value * 1000.0); }
      |                   ~~~~~~~~~~~^~~~
      |                   operator""_sec
C:/Users/Ryan/Desktop/Ryan/Rev/Rev/src/Element/Style/Style.ixx:67:30: warning: identifier '_ms' preceded by whitespace in a literal operator declaration is deprecated [-Wdeprecated-literal-operator]
   67 |     constexpr int operator"" _ms(unsigned long long value) { return static_cast<int>(value); }
      |                   ~~~~~~~~~~~^~~
      |                   operator""_ms
C:/Users/Ryan/Desktop/Ryan/Rev/Rev/src/Element/Style/Style.ixx:152:31: warning: identifier '_px' preceded by whitespace in a literal operator declaration is deprecated [-Wdeprecated-literal-operator]
  152 |     constexpr Dist operator"" _px(unsigned long long value) { return { Dist::Type::Abs, static_cast<float>(value) }; }
      |                    ~~~~~~~~~~~^~~
      |                    operator""_px
C:/Users/Ryan/Desktop/Ryan/Rev/Rev/src/Element/Style/Style.ixx:153:31: warning: identifier '_pct' preceded by whitespace in a literal operator declaration is deprecated [-Wdeprecated-literal-operator]
  153 |     constexpr Dist operator"" _pct(unsigned long long value) { return { Dist::Type::Rel, static_cast<float>(value) / 100.0f }; }
      |                    ~~~~~~~~~~~^~~~
      |                    operator""_pct
C:/Users/Ryan/Desktop/Ryan/Rev/Rev/src/Element/Style/Style.ixx:154:31: warning: identifier '_grow' preceded by whitespace in a literal operator declaration is deprecated [-Wdeprecated-literal-operator]
  154 |     constexpr Dist operator"" _grow(unsigned long long value) { return { Dist::Type::Grow, static_cast<float>(value) / 100.0f }; }
      |                    ~~~~~~~~~~~^~~~~
      |                    operator""_grow
C:/Users/Ryan/Desktop/Ryan/Rev/Rev/src/Element/Style/Style.ixx:155:31: warning: identifier '_shrink' preceded by whitespace in a literal operator declaration is deprecated [-Wdeprecated-literal-operator]
  155 |     constexpr Dist operator"" _shrink(unsigned long long value) { return { Dist::Type::Grow, static_cast<float>(value) / 100.0f }; }
      |                    ~~~~~~~~~~~^~~~~~~
      |                    operator""_shrink
7 warnings generated.

  [ 76/165] CXX CAMDemo/App.MachineSettings.ixx
  [ 77/165] CXX CAMDemo/App.Persist.ixx
In file included from C:\Users\Ryan\Desktop\Ryan\Rev\CAM\.clever\release\xpp\Rev.NativeWindow\NativeWindow.win.cpp:2:
In file included from C:/Users/Ryan/Desktop/Ryan/Rev/Rev/src/Native/Windows/NativeWindow.win.ixx:31:
C:/Users/Ryan/Desktop/Ryan/Rev/Rev/src/Element/Style/Style.ixx:65:30: warning: identifier '_sec' preceded by whitespace in a literal operator declaration is deprecated [-Wdeprecated-literal-operator]
   65 |     constexpr int operator"" _sec(long double value) { return static_cast<int>(value * 1000.0); }
      |                   ~~~~~~~~~~~^~~~
      |                   operator""_sec
C:/Users/Ryan/Desktop/Ryan/Rev/Rev/src/Element/Style/Style.ixx:66:30: warning: identifier '_sec' preceded by whitespace in a literal operator declaration is deprecated [-Wdeprecated-literal-operator]
   66 |     constexpr int operator"" _sec(unsigned long long value) { return static_cast<int>(value * 1000.0); }
      |                   ~~~~~~~~~~~^~~~
      |                   operator""_sec
C:/Users/Ryan/Desktop/Ryan/Rev/Rev/src/Element/Style/Style.ixx:67:30: warning: identifier '_ms' preceded by whitespace in a literal operator declaration is deprecated [-Wdeprecated-literal-operator]
   67 |     constexpr int operator"" _ms(unsigned long long value) { return static_cast<int>(value); }
      |                   ~~~~~~~~~~~^~~
      |                   operator""_ms
C:/Users/Ryan/Desktop/Ryan/Rev/Rev/src/Element/Style/Style.ixx:152:31: warning: identifier '_px' preceded by whitespace in a literal operator declaration is deprecated [-Wdeprecated-literal-operator]
  152 |     constexpr Dist operator"" _px(unsigned long long value) { return { Dist::Type::Abs, static_cast<float>(value) }; }
      |                    ~~~~~~~~~~~^~~
      |                    operator""_px
C:/Users/Ryan/Desktop/Ryan/Rev/Rev/src/Element/Style/Style.ixx:153:31: warning: identifier '_pct' preceded by whitespace in a literal operator declaration is deprecated [-Wdeprecated-literal-operator]
  153 |     constexpr Dist operator"" _pct(unsigned long long value) { return { Dist::Type::Rel, static_cast<float>(value) / 100.0f }; }
      |                    ~~~~~~~~~~~^~~~
      |                    operator""_pct
C:/Users/Ryan/Desktop/Ryan/Rev/Rev/src/Element/Style/Style.ixx:154:31: warning: identifier '_grow' preceded by whitespace in a literal operator declaration is deprecated [-Wdeprecated-literal-operator]
  154 |     constexpr Dist operator"" _grow(unsigned long long value) { return { Dist::Type::Grow, static_cast<float>(value) / 100.0f }; }
      |                    ~~~~~~~~~~~^~~~~
      |                    operator""_grow
C:/Users/Ryan/Desktop/Ryan/Rev/Rev/src/Element/Style/Style.ixx:155:31: warning: identifier '_shrink' preceded by whitespace in a literal operator declaration is deprecated [-Wdeprecated-literal-operator]
  155 |     constexpr Dist operator"" _shrink(unsigned long long value) { return { Dist::Type::Grow, static_cast<float>(value) / 100.0f }; }
      |                    ~~~~~~~~~~~^~~~~~~
      |                    operator""_shrink
C:/Users/Ryan/Desktop/Ryan/Rev/Rev/src/Native/Windows/NativeWindow.win.ixx:580:21: warning: address of function 'SetProcessDpiAwarenessContext' will always evaluate to 'true' [-Wpointer-bool-conversion]
  580 |                 if (SetProcessDpiAwarenessContext) {
      |                 ~~  ^~~~~~~~~~~~~~~~~~~~~~~~~~~~~
C:/Users/Ryan/Desktop/Ryan/Rev/Rev/src/Native/Windows/NativeWindow.win.ixx:580:21: note: prefix with the address-of operator to silence this warning
  580 |                 if (SetProcessDpiAwarenessContext) {
      |                     ^
      |                     &
C:/Users/Ryan/Desktop/Ryan/Rev/Rev/src/Native/Windows/NativeWindow.win.ixx:1094:84: warning: '__stdcall' only applies to function types; type here is 'LRESULT' (aka 'long long') [-Wignored-attributes]
 1094 | auto NativeWindow::eventHandler(HWND h, UINT msg, WPARAM wp, LPARAM lp) -> LRESULT CALLBACK
      |                                                                                    ^
C:\Program Files (x86)\Windows Kits\10\Include\10.0.26100.0\shared\minwindef.h:127:21: note: expanded from macro 'CALLBACK'
  127 | #define CALLBACK    __stdcall
      |                     ^
C:/Users/Ryan/Desktop/Ryan/Rev/Rev/src/Native/Windows/NativeWindow.win.ixx:1500:80: warning: '__stdcall' only applies to function types; type here is 'LRESULT' (aka 'long long') [-Wignored-attributes]
 1500 | auto NativeWindow::DummyWndProc(HWND h, UINT m, WPARAM w, LPARAM l) -> LRESULT CALLBACK
      |                                                                                ^
C:\Program Files (x86)\Windows Kits\10\Include\10.0.26100.0\shared\minwindef.h:127:21: note: expanded from macro 'CALLBACK'
  127 | #define CALLBACK    __stdcall
      |                     ^
10 warnings generated.

In file included from C:\Users\Ryan\Desktop\Ryan\Rev\CAM\.clever\release\xpp\Rev.Application\Application.win.cpp:2:
In file included from C:/Users/Ryan/Desktop/Ryan/Rev/Rev/src/Native/Windows/Application.win.ixx:10:
In file included from C:/Users/Ryan/Desktop/Ryan/Rev/Rev/src/Window.ixx:17:
In file included from C:/Users/Ryan/Desktop/Ryan/Rev/Rev/src/Element/Element.ixx:15:
In file included from C:/Users/Ryan/Desktop/Ryan/Rev/Rev/src/Graphics/OpenGL/Canvas.OpenGL.ixx:12:
In file included from C:/Users/Ryan/Desktop/Ryan/Rev/Rev/src/Native/Windows/NativeWindow.win.ixx:31:
C:/Users/Ryan/Desktop/Ryan/Rev/Rev/src/Element/Style/Style.ixx:65:30: warning: identifier '_sec' preceded by whitespace in a literal operator declaration is deprecated [-Wdeprecated-literal-operator]
   65 |     constexpr int operator"" _sec(long double value) { return static_cast<int>(value * 1000.0); }
      |                   ~~~~~~~~~~~^~~~
      |                   operator""_sec
C:/Users/Ryan/Desktop/Ryan/Rev/Rev/src/Element/Style/Style.ixx:66:30: warning: identifier '_sec' preceded by whitespace in a literal operator declaration is deprecated [-Wdeprecated-literal-operator]
   66 |     constexpr int operator"" _sec(unsigned long long value) { return static_cast<int>(value * 1000.0); }
      |                   ~~~~~~~~~~~^~~~
      |                   operator""_sec
C:/Users/Ryan/Desktop/Ryan/Rev/Rev/src/Element/Style/Style.ixx:67:30: warning: identifier '_ms' preceded by whitespace in a literal operator declaration is deprecated [-Wdeprecated-literal-operator]
   67 |     constexpr int operator"" _ms(unsigned long long value) { return static_cast<int>(value); }
      |                   ~~~~~~~~~~~^~~
      |                   operator""_ms
C:/Users/Ryan/Desktop/Ryan/Rev/Rev/src/Element/Style/Style.ixx:152:31: warning: identifier '_px' preceded by whitespace in a literal operator declaration is deprecated [-Wdeprecated-literal-operator]
  152 |     constexpr Dist operator"" _px(unsigned long long value) { return { Dist::Type::Abs, static_cast<float>(value) }; }
      |                    ~~~~~~~~~~~^~~
      |                    operator""_px
C:/Users/Ryan/Desktop/Ryan/Rev/Rev/src/Element/Style/Style.ixx:153:31: warning: identifier '_pct' preceded by whitespace in a literal operator declaration is deprecated [-Wdeprecated-literal-operator]
  153 |     constexpr Dist operator"" _pct(unsigned long long value) { return { Dist::Type::Rel, static_cast<float>(value) / 100.0f }; }
      |                    ~~~~~~~~~~~^~~~
      |                    operator""_pct
C:/Users/Ryan/Desktop/Ryan/Rev/Rev/src/Element/Style/Style.ixx:154:31: warning: identifier '_grow' preceded by whitespace in a literal operator declaration is deprecated [-Wdeprecated-literal-operator]
  154 |     constexpr Dist operator"" _grow(unsigned long long value) { return { Dist::Type::Grow, static_cast<float>(value) / 100.0f }; }
      |                    ~~~~~~~~~~~^~~~~
      |                    operator""_grow
C:/Users/Ryan/Desktop/Ryan/Rev/Rev/src/Element/Style/Style.ixx:155:31: warning: identifier '_shrink' preceded by whitespace in a literal operator declaration is deprecated [-Wdeprecated-literal-operator]
  155 |     constexpr Dist operator"" _shrink(unsigned long long value) { return { Dist::Type::Grow, static_cast<float>(value) / 100.0f }; }
      |                    ~~~~~~~~~~~^~~~~~~
      |                    operator""_shrink
7 warnings generated.

  [ 78/165] CXX CAMDemo/App.ixx
  [ 79/165] CXX CAMDemo/Axis.ixx
  [ 80/165] CXX CAMDemo/CoordinateSystem.ixx
  [ 81/165] CXX CAMDemo/Segment3.ixx
  [ 82/165] CXX CAMDemo/App.MachineLibrary.ixx
  [ 83/165] CXX CAMDemo/App.MachineProfile.ixx
In file included from C:\Users\Ryan\Desktop\Ryan\Rev\CAM\.clever\release\xpp\Rev.Window\Window.cpp:2:
In file included from C:/Users/Ryan/Desktop/Ryan/Rev/Rev/src/Window.ixx:17:
In file included from C:/Users/Ryan/Desktop/Ryan/Rev/Rev/src/Element/Element.ixx:15:
In file included from C:/Users/Ryan/Desktop/Ryan/Rev/Rev/src/Graphics/OpenGL/Canvas.OpenGL.ixx:12:
In file included from C:/Users/Ryan/Desktop/Ryan/Rev/Rev/src/Native/Windows/NativeWindow.win.ixx:31:
C:/Users/Ryan/Desktop/Ryan/Rev/Rev/src/Element/Style/Style.ixx:65:30: warning: identifier '_sec' preceded by whitespace in a literal operator declaration is deprecated [-Wdeprecated-literal-operator]
   65 |     constexpr int operator"" _sec(long double value) { return static_cast<int>(value * 1000.0); }
      |                   ~~~~~~~~~~~^~~~
      |                   operator""_sec
C:/Users/Ryan/Desktop/Ryan/Rev/Rev/src/Element/Style/Style.ixx:66:30: warning: identifier '_sec' preceded by whitespace in a literal operator declaration is deprecated [-Wdeprecated-literal-operator]
   66 |     constexpr int operator"" _sec(unsigned long long value) { return static_cast<int>(value * 1000.0); }
      |                   ~~~~~~~~~~~^~~~
      |                   operator""_sec
C:/Users/Ryan/Desktop/Ryan/Rev/Rev/src/Element/Style/Style.ixx:67:30: warning: identifier '_ms' preceded by whitespace in a literal operator declaration is deprecated [-Wdeprecated-literal-operator]
   67 |     constexpr int operator"" _ms(unsigned long long value) { return static_cast<int>(value); }
      |                   ~~~~~~~~~~~^~~
      |                   operator""_ms
C:/Users/Ryan/Desktop/Ryan/Rev/Rev/src/Element/Style/Style.ixx:152:31: warning: identifier '_px' preceded by whitespace in a literal operator declaration is deprecated [-Wdeprecated-literal-operator]
  152 |     constexpr Dist operator"" _px(unsigned long long value) { return { Dist::Type::Abs, static_cast<float>(value) }; }
      |                    ~~~~~~~~~~~^~~
      |                    operator""_px
C:/Users/Ryan/Desktop/Ryan/Rev/Rev/src/Element/Style/Style.ixx:153:31: warning: identifier '_pct' preceded by whitespace in a literal operator declaration is deprecated [-Wdeprecated-literal-operator]
  153 |     constexpr Dist operator"" _pct(unsigned long long value) { return { Dist::Type::Rel, static_cast<float>(value) / 100.0f }; }
      |                    ~~~~~~~~~~~^~~~
      |                    operator""_pct
C:/Users/Ryan/Desktop/Ryan/Rev/Rev/src/Element/Style/Style.ixx:154:31: warning: identifier '_grow' preceded by whitespace in a literal operator declaration is deprecated [-Wdeprecated-literal-operator]
  154 |     constexpr Dist operator"" _grow(unsigned long long value) { return { Dist::Type::Grow, static_cast<float>(value) / 100.0f }; }
      |                    ~~~~~~~~~~~^~~~~
      |                    operator""_grow
C:/Users/Ryan/Desktop/Ryan/Rev/Rev/src/Element/Style/Style.ixx:155:31: warning: identifier '_shrink' preceded by whitespace in a literal operator declaration is deprecated [-Wdeprecated-literal-operator]
  155 |     constexpr Dist operator"" _shrink(unsigned long long value) { return { Dist::Type::Grow, static_cast<float>(value) / 100.0f }; }
      |                    ~~~~~~~~~~~^~~~~~~
      |                    operator""_shrink
C:/Users/Ryan/Desktop/Ryan/Rev/Rev/src/Window.ixx:1075:39: warning: 'codecvt_utf8<char32_t>' is deprecated: warning STL4017: std::wbuffer_convert, std::wstring_convert, and the <codecvt> header (containing std::codecvt_mode, std::codecvt_utf8, std::codecvt_utf16, and std::codecvt_utf8_utf16) are deprecated in C++17. (The std::codecvt class template is NOT deprecated.) The C++ Standard doesn't provide equivalent non-deprecated functionality; consider using MultiByteToWideChar() and WideCharToMultiByte() from <Windows.h> instead. You can define _SILENCE_CXX17_CODECVT_HEADER_DEPRECATION_WARNING or _SILENCE_ALL_CXX17_DEPRECATION_WARNINGS to suppress this warning. [-Wdeprecated-declarations]
 1075 |             std::wstring_convert<std::codecvt_utf8<char32_t>, char32_t> conv;
      |                                       ^
C:\Program Files\Microsoft Visual Studio\18\Community\VC\Tools\MSVC\14.50.35717\include\codecvt:34:7: note: 'codecvt_utf8<char32_t>' has been explicitly marked deprecated here
   34 | class _CXX17_DEPRECATE_CODECVT_HEADER codecvt_utf8 : public codecvt<_Elem, char, _Statype> {
      |       ^
C:\Program Files\Microsoft Visual Studio\18\Community\VC\Tools\MSVC\14.50.35717\include\yvals_core.h:1241:7: note: expanded from macro '_CXX17_DEPRECATE_CODECVT_HEADER'
 1241 |     [[deprecated(                                                                                              \
      |       ^
C:/Users/Ryan/Desktop/Ryan/Rev/Rev/src/Window.ixx:1075:18: warning: 'wstring_convert<std::codecvt_utf8<char32_t>, char32_t>' is deprecated: warning STL4017: std::wbuffer_convert, std::wstring_convert, and the <codecvt> header (containing std::codecvt_mode, std::codecvt_utf8, std::codecvt_utf16, and std::codecvt_utf8_utf16) are deprecated in C++17. (The std::codecvt class template is NOT deprecated.) The C++ Standard doesn't provide equivalent non-deprecated functionality; consider using MultiByteToWideChar() and WideCharToMultiByte() from <Windows.h> instead. You can define _SILENCE_CXX17_CODECVT_HEADER_DEPRECATION_WARNING or _SILENCE_ALL_CXX17_DEPRECATION_WARNINGS to suppress this warning. [-Wdeprecated-declarations]
 1075 |             std::wstring_convert<std::codecvt_utf8<char32_t>, char32_t> conv;
      |                  ^
C:\Program Files\Microsoft Visual Studio\18\Community\VC\Tools\MSVC\14.50.35717\include\xlocbuf:303:7: note: 'wstring_convert<std::codecvt_utf8<char32_t>, char32_t>' has been explicitly marked deprecated here
  303 | class _CXX17_DEPRECATE_CODECVT_HEADER wstring_convert { // converts between _Elem (wide) and char (byte) strings
      |       ^
C:\Program Files\Microsoft Visual Studio\18\Community\VC\Tools\MSVC\14.50.35717\include\yvals_core.h:1241:7: note: expanded from macro '_CXX17_DEPRECATE_CODECVT_HEADER'
 1241 |     [[deprecated(                                                                                              \
      |       ^
9 warnings generated.

  [ 84/165] CXX CAMDemo/IKSolver.ixx
  [ 85/165] CXX CAMDemo/MachineDefinition.ixx
  [ 86/165] CXX CAMDemo/Operation.ixx
  [ 87/165] CXX CAMDemo/Events.ixx
  [ 88/165] CXX CAMDemo/MachineToolPath.ixx
  [ 89/165] CXX CAMDemo/CarveraAir.ixx
  [ 90/165] CXX CAMDemo/Pose.ixx
  [ 91/165] CXX CAMDemo/Project.ixx
  [ 92/165] CXX CAMDemo/App.Model.ixx
  [ 93/165] CXX CAMDemo/App.Operation.ixx
  [ 94/165] CXX CAMDemo/App.Probe.ixx
  [ 95/165] CXX CAMDemo/App.StockMeasurement.ixx
  [ 96/165] CXX CAMDemo/App.Stage.ixx
  [ 97/165] CXX CAMDemo/App.Tool.ixx
  [ 98/165] CXX CAMDemo/App.ProbeCalibration.ixx
  [ 99/165] CXX CAMDemo/App.MachineCalibration.ixx
  [100/165] CXX CAMDemo/App.ToolLibrary.ixx
  [101/165] CXX CAMDemo/App.ThreadSpec.ixx
  [102/165] CXX CAMDemo/App.ToolPath.ixx
  [103/165] CXX CAMDemo/CutFrame.ixx
  [104/165] CXX CAMDemo/Slice.ixx
  [105/165] CXX CAMDemo/SliceSource.ixx
  [106/165] CXX CAMDemo/Strategy.Bore.ixx
  [107/165] CXX CAMDemo/Strategy.Chamfer.ixx
  [108/165] CXX CAMDemo/Strategy.Hatch.ixx
  [109/165] CXX CAMDemo/Strategy.Profile.ixx
  [110/165] CXX CAMDemo/Strategy.ThreadMill.ixx
  [111/165] CXX CAMDemo/Strategy.ixx
  [112/165] CXX CAMDemo/Cam.Window.ixx
  [113/165] CXX CAMDemo/Carvera.Window.ixx
  [114/165] CXX CAMDemo/CarveraSteps.ixx
  [115/165] CXX CAMDemo/CarveraAir.ixx
  [116/165] CXX CAMDemo/Carvera.Gui.ArmSection.ixx
  [117/165] CXX CAMDemo/Carvera.Gui.ConnectionSection.ixx
  [118/165] CXX CAMDemo/Carvera.Gui.JogSection.ixx
  [119/165] CXX CAMDemo/Carvera.Gui.LogSection.ixx
  [120/165] CXX CAMDemo/Carvera.Gui.OriginSection.ixx
In file included from C:\Users\Ryan\Desktop\Ryan\Rev\CAM\.clever\release\xpp\Carvera.Window\Carvera.Window.cpp:2:
In file included from C:/Users/Ryan/Desktop/Ryan/Rev/CAM/source/Carvera/Carvera.Window.ixx:7:
In file included from C:/Users/Ryan/Desktop/Ryan/Rev/Rev/src/Window.ixx:17:
In file included from C:/Users/Ryan/Desktop/Ryan/Rev/Rev/src/Element/Element.ixx:15:
In file included from C:/Users/Ryan/Desktop/Ryan/Rev/Rev/src/Graphics/OpenGL/Canvas.OpenGL.ixx:12:
In file included from C:/Users/Ryan/Desktop/Ryan/Rev/Rev/src/Native/Windows/NativeWindow.win.ixx:31:
C:/Users/Ryan/Desktop/Ryan/Rev/Rev/src/Element/Style/Style.ixx:65:30: warning: identifier '_sec' preceded by whitespace in a literal operator declaration is deprecated [-Wdeprecated-literal-operator]
   65 |     constexpr int operator"" _sec(long double value) { return static_cast<int>(value * 1000.0); }
      |                   ~~~~~~~~~~~^~~~
      |                   operator""_sec
C:/Users/Ryan/Desktop/Ryan/Rev/Rev/src/Element/Style/Style.ixx:66:30: warning: identifier '_sec' preceded by whitespace in a literal operator declaration is deprecated [-Wdeprecated-literal-operator]
   66 |     constexpr int operator"" _sec(unsigned long long value) { return static_cast<int>(value * 1000.0); }
      |                   ~~~~~~~~~~~^~~~
      |                   operator""_sec
C:/Users/Ryan/Desktop/Ryan/Rev/Rev/src/Element/Style/Style.ixx:67:30: warning: identifier '_ms' preceded by whitespace in a literal operator declaration is deprecated [-Wdeprecated-literal-operator]
   67 |     constexpr int operator"" _ms(unsigned long long value) { return static_cast<int>(value); }
      |                   ~~~~~~~~~~~^~~
      |                   operator""_ms
C:/Users/Ryan/Desktop/Ryan/Rev/Rev/src/Element/Style/Style.ixx:152:31: warning: identifier '_px' preceded by whitespace in a literal operator declaration is deprecated [-Wdeprecated-literal-operator]
  152 |     constexpr Dist operator"" _px(unsigned long long value) { return { Dist::Type::Abs, static_cast<float>(value) }; }
      |                    ~~~~~~~~~~~^~~
      |                    operator""_px
C:/Users/Ryan/Desktop/Ryan/Rev/Rev/src/Element/Style/Style.ixx:153:31: warning: identifier '_pct' preceded by whitespace in a literal operator declaration is deprecated [-Wdeprecated-literal-operator]
  153 |     constexpr Dist operator"" _pct(unsigned long long value) { return { Dist::Type::Rel, static_cast<float>(value) / 100.0f }; }
      |                    ~~~~~~~~~~~^~~~
      |                    operator""_pct
C:/Users/Ryan/Desktop/Ryan/Rev/Rev/src/Element/Style/Style.ixx:154:31: warning: identifier '_grow' preceded by whitespace in a literal operator declaration is deprecated [-Wdeprecated-literal-operator]
  154 |     constexpr Dist operator"" _grow(unsigned long long value) { return { Dist::Type::Grow, static_cast<float>(value) / 100.0f }; }
      |                    ~~~~~~~~~~~^~~~~
      |                    operator""_grow
C:/Users/Ryan/Desktop/Ryan/Rev/Rev/src/Element/Style/Style.ixx:155:31: warning: identifier '_shrink' preceded by whitespace in a literal operator declaration is deprecated [-Wdeprecated-literal-operator]
  155 |     constexpr Dist operator"" _shrink(unsigned long long value) { return { Dist::Type::Grow, static_cast<float>(value) / 100.0f }; }
      |                    ~~~~~~~~~~~^~~~~~~
      |                    operator""_shrink
7 warnings generated.

  [121/165] CXX CAMDemo/Carvera.Gui.Style.ixx
In file included from C:\Users\Ryan\Desktop\Ryan\Rev\CAM\.clever\release\xpp\Cam.Window\Cam.Window.cpp:2:
In file included from C:/Users/Ryan/Desktop/Ryan/Rev/CAM/source/Cam.Window.ixx:7:
In file included from C:/Users/Ryan/Desktop/Ryan/Rev/Rev/src/Window.ixx:17:
In file included from C:/Users/Ryan/Desktop/Ryan/Rev/Rev/src/Element/Element.ixx:15:
In file included from C:/Users/Ryan/Desktop/Ryan/Rev/Rev/src/Graphics/OpenGL/Canvas.OpenGL.ixx:12:
In file included from C:/Users/Ryan/Desktop/Ryan/Rev/Rev/src/Native/Windows/NativeWindow.win.ixx:31:
C:/Users/Ryan/Desktop/Ryan/Rev/Rev/src/Element/Style/Style.ixx:65:30: warning: identifier '_sec' preceded by whitespace in a literal operator declaration is deprecated [-Wdeprecated-literal-operator]
   65 |     constexpr int operator"" _sec(long double value) { return static_cast<int>(value * 1000.0); }
      |                   ~~~~~~~~~~~^~~~
      |                   operator""_sec
C:/Users/Ryan/Desktop/Ryan/Rev/Rev/src/Element/Style/Style.ixx:66:30: warning: identifier '_sec' preceded by whitespace in a literal operator declaration is deprecated [-Wdeprecated-literal-operator]
   66 |     constexpr int operator"" _sec(unsigned long long value) { return static_cast<int>(value * 1000.0); }
      |                   ~~~~~~~~~~~^~~~
      |                   operator""_sec
C:/Users/Ryan/Desktop/Ryan/Rev/Rev/src/Element/Style/Style.ixx:67:30: warning: identifier '_ms' preceded by whitespace in a literal operator declaration is deprecated [-Wdeprecated-literal-operator]
   67 |     constexpr int operator"" _ms(unsigned long long value) { return static_cast<int>(value); }
      |                   ~~~~~~~~~~~^~~
      |                   operator""_ms
C:/Users/Ryan/Desktop/Ryan/Rev/Rev/src/Element/Style/Style.ixx:152:31: warning: identifier '_px' preceded by whitespace in a literal operator declaration is deprecated [-Wdeprecated-literal-operator]
  152 |     constexpr Dist operator"" _px(unsigned long long value) { return { Dist::Type::Abs, static_cast<float>(value) }; }
      |                    ~~~~~~~~~~~^~~
      |                    operator""_px
C:/Users/Ryan/Desktop/Ryan/Rev/Rev/src/Element/Style/Style.ixx:153:31: warning: identifier '_pct' preceded by whitespace in a literal operator declaration is deprecated [-Wdeprecated-literal-operator]
  153 |     constexpr Dist operator"" _pct(unsigned long long value) { return { Dist::Type::Rel, static_cast<float>(value) / 100.0f }; }
      |                    ~~~~~~~~~~~^~~~
      |                    operator""_pct
C:/Users/Ryan/Desktop/Ryan/Rev/Rev/src/Element/Style/Style.ixx:154:31: warning: identifier '_grow' preceded by whitespace in a literal operator declaration is deprecated [-Wdeprecated-literal-operator]
  154 |     constexpr Dist operator"" _grow(unsigned long long value) { return { Dist::Type::Grow, static_cast<float>(value) / 100.0f }; }
      |                    ~~~~~~~~~~~^~~~~
      |                    operator""_grow
C:/Users/Ryan/Desktop/Ryan/Rev/Rev/src/Element/Style/Style.ixx:155:31: warning: identifier '_shrink' preceded by whitespace in a literal operator declaration is deprecated [-Wdeprecated-literal-operator]
  155 |     constexpr Dist operator"" _shrink(unsigned long long value) { return { Dist::Type::Grow, static_cast<float>(value) / 100.0f }; }
      |                    ~~~~~~~~~~~^~~~~~~
      |                    operator""_shrink
7 warnings generated.

  [122/165] CXX CAMDemo/Carvera.Gui.ToolSection.ixx
In file included from C:\Users\Ryan\Desktop\Ryan\Rev\CAM\.clever\release\xpp\Carvera.Gui.ArmSection\Carvera.Gui.ArmSection.cpp:2:
In file included from C:/Users/Ryan/Desktop/Ryan/Rev/CAM/source/Carvera/Gui/Carvera.Gui.ArmSection.ixx:7:
In file included from C:/Users/Ryan/Desktop/Ryan/Rev/Rev/src/Element/Element.ixx:15:
In file included from C:/Users/Ryan/Desktop/Ryan/Rev/Rev/src/Graphics/OpenGL/Canvas.OpenGL.ixx:12:
In file included from C:/Users/Ryan/Desktop/Ryan/Rev/Rev/src/Native/Windows/NativeWindow.win.ixx:31:
C:/Users/Ryan/Desktop/Ryan/Rev/Rev/src/Element/Style/Style.ixx:65:30: warning: identifier '_sec' preceded by whitespace in a literal operator declaration is deprecated [-Wdeprecated-literal-operator]
   65 |     constexpr int operator"" _sec(long double value) { return static_cast<int>(value * 1000.0); }
      |                   ~~~~~~~~~~~^~~~
      |                   operator""_sec
C:/Users/Ryan/Desktop/Ryan/Rev/Rev/src/Element/Style/Style.ixx:66:30: warning: identifier '_sec' preceded by whitespace in a literal operator declaration is deprecated [-Wdeprecated-literal-operator]
   66 |     constexpr int operator"" _sec(unsigned long long value) { return static_cast<int>(value * 1000.0); }
      |                   ~~~~~~~~~~~^~~~
      |                   operator""_sec
C:/Users/Ryan/Desktop/Ryan/Rev/Rev/src/Element/Style/Style.ixx:67:30: warning: identifier '_ms' preceded by whitespace in a literal operator declaration is deprecated [-Wdeprecated-literal-operator]
   67 |     constexpr int operator"" _ms(unsigned long long value) { return static_cast<int>(value); }
      |                   ~~~~~~~~~~~^~~
      |                   operator""_ms
C:/Users/Ryan/Desktop/Ryan/Rev/Rev/src/Element/Style/Style.ixx:152:31: warning: identifier '_px' preceded by whitespace in a literal operator declaration is deprecated [-Wdeprecated-literal-operator]
  152 |     constexpr Dist operator"" _px(unsigned long long value) { return { Dist::Type::Abs, static_cast<float>(value) }; }
      |                    ~~~~~~~~~~~^~~
      |                    operator""_px
C:/Users/Ryan/Desktop/Ryan/Rev/Rev/src/Element/Style/Style.ixx:153:31: warning: identifier '_pct' preceded by whitespace in a literal operator declaration is deprecated [-Wdeprecated-literal-operator]
  153 |     constexpr Dist operator"" _pct(unsigned long long value) { return { Dist::Type::Rel, static_cast<float>(value) / 100.0f }; }
      |                    ~~~~~~~~~~~^~~~
      |                    operator""_pct
C:/Users/Ryan/Desktop/Ryan/Rev/Rev/src/Element/Style/Style.ixx:154:31: warning: identifier '_grow' preceded by whitespace in a literal operator declaration is deprecated [-Wdeprecated-literal-operator]
  154 |     constexpr Dist operator"" _grow(unsigned long long value) { return { Dist::Type::Grow, static_cast<float>(value) / 100.0f }; }
      |                    ~~~~~~~~~~~^~~~~
      |                    operator""_grow
C:/Users/Ryan/Desktop/Ryan/Rev/Rev/src/Element/Style/Style.ixx:155:31: warning: identifier '_shrink' preceded by whitespace in a literal operator declaration is deprecated [-Wdeprecated-literal-operator]
  155 |     constexpr Dist operator"" _shrink(unsigned long long value) { return { Dist::Type::Grow, static_cast<float>(value) / 100.0f }; }
      |                    ~~~~~~~~~~~^~~~~~~
      |                    operator""_shrink
In file included from C:\Users\Ryan\Desktop\Ryan\Rev\CAM\.clever\release\xpp\Carvera.Gui.ArmSection\Carvera.Gui.ArmSection.cpp:2:
In file included from C:/Users/Ryan/Desktop/Ryan/Rev/CAM/source/Carvera/Gui/Carvera.Gui.ArmSection.ixx:16:
C:/Users/Ryan/Desktop/Ryan/Rev/CAM/source/Carvera/Gui/Carvera.Gui.Style.ixx:39:25: warning: ISO C++ requires field designators to be specified in declaration order; field 'padding' will be initialized after field 'overflow' [-Wreorder-init-list]
   39 |             .overflow = Overflow::Hide,
      |             ~~~~~~~~~~~~^~~~~~~~~~~~~~
C:/Users/Ryan/Desktop/Ryan/Rev/CAM/source/Carvera/Gui/Carvera.Gui.Style.ixx:35:24: note: previous initialization for field 'padding' is here
   35 |             .padding = { 16_px, 16_px, 16_px, 16_px },
      |                        ^~~~~~~~~~~~~~~~~~~~~~~~~~~~~~
8 warnings generated.

  [123/165] CXX CAMDemo/Carvera.Interface.ixx
  [124/165] CXX CAMDemo/Gui.ixx
In file included from C:\Users\Ryan\Desktop\Ryan\Rev\CAM\.clever\release\xpp\Carvera.Gui.LogSection\Carvera.Gui.LogSection.cpp:2:
In file included from C:/Users/Ryan/Desktop/Ryan/Rev/CAM/source/Carvera/Gui/Carvera.Gui.LogSection.ixx:10:
In file included from C:/Users/Ryan/Desktop/Ryan/Rev/Rev/src/Element/Element.ixx:15:
In file included from C:/Users/Ryan/Desktop/Ryan/Rev/Rev/src/Graphics/OpenGL/Canvas.OpenGL.ixx:12:
In file included from C:/Users/Ryan/Desktop/Ryan/Rev/Rev/src/Native/Windows/NativeWindow.win.ixx:31:
C:/Users/Ryan/Desktop/Ryan/Rev/Rev/src/Element/Style/Style.ixx:65:30: warning: identifier '_sec' preceded by whitespace in a literal operator declaration is deprecated [-Wdeprecated-literal-operator]
   65 |     constexpr int operator"" _sec(long double value) { return static_cast<int>(value * 1000.0); }
      |                   ~~~~~~~~~~~^~~~
      |                   operator""_sec
C:/Users/Ryan/Desktop/Ryan/Rev/Rev/src/Element/Style/Style.ixx:66:30: warning: identifier '_sec' preceded by whitespace in a literal operator declaration is deprecated [-Wdeprecated-literal-operator]
   66 |     constexpr int operator"" _sec(unsigned long long value) { return static_cast<int>(value * 1000.0); }
      |                   ~~~~~~~~~~~^~~~
      |                   operator""_sec
C:/Users/Ryan/Desktop/Ryan/Rev/Rev/src/Element/Style/Style.ixx:67:30: warning: identifier '_ms' preceded by whitespace in a literal operator declaration is deprecated [-Wdeprecated-literal-operator]
   67 |     constexpr int operator"" _ms(unsigned long long value) { return static_cast<int>(value); }
      |                   ~~~~~~~~~~~^~~
      |                   operator""_ms
C:/Users/Ryan/Desktop/Ryan/Rev/Rev/src/Element/Style/Style.ixx:152:31: warning: identifier '_px' preceded by whitespace in a literal operator declaration is deprecated [-Wdeprecated-literal-operator]
  152 |     constexpr Dist operator"" _px(unsigned long long value) { return { Dist::Type::Abs, static_cast<float>(value) }; }
      |                    ~~~~~~~~~~~^~~
      |                    operator""_px
C:/Users/Ryan/Desktop/Ryan/Rev/Rev/src/Element/Style/Style.ixx:153:31: warning: identifier '_pct' preceded by whitespace in a literal operator declaration is deprecated [-Wdeprecated-literal-operator]
  153 |     constexpr Dist operator"" _pct(unsigned long long value) { return { Dist::Type::Rel, static_cast<float>(value) / 100.0f }; }
      |                    ~~~~~~~~~~~^~~~
      |                    operator""_pct
C:/Users/Ryan/Desktop/Ryan/Rev/Rev/src/Element/Style/Style.ixx:154:31: warning: identifier '_grow' preceded by whitespace in a literal operator declaration is deprecated [-Wdeprecated-literal-operator]
  154 |     constexpr Dist operator"" _grow(unsigned long long value) { return { Dist::Type::Grow, static_cast<float>(value) / 100.0f }; }
      |                    ~~~~~~~~~~~^~~~~
      |                    operator""_grow
C:/Users/Ryan/Desktop/Ryan/Rev/Rev/src/Element/Style/Style.ixx:155:31: warning: identifier '_shrink' preceded by whitespace in a literal operator declaration is deprecated [-Wdeprecated-literal-operator]
  155 |     constexpr Dist operator"" _shrink(unsigned long long value) { return { Dist::Type::Grow, static_cast<float>(value) / 100.0f }; }
      |                    ~~~~~~~~~~~^~~~~~~
      |                    operator""_shrink
In file included from C:\Users\Ryan\Desktop\Ryan\Rev\CAM\.clever\release\xpp\Carvera.Gui.LogSection\Carvera.Gui.LogSection.cpp:2:
In file included from C:/Users/Ryan/Desktop/Ryan/Rev/CAM/source/Carvera/Gui/Carvera.Gui.LogSection.ixx:19:
C:/Users/Ryan/Desktop/Ryan/Rev/CAM/source/Carvera/Gui/Carvera.Gui.Style.ixx:39:25: warning: ISO C++ requires field designators to be specified in declaration order; field 'padding' will be initialized after field 'overflow' [-Wreorder-init-list]
   39 |             .overflow = Overflow::Hide,
      |             ~~~~~~~~~~~~^~~~~~~~~~~~~~
C:/Users/Ryan/Desktop/Ryan/Rev/CAM/source/Carvera/Gui/Carvera.Gui.Style.ixx:35:24: note: previous initialization for field 'padding' is here
   35 |             .padding = { 16_px, 16_px, 16_px, 16_px },
      |                        ^~~~~~~~~~~~~~~~~~~~~~~~~~~~~~
8 warnings generated.

  [125/165] CXX CAMDemo/Gui.LeftPanel.ixx
In file included from C:\Users\Ryan\Desktop\Ryan\Rev\CAM\.clever\release\xpp\Carvera.Gui.ConnectionSection\Carvera.Gui.ConnectionSection.cpp:2:
In file included from C:/Users/Ryan/Desktop/Ryan/Rev/CAM/source/Carvera/Gui/Carvera.Gui.ConnectionSection.ixx:10:
In file included from C:/Users/Ryan/Desktop/Ryan/Rev/Rev/src/Element/Element.ixx:15:
In file included from C:/Users/Ryan/Desktop/Ryan/Rev/Rev/src/Graphics/OpenGL/Canvas.OpenGL.ixx:12:
In file included from C:/Users/Ryan/Desktop/Ryan/Rev/Rev/src/Native/Windows/NativeWindow.win.ixx:31:
C:/Users/Ryan/Desktop/Ryan/Rev/Rev/src/Element/Style/Style.ixx:65:30: warning: identifier '_sec' preceded by whitespace in a literal operator declaration is deprecated [-Wdeprecated-literal-operator]
   65 |     constexpr int operator"" _sec(long double value) { return static_cast<int>(value * 1000.0); }
      |                   ~~~~~~~~~~~^~~~
      |                   operator""_sec
C:/Users/Ryan/Desktop/Ryan/Rev/Rev/src/Element/Style/Style.ixx:66:30: warning: identifier '_sec' preceded by whitespace in a literal operator declaration is deprecated [-Wdeprecated-literal-operator]
   66 |     constexpr int operator"" _sec(unsigned long long value) { return static_cast<int>(value * 1000.0); }
      |                   ~~~~~~~~~~~^~~~
      |                   operator""_sec
C:/Users/Ryan/Desktop/Ryan/Rev/Rev/src/Element/Style/Style.ixx:67:30: warning: identifier '_ms' preceded by whitespace in a literal operator declaration is deprecated [-Wdeprecated-literal-operator]
   67 |     constexpr int operator"" _ms(unsigned long long value) { return static_cast<int>(value); }
      |                   ~~~~~~~~~~~^~~
      |                   operator""_ms
C:/Users/Ryan/Desktop/Ryan/Rev/Rev/src/Element/Style/Style.ixx:152:31: warning: identifier '_px' preceded by whitespace in a literal operator declaration is deprecated [-Wdeprecated-literal-operator]
  152 |     constexpr Dist operator"" _px(unsigned long long value) { return { Dist::Type::Abs, static_cast<float>(value) }; }
      |                    ~~~~~~~~~~~^~~
      |                    operator""_px
C:/Users/Ryan/Desktop/Ryan/Rev/Rev/src/Element/Style/Style.ixx:153:31: warning: identifier '_pct' preceded by whitespace in a literal operator declaration is deprecated [-Wdeprecated-literal-operator]
  153 |     constexpr Dist operator"" _pct(unsigned long long value) { return { Dist::Type::Rel, static_cast<float>(value) / 100.0f }; }
      |                    ~~~~~~~~~~~^~~~
      |                    operator""_pct
C:/Users/Ryan/Desktop/Ryan/Rev/Rev/src/Element/Style/Style.ixx:154:31: warning: identifier '_grow' preceded by whitespace in a literal operator declaration is deprecated [-Wdeprecated-literal-operator]
  154 |     constexpr Dist operator"" _grow(unsigned long long value) { return { Dist::Type::Grow, static_cast<float>(value) / 100.0f }; }
      |                    ~~~~~~~~~~~^~~~~
      |                    operator""_grow
C:/Users/Ryan/Desktop/Ryan/Rev/Rev/src/Element/Style/Style.ixx:155:31: warning: identifier '_shrink' preceded by whitespace in a literal operator declaration is deprecated [-Wdeprecated-literal-operator]
  155 |     constexpr Dist operator"" _shrink(unsigned long long value) { return { Dist::Type::Grow, static_cast<float>(value) / 100.0f }; }
      |                    ~~~~~~~~~~~^~~~~~~
      |                    operator""_shrink
In file included from C:\Users\Ryan\Desktop\Ryan\Rev\CAM\.clever\release\xpp\Carvera.Gui.ConnectionSection\Carvera.Gui.ConnectionSection.cpp:2:
In file included from C:/Users/Ryan/Desktop/Ryan/Rev/CAM/source/Carvera/Gui/Carvera.Gui.ConnectionSection.ixx:19:
C:/Users/Ryan/Desktop/Ryan/Rev/CAM/source/Carvera/Gui/Carvera.Gui.Style.ixx:39:25: warning: ISO C++ requires field designators to be specified in declaration order; field 'padding' will be initialized after field 'overflow' [-Wreorder-init-list]
   39 |             .overflow = Overflow::Hide,
      |             ~~~~~~~~~~~~^~~~~~~~~~~~~~
C:/Users/Ryan/Desktop/Ryan/Rev/CAM/source/Carvera/Gui/Carvera.Gui.Style.ixx:35:24: note: previous initialization for field 'padding' is here
   35 |             .padding = { 16_px, 16_px, 16_px, 16_px },
      |                        ^~~~~~~~~~~~~~~~~~~~~~~~~~~~~~
8 warnings generated.

  [126/165] CXX CAMDemo/Gui.MachineTree.ixx
In file included from C:\Users\Ryan\Desktop\Ryan\Rev\CAM\.clever\release\xpp\Carvera.Gui.Style\Carvera.Gui.Style.cpp:2:
In file included from C:/Users/Ryan/Desktop/Ryan/Rev/CAM/source/Carvera/Gui/Carvera.Gui.Style.ixx:10:
In file included from C:/Users/Ryan/Desktop/Ryan/Rev/Rev/src/Element/Element.ixx:15:
In file included from C:/Users/Ryan/Desktop/Ryan/Rev/Rev/src/Graphics/OpenGL/Canvas.OpenGL.ixx:12:
In file included from C:/Users/Ryan/Desktop/Ryan/Rev/Rev/src/Native/Windows/NativeWindow.win.ixx:31:
C:/Users/Ryan/Desktop/Ryan/Rev/Rev/src/Element/Style/Style.ixx:65:30: warning: identifier '_sec' preceded by whitespace in a literal operator declaration is deprecated [-Wdeprecated-literal-operator]
   65 |     constexpr int operator"" _sec(long double value) { return static_cast<int>(value * 1000.0); }
      |                   ~~~~~~~~~~~^~~~
      |                   operator""_sec
C:/Users/Ryan/Desktop/Ryan/Rev/Rev/src/Element/Style/Style.ixx:66:30: warning: identifier '_sec' preceded by whitespace in a literal operator declaration is deprecated [-Wdeprecated-literal-operator]
   66 |     constexpr int operator"" _sec(unsigned long long value) { return static_cast<int>(value * 1000.0); }
      |                   ~~~~~~~~~~~^~~~
      |                   operator""_sec
C:/Users/Ryan/Desktop/Ryan/Rev/Rev/src/Element/Style/Style.ixx:67:30: warning: identifier '_ms' preceded by whitespace in a literal operator declaration is deprecated [-Wdeprecated-literal-operator]
   67 |     constexpr int operator"" _ms(unsigned long long value) { return static_cast<int>(value); }
      |                   ~~~~~~~~~~~^~~
      |                   operator""_ms
C:/Users/Ryan/Desktop/Ryan/Rev/Rev/src/Element/Style/Style.ixx:152:31: warning: identifier '_px' preceded by whitespace in a literal operator declaration is deprecated [-Wdeprecated-literal-operator]
  152 |     constexpr Dist operator"" _px(unsigned long long value) { return { Dist::Type::Abs, static_cast<float>(value) }; }
      |                    ~~~~~~~~~~~^~~
      |                    operator""_px
C:/Users/Ryan/Desktop/Ryan/Rev/Rev/src/Element/Style/Style.ixx:153:31: warning: identifier '_pct' preceded by whitespace in a literal operator declaration is deprecated [-Wdeprecated-literal-operator]
  153 |     constexpr Dist operator"" _pct(unsigned long long value) { return { Dist::Type::Rel, static_cast<float>(value) / 100.0f }; }
      |                    ~~~~~~~~~~~^~~~
      |                    operator""_pct
C:/Users/Ryan/Desktop/Ryan/Rev/Rev/src/Element/Style/Style.ixx:154:31: warning: identifier '_grow' preceded by whitespace in a literal operator declaration is deprecated [-Wdeprecated-literal-operator]
  154 |     constexpr Dist operator"" _grow(unsigned long long value) { return { Dist::Type::Grow, static_cast<float>(value) / 100.0f }; }
      |                    ~~~~~~~~~~~^~~~~
      |                    operator""_grow
C:/Users/Ryan/Desktop/Ryan/Rev/Rev/src/Element/Style/Style.ixx:155:31: warning: identifier '_shrink' preceded by whitespace in a literal operator declaration is deprecated [-Wdeprecated-literal-operator]
  155 |     constexpr Dist operator"" _shrink(unsigned long long value) { return { Dist::Type::Grow, static_cast<float>(value) / 100.0f }; }
      |                    ~~~~~~~~~~~^~~~~~~
      |                    operator""_shrink
In file included from C:\Users\Ryan\Desktop\Ryan\Rev\CAM\.clever\release\xpp\Carvera.Gui.Style\Carvera.Gui.Style.cpp:2:
C:/Users/Ryan/Desktop/Ryan/Rev/CAM/source/Carvera/Gui/Carvera.Gui.Style.ixx:39:25: warning: ISO C++ requires field designators to be specified in declaration order; field 'padding' will be initialized after field 'overflow' [-Wreorder-init-list]
   39 |             .overflow = Overflow::Hide,
      |             ~~~~~~~~~~~~^~~~~~~~~~~~~~
C:/Users/Ryan/Desktop/Ryan/Rev/CAM/source/Carvera/Gui/Carvera.Gui.Style.ixx:35:24: note: previous initialization for field 'padding' is here
   35 |             .padding = { 16_px, 16_px, 16_px, 16_px },
      |                        ^~~~~~~~~~~~~~~~~~~~~~~~~~~~~~
8 warnings generated.

  [127/165] CXX CAMDemo/Gui.LockableNumberInput.ixx
In file included from C:\Users\Ryan\Desktop\Ryan\Rev\CAM\.clever\release\xpp\Carvera.Gui.JogSection\Carvera.Gui.JogSection.cpp:2:
In file included from C:/Users/Ryan/Desktop/Ryan/Rev/CAM/source/Carvera/Gui/Carvera.Gui.JogSection.ixx:15:
In file included from C:/Users/Ryan/Desktop/Ryan/Rev/Rev/src/Element/Element.ixx:15:
In file included from C:/Users/Ryan/Desktop/Ryan/Rev/Rev/src/Graphics/OpenGL/Canvas.OpenGL.ixx:12:
In file included from C:/Users/Ryan/Desktop/Ryan/Rev/Rev/src/Native/Windows/NativeWindow.win.ixx:31:
C:/Users/Ryan/Desktop/Ryan/Rev/Rev/src/Element/Style/Style.ixx:65:30: warning: identifier '_sec' preceded by whitespace in a literal operator declaration is deprecated [-Wdeprecated-literal-operator]
   65 |     constexpr int operator"" _sec(long double value) { return static_cast<int>(value * 1000.0); }
      |                   ~~~~~~~~~~~^~~~
      |                   operator""_sec
C:/Users/Ryan/Desktop/Ryan/Rev/Rev/src/Element/Style/Style.ixx:66:30: warning: identifier '_sec' preceded by whitespace in a literal operator declaration is deprecated [-Wdeprecated-literal-operator]
   66 |     constexpr int operator"" _sec(unsigned long long value) { return static_cast<int>(value * 1000.0); }
      |                   ~~~~~~~~~~~^~~~
      |                   operator""_sec
C:/Users/Ryan/Desktop/Ryan/Rev/Rev/src/Element/Style/Style.ixx:67:30: warning: identifier '_ms' preceded by whitespace in a literal operator declaration is deprecated [-Wdeprecated-literal-operator]
   67 |     constexpr int operator"" _ms(unsigned long long value) { return static_cast<int>(value); }
      |                   ~~~~~~~~~~~^~~
      |                   operator""_ms
C:/Users/Ryan/Desktop/Ryan/Rev/Rev/src/Element/Style/Style.ixx:152:31: warning: identifier '_px' preceded by whitespace in a literal operator declaration is deprecated [-Wdeprecated-literal-operator]
  152 |     constexpr Dist operator"" _px(unsigned long long value) { return { Dist::Type::Abs, static_cast<float>(value) }; }
      |                    ~~~~~~~~~~~^~~
      |                    operator""_px
C:/Users/Ryan/Desktop/Ryan/Rev/Rev/src/Element/Style/Style.ixx:153:31: warning: identifier '_pct' preceded by whitespace in a literal operator declaration is deprecated [-Wdeprecated-literal-operator]
  153 |     constexpr Dist operator"" _pct(unsigned long long value) { return { Dist::Type::Rel, static_cast<float>(value) / 100.0f }; }
      |                    ~~~~~~~~~~~^~~~
      |                    operator""_pct
C:/Users/Ryan/Desktop/Ryan/Rev/Rev/src/Element/Style/Style.ixx:154:31: warning: identifier '_grow' preceded by whitespace in a literal operator declaration is deprecated [-Wdeprecated-literal-operator]
  154 |     constexpr Dist operator"" _grow(unsigned long long value) { return { Dist::Type::Grow, static_cast<float>(value) / 100.0f }; }
      |                    ~~~~~~~~~~~^~~~~
      |                    operator""_grow
C:/Users/Ryan/Desktop/Ryan/Rev/Rev/src/Element/Style/Style.ixx:155:31: warning: identifier '_shrink' preceded by whitespace in a literal operator declaration is deprecated [-Wdeprecated-literal-operator]
  155 |     constexpr Dist operator"" _shrink(unsigned long long value) { return { Dist::Type::Grow, static_cast<float>(value) / 100.0f }; }
      |                    ~~~~~~~~~~~^~~~~~~
      |                    operator""_shrink
In file included from C:\Users\Ryan\Desktop\Ryan\Rev\CAM\.clever\release\xpp\Carvera.Gui.JogSection\Carvera.Gui.JogSection.cpp:2:
In file included from C:/Users/Ryan/Desktop/Ryan/Rev/CAM/source/Carvera/Gui/Carvera.Gui.JogSection.ixx:24:
C:/Users/Ryan/Desktop/Ryan/Rev/CAM/source/Carvera/Gui/Carvera.Gui.Style.ixx:39:25: warning: ISO C++ requires field designators to be specified in declaration order; field 'padding' will be initialized after field 'overflow' [-Wreorder-init-list]
   39 |             .overflow = Overflow::Hide,
      |             ~~~~~~~~~~~~^~~~~~~~~~~~~~
C:/Users/Ryan/Desktop/Ryan/Rev/CAM/source/Carvera/Gui/Carvera.Gui.Style.ixx:35:24: note: previous initialization for field 'padding' is here
   35 |             .padding = { 16_px, 16_px, 16_px, 16_px },
      |                        ^~~~~~~~~~~~~~~~~~~~~~~~~~~~~~
8 warnings generated.

  [128/165] CXX CAMDemo/Gui.FramesTree.ixx
In file included from C:\Users\Ryan\Desktop\Ryan\Rev\CAM\.clever\release\xpp\Carvera.Gui.OriginSection\Carvera.Gui.OriginSection.cpp:2:
In file included from C:/Users/Ryan/Desktop/Ryan/Rev/CAM/source/Carvera/Gui/Carvera.Gui.OriginSection.ixx:16:
In file included from C:/Users/Ryan/Desktop/Ryan/Rev/Rev/src/Element/Element.ixx:15:
In file included from C:/Users/Ryan/Desktop/Ryan/Rev/Rev/src/Graphics/OpenGL/Canvas.OpenGL.ixx:12:
In file included from C:/Users/Ryan/Desktop/Ryan/Rev/Rev/src/Native/Windows/NativeWindow.win.ixx:31:
C:/Users/Ryan/Desktop/Ryan/Rev/Rev/src/Element/Style/Style.ixx:65:30: warning: identifier '_sec' preceded by whitespace in a literal operator declaration is deprecated [-Wdeprecated-literal-operator]
   65 |     constexpr int operator"" _sec(long double value) { return static_cast<int>(value * 1000.0); }
      |                   ~~~~~~~~~~~^~~~
      |                   operator""_sec
C:/Users/Ryan/Desktop/Ryan/Rev/Rev/src/Element/Style/Style.ixx:66:30: warning: identifier '_sec' preceded by whitespace in a literal operator declaration is deprecated [-Wdeprecated-literal-operator]
   66 |     constexpr int operator"" _sec(unsigned long long value) { return static_cast<int>(value * 1000.0); }
      |                   ~~~~~~~~~~~^~~~
      |                   operator""_sec
C:/Users/Ryan/Desktop/Ryan/Rev/Rev/src/Element/Style/Style.ixx:67:30: warning: identifier '_ms' preceded by whitespace in a literal operator declaration is deprecated [-Wdeprecated-literal-operator]
   67 |     constexpr int operator"" _ms(unsigned long long value) { return static_cast<int>(value); }
      |                   ~~~~~~~~~~~^~~
      |                   operator""_ms
C:/Users/Ryan/Desktop/Ryan/Rev/Rev/src/Element/Style/Style.ixx:152:31: warning: identifier '_px' preceded by whitespace in a literal operator declaration is deprecated [-Wdeprecated-literal-operator]
  152 |     constexpr Dist operator"" _px(unsigned long long value) { return { Dist::Type::Abs, static_cast<float>(value) }; }
      |                    ~~~~~~~~~~~^~~
      |                    operator""_px
C:/Users/Ryan/Desktop/Ryan/Rev/Rev/src/Element/Style/Style.ixx:153:31: warning: identifier '_pct' preceded by whitespace in a literal operator declaration is deprecated [-Wdeprecated-literal-operator]
  153 |     constexpr Dist operator"" _pct(unsigned long long value) { return { Dist::Type::Rel, static_cast<float>(value) / 100.0f }; }
      |                    ~~~~~~~~~~~^~~~
      |                    operator""_pct
C:/Users/Ryan/Desktop/Ryan/Rev/Rev/src/Element/Style/Style.ixx:154:31: warning: identifier '_grow' preceded by whitespace in a literal operator declaration is deprecated [-Wdeprecated-literal-operator]
  154 |     constexpr Dist operator"" _grow(unsigned long long value) { return { Dist::Type::Grow, static_cast<float>(value) / 100.0f }; }
      |                    ~~~~~~~~~~~^~~~~
      |                    operator""_grow
C:/Users/Ryan/Desktop/Ryan/Rev/Rev/src/Element/Style/Style.ixx:155:31: warning: identifier '_shrink' preceded by whitespace in a literal operator declaration is deprecated [-Wdeprecated-literal-operator]
  155 |     constexpr Dist operator"" _shrink(unsigned long long value) { return { Dist::Type::Grow, static_cast<float>(value) / 100.0f }; }
      |                    ~~~~~~~~~~~^~~~~~~
      |                    operator""_shrink
In file included from C:\Users\Ryan\Desktop\Ryan\Rev\CAM\.clever\release\xpp\Carvera.Gui.OriginSection\Carvera.Gui.OriginSection.cpp:2:
In file included from C:/Users/Ryan/Desktop/Ryan/Rev/CAM/source/Carvera/Gui/Carvera.Gui.OriginSection.ixx:30:
C:/Users/Ryan/Desktop/Ryan/Rev/CAM/source/Carvera/Gui/Carvera.Gui.Style.ixx:39:25: warning: ISO C++ requires field designators to be specified in declaration order; field 'padding' will be initialized after field 'overflow' [-Wreorder-init-list]
   39 |             .overflow = Overflow::Hide,
      |             ~~~~~~~~~~~~^~~~~~~~~~~~~~
C:/Users/Ryan/Desktop/Ryan/Rev/CAM/source/Carvera/Gui/Carvera.Gui.Style.ixx:35:24: note: previous initialization for field 'padding' is here
   35 |             .padding = { 16_px, 16_px, 16_px, 16_px },
      |                        ^~~~~~~~~~~~~~~~~~~~~~~~~~~~~~
8 warnings generated.

  [129/165] CXX CAMDemo/Gui.StageRow.ixx
In file included from C:\Users\Ryan\Desktop\Ryan\Rev\CAM\.clever\release\xpp\Cam.Gui\Gui.cpp:2:
In file included from C:/Users/Ryan/Desktop/Ryan/Rev/CAM/source/Gui/Gui.ixx:9:
In file included from C:/Users/Ryan/Desktop/Ryan/Rev/Rev/src/Element/Element.ixx:15:
In file included from C:/Users/Ryan/Desktop/Ryan/Rev/Rev/src/Graphics/OpenGL/Canvas.OpenGL.ixx:12:
In file included from C:/Users/Ryan/Desktop/Ryan/Rev/Rev/src/Native/Windows/NativeWindow.win.ixx:31:
C:/Users/Ryan/Desktop/Ryan/Rev/Rev/src/Element/Style/Style.ixx:65:30: warning: identifier '_sec' preceded by whitespace in a literal operator declaration is deprecated [-Wdeprecated-literal-operator]
   65 |     constexpr int operator"" _sec(long double value) { return static_cast<int>(value * 1000.0); }
      |                   ~~~~~~~~~~~^~~~
      |                   operator""_sec
C:/Users/Ryan/Desktop/Ryan/Rev/Rev/src/Element/Style/Style.ixx:66:30: warning: identifier '_sec' preceded by whitespace in a literal operator declaration is deprecated [-Wdeprecated-literal-operator]
   66 |     constexpr int operator"" _sec(unsigned long long value) { return static_cast<int>(value * 1000.0); }
      |                   ~~~~~~~~~~~^~~~
      |                   operator""_sec
C:/Users/Ryan/Desktop/Ryan/Rev/Rev/src/Element/Style/Style.ixx:67:30: warning: identifier '_ms' preceded by whitespace in a literal operator declaration is deprecated [-Wdeprecated-literal-operator]
   67 |     constexpr int operator"" _ms(unsigned long long value) { return static_cast<int>(value); }
      |                   ~~~~~~~~~~~^~~
      |                   operator""_ms
C:/Users/Ryan/Desktop/Ryan/Rev/Rev/src/Element/Style/Style.ixx:152:31: warning: identifier '_px' preceded by whitespace in a literal operator declaration is deprecated [-Wdeprecated-literal-operator]
  152 |     constexpr Dist operator"" _px(unsigned long long value) { return { Dist::Type::Abs, static_cast<float>(value) }; }
      |                    ~~~~~~~~~~~^~~
      |                    operator""_px
C:/Users/Ryan/Desktop/Ryan/Rev/Rev/src/Element/Style/Style.ixx:153:31: warning: identifier '_pct' preceded by whitespace in a literal operator declaration is deprecated [-Wdeprecated-literal-operator]
  153 |     constexpr Dist operator"" _pct(unsigned long long value) { return { Dist::Type::Rel, static_cast<float>(value) / 100.0f }; }
      |                    ~~~~~~~~~~~^~~~
      |                    operator""_pct
C:/Users/Ryan/Desktop/Ryan/Rev/Rev/src/Element/Style/Style.ixx:154:31: warning: identifier '_grow' preceded by whitespace in a literal operator declaration is deprecated [-Wdeprecated-literal-operator]
  154 |     constexpr Dist operator"" _grow(unsigned long long value) { return { Dist::Type::Grow, static_cast<float>(value) / 100.0f }; }
      |                    ~~~~~~~~~~~^~~~~
      |                    operator""_grow
C:/Users/Ryan/Desktop/Ryan/Rev/Rev/src/Element/Style/Style.ixx:155:31: warning: identifier '_shrink' preceded by whitespace in a literal operator declaration is deprecated [-Wdeprecated-literal-operator]
  155 |     constexpr Dist operator"" _shrink(unsigned long long value) { return { Dist::Type::Grow, static_cast<float>(value) / 100.0f }; }
      |                    ~~~~~~~~~~~^~~~~~~
      |                    operator""_shrink
7 warnings generated.

  [130/165] CXX CAMDemo/Gui.Stages.ixx
In file included from C:\Users\Ryan\Desktop\Ryan\Rev\CAM\.clever\release\xpp\Carvera.Gui.ToolSection\Carvera.Gui.ToolSection.cpp:2:
In file included from C:/Users/Ryan/Desktop/Ryan/Rev/CAM/source/Carvera/Gui/Carvera.Gui.ToolSection.ixx:11:
In file included from C:/Users/Ryan/Desktop/Ryan/Rev/Rev/src/Element/Element.ixx:15:
In file included from C:/Users/Ryan/Desktop/Ryan/Rev/Rev/src/Graphics/OpenGL/Canvas.OpenGL.ixx:12:
In file included from C:/Users/Ryan/Desktop/Ryan/Rev/Rev/src/Native/Windows/NativeWindow.win.ixx:31:
C:/Users/Ryan/Desktop/Ryan/Rev/Rev/src/Element/Style/Style.ixx:65:30: warning: identifier '_sec' preceded by whitespace in a literal operator declaration is deprecated [-Wdeprecated-literal-operator]
   65 |     constexpr int operator"" _sec(long double value) { return static_cast<int>(value * 1000.0); }
      |                   ~~~~~~~~~~~^~~~
      |                   operator""_sec
C:/Users/Ryan/Desktop/Ryan/Rev/Rev/src/Element/Style/Style.ixx:66:30: warning: identifier '_sec' preceded by whitespace in a literal operator declaration is deprecated [-Wdeprecated-literal-operator]
   66 |     constexpr int operator"" _sec(unsigned long long value) { return static_cast<int>(value * 1000.0); }
      |                   ~~~~~~~~~~~^~~~
      |                   operator""_sec
C:/Users/Ryan/Desktop/Ryan/Rev/Rev/src/Element/Style/Style.ixx:67:30: warning: identifier '_ms' preceded by whitespace in a literal operator declaration is deprecated [-Wdeprecated-literal-operator]
   67 |     constexpr int operator"" _ms(unsigned long long value) { return static_cast<int>(value); }
      |                   ~~~~~~~~~~~^~~
      |                   operator""_ms
C:/Users/Ryan/Desktop/Ryan/Rev/Rev/src/Element/Style/Style.ixx:152:31: warning: identifier '_px' preceded by whitespace in a literal operator declaration is deprecated [-Wdeprecated-literal-operator]
  152 |     constexpr Dist operator"" _px(unsigned long long value) { return { Dist::Type::Abs, static_cast<float>(value) }; }
      |                    ~~~~~~~~~~~^~~
      |                    operator""_px
C:/Users/Ryan/Desktop/Ryan/Rev/Rev/src/Element/Style/Style.ixx:153:31: warning: identifier '_pct' preceded by whitespace in a literal operator declaration is deprecated [-Wdeprecated-literal-operator]
  153 |     constexpr Dist operator"" _pct(unsigned long long value) { return { Dist::Type::Rel, static_cast<float>(value) / 100.0f }; }
      |                    ~~~~~~~~~~~^~~~
      |                    operator""_pct
C:/Users/Ryan/Desktop/Ryan/Rev/Rev/src/Element/Style/Style.ixx:154:31: warning: identifier '_grow' preceded by whitespace in a literal operator declaration is deprecated [-Wdeprecated-literal-operator]
  154 |     constexpr Dist operator"" _grow(unsigned long long value) { return { Dist::Type::Grow, static_cast<float>(value) / 100.0f }; }
      |                    ~~~~~~~~~~~^~~~~
      |                    operator""_grow
C:/Users/Ryan/Desktop/Ryan/Rev/Rev/src/Element/Style/Style.ixx:155:31: warning: identifier '_shrink' preceded by whitespace in a literal operator declaration is deprecated [-Wdeprecated-literal-operator]
  155 |     constexpr Dist operator"" _shrink(unsigned long long value) { return { Dist::Type::Grow, static_cast<float>(value) / 100.0f }; }
      |                    ~~~~~~~~~~~^~~~~~~
      |                    operator""_shrink
In file included from C:\Users\Ryan\Desktop\Ryan\Rev\CAM\.clever\release\xpp\Carvera.Gui.ToolSection\Carvera.Gui.ToolSection.cpp:2:
In file included from C:/Users/Ryan/Desktop/Ryan/Rev/CAM/source/Carvera/Gui/Carvera.Gui.ToolSection.ixx:23:
C:/Users/Ryan/Desktop/Ryan/Rev/CAM/source/Carvera/Gui/Carvera.Gui.Style.ixx:39:25: warning: ISO C++ requires field designators to be specified in declaration order; field 'padding' will be initialized after field 'overflow' [-Wreorder-init-list]
   39 |             .overflow = Overflow::Hide,
      |             ~~~~~~~~~~~~^~~~~~~~~~~~~~
C:/Users/Ryan/Desktop/Ryan/Rev/CAM/source/Carvera/Gui/Carvera.Gui.Style.ixx:35:24: note: previous initialization for field 'padding' is here
   35 |             .padding = { 16_px, 16_px, 16_px, 16_px },
      |                        ^~~~~~~~~~~~~~~~~~~~~~~~~~~~~~
8 warnings generated.

  [131/165] CXX CAMDemo/Gui.ToolPathSettingsWindow.ixx
In file included from C:\Users\Ryan\Desktop\Ryan\Rev\CAM\.clever\release\xpp\Carvera.Gui.Interface\Carvera.Interface.cpp:2:
In file included from C:/Users/Ryan/Desktop/Ryan/Rev/CAM/source/Carvera/Gui/Carvera.Interface.ixx:7:
In file included from C:/Users/Ryan/Desktop/Ryan/Rev/Rev/src/Element/Element.ixx:15:
In file included from C:/Users/Ryan/Desktop/Ryan/Rev/Rev/src/Graphics/OpenGL/Canvas.OpenGL.ixx:12:
In file included from C:/Users/Ryan/Desktop/Ryan/Rev/Rev/src/Native/Windows/NativeWindow.win.ixx:31:
C:/Users/Ryan/Desktop/Ryan/Rev/Rev/src/Element/Style/Style.ixx:65:30: warning: identifier '_sec' preceded by whitespace in a literal operator declaration is deprecated [-Wdeprecated-literal-operator]
   65 |     constexpr int operator"" _sec(long double value) { return static_cast<int>(value * 1000.0); }
      |                   ~~~~~~~~~~~^~~~
      |                   operator""_sec
C:/Users/Ryan/Desktop/Ryan/Rev/Rev/src/Element/Style/Style.ixx:66:30: warning: identifier '_sec' preceded by whitespace in a literal operator declaration is deprecated [-Wdeprecated-literal-operator]
   66 |     constexpr int operator"" _sec(unsigned long long value) { return static_cast<int>(value * 1000.0); }
      |                   ~~~~~~~~~~~^~~~
      |                   operator""_sec
C:/Users/Ryan/Desktop/Ryan/Rev/Rev/src/Element/Style/Style.ixx:67:30: warning: identifier '_ms' preceded by whitespace in a literal operator declaration is deprecated [-Wdeprecated-literal-operator]
   67 |     constexpr int operator"" _ms(unsigned long long value) { return static_cast<int>(value); }
      |                   ~~~~~~~~~~~^~~
      |                   operator""_ms
C:/Users/Ryan/Desktop/Ryan/Rev/Rev/src/Element/Style/Style.ixx:152:31: warning: identifier '_px' preceded by whitespace in a literal operator declaration is deprecated [-Wdeprecated-literal-operator]
  152 |     constexpr Dist operator"" _px(unsigned long long value) { return { Dist::Type::Abs, static_cast<float>(value) }; }
      |                    ~~~~~~~~~~~^~~
      |                    operator""_px
C:/Users/Ryan/Desktop/Ryan/Rev/Rev/src/Element/Style/Style.ixx:153:31: warning: identifier '_pct' preceded by whitespace in a literal operator declaration is deprecated [-Wdeprecated-literal-operator]
  153 |     constexpr Dist operator"" _pct(unsigned long long value) { return { Dist::Type::Rel, static_cast<float>(value) / 100.0f }; }
      |                    ~~~~~~~~~~~^~~~
      |                    operator""_pct
C:/Users/Ryan/Desktop/Ryan/Rev/Rev/src/Element/Style/Style.ixx:154:31: warning: identifier '_grow' preceded by whitespace in a literal operator declaration is deprecated [-Wdeprecated-literal-operator]
  154 |     constexpr Dist operator"" _grow(unsigned long long value) { return { Dist::Type::Grow, static_cast<float>(value) / 100.0f }; }
      |                    ~~~~~~~~~~~^~~~~
      |                    operator""_grow
C:/Users/Ryan/Desktop/Ryan/Rev/Rev/src/Element/Style/Style.ixx:155:31: warning: identifier '_shrink' preceded by whitespace in a literal operator declaration is deprecated [-Wdeprecated-literal-operator]
  155 |     constexpr Dist operator"" _shrink(unsigned long long value) { return { Dist::Type::Grow, static_cast<float>(value) / 100.0f }; }
      |                    ~~~~~~~~~~~^~~~~~~
      |                    operator""_shrink
In file included from C:\Users\Ryan\Desktop\Ryan\Rev\CAM\.clever\release\xpp\Carvera.Gui.Interface\Carvera.Interface.cpp:2:
In file included from C:/Users/Ryan/Desktop/Ryan/Rev/CAM/source/Carvera/Gui/Carvera.Interface.ixx:19:
C:/Users/Ryan/Desktop/Ryan/Rev/CAM/source/Carvera/Gui/Carvera.Gui.Style.ixx:39:25: warning: ISO C++ requires field designators to be specified in declaration order; field 'padding' will be initialized after field 'overflow' [-Wreorder-init-list]
   39 |             .overflow = Overflow::Hide,
      |             ~~~~~~~~~~~~^~~~~~~~~~~~~~
C:/Users/Ryan/Desktop/Ryan/Rev/CAM/source/Carvera/Gui/Carvera.Gui.Style.ixx:35:24: note: previous initialization for field 'padding' is here
   35 |             .padding = { 16_px, 16_px, 16_px, 16_px },
      |                        ^~~~~~~~~~~~~~~~~~~~~~~~~~~~~~
8 warnings generated.

  [132/165] CXX CAMDemo/Gui.ToolpathSettings.ixx
In file included from C:\Users\Ryan\Desktop\Ryan\Rev\CAM\.clever\release\xpp\Cam.Gui.LockableNumberInput\Gui.LockableNumberInput.cpp:2:
In file included from C:/Users/Ryan/Desktop/Ryan/Rev/CAM/source/Gui/Controls/Gui.LockableNumberInput.ixx:14:
In file included from C:/Users/Ryan/Desktop/Ryan/Rev/Rev/src/Element/Element.ixx:15:
In file included from C:/Users/Ryan/Desktop/Ryan/Rev/Rev/src/Graphics/OpenGL/Canvas.OpenGL.ixx:12:
In file included from C:/Users/Ryan/Desktop/Ryan/Rev/Rev/src/Native/Windows/NativeWindow.win.ixx:31:
C:/Users/Ryan/Desktop/Ryan/Rev/Rev/src/Element/Style/Style.ixx:65:30: warning: identifier '_sec' preceded by whitespace in a literal operator declaration is deprecated [-Wdeprecated-literal-operator]
   65 |     constexpr int operator"" _sec(long double value) { return static_cast<int>(value * 1000.0); }
      |                   ~~~~~~~~~~~^~~~
      |                   operator""_sec
C:/Users/Ryan/Desktop/Ryan/Rev/Rev/src/Element/Style/Style.ixx:66:30: warning: identifier '_sec' preceded by whitespace in a literal operator declaration is deprecated [-Wdeprecated-literal-operator]
   66 |     constexpr int operator"" _sec(unsigned long long value) { return static_cast<int>(value * 1000.0); }
      |                   ~~~~~~~~~~~^~~~
      |                   operator""_sec
C:/Users/Ryan/Desktop/Ryan/Rev/Rev/src/Element/Style/Style.ixx:67:30: warning: identifier '_ms' preceded by whitespace in a literal operator declaration is deprecated [-Wdeprecated-literal-operator]
   67 |     constexpr int operator"" _ms(unsigned long long value) { return static_cast<int>(value); }
      |                   ~~~~~~~~~~~^~~
      |                   operator""_ms
C:/Users/Ryan/Desktop/Ryan/Rev/Rev/src/Element/Style/Style.ixx:152:31: warning: identifier '_px' preceded by whitespace in a literal operator declaration is deprecated [-Wdeprecated-literal-operator]
  152 |     constexpr Dist operator"" _px(unsigned long long value) { return { Dist::Type::Abs, static_cast<float>(value) }; }
      |                    ~~~~~~~~~~~^~~
      |                    operator""_px
C:/Users/Ryan/Desktop/Ryan/Rev/Rev/src/Element/Style/Style.ixx:153:31: warning: identifier '_pct' preceded by whitespace in a literal operator declaration is deprecated [-Wdeprecated-literal-operator]
  153 |     constexpr Dist operator"" _pct(unsigned long long value) { return { Dist::Type::Rel, static_cast<float>(value) / 100.0f }; }
      |                    ~~~~~~~~~~~^~~~
      |                    operator""_pct
C:/Users/Ryan/Desktop/Ryan/Rev/Rev/src/Element/Style/Style.ixx:154:31: warning: identifier '_grow' preceded by whitespace in a literal operator declaration is deprecated [-Wdeprecated-literal-operator]
  154 |     constexpr Dist operator"" _grow(unsigned long long value) { return { Dist::Type::Grow, static_cast<float>(value) / 100.0f }; }
      |                    ~~~~~~~~~~~^~~~~
      |                    operator""_grow
C:/Users/Ryan/Desktop/Ryan/Rev/Rev/src/Element/Style/Style.ixx:155:31: warning: identifier '_shrink' preceded by whitespace in a literal operator declaration is deprecated [-Wdeprecated-literal-operator]
  155 |     constexpr Dist operator"" _shrink(unsigned long long value) { return { Dist::Type::Grow, static_cast<float>(value) / 100.0f }; }
      |                    ~~~~~~~~~~~^~~~~~~
      |                    operator""_shrink
7 warnings generated.

  [133/165] CXX CAMDemo/Gui.Face.ixx
In file included from C:\Users\Ryan\Desktop\Ryan\Rev\CAM\.clever\release\xpp\Cam.Gui.LeftPanel\Gui.LeftPanel.cpp:2:
In file included from C:/Users/Ryan/Desktop/Ryan/Rev/CAM/source/Gui/LeftPanel/Gui.LeftPanel.ixx:11:
In file included from C:/Users/Ryan/Desktop/Ryan/Rev/Rev/src/Element/Element.ixx:15:
In file included from C:/Users/Ryan/Desktop/Ryan/Rev/Rev/src/Graphics/OpenGL/Canvas.OpenGL.ixx:12:
In file included from C:/Users/Ryan/Desktop/Ryan/Rev/Rev/src/Native/Windows/NativeWindow.win.ixx:31:
C:/Users/Ryan/Desktop/Ryan/Rev/Rev/src/Element/Style/Style.ixx:65:30: warning: identifier '_sec' preceded by whitespace in a literal operator declaration is deprecated [-Wdeprecated-literal-operator]
   65 |     constexpr int operator"" _sec(long double value) { return static_cast<int>(value * 1000.0); }
      |                   ~~~~~~~~~~~^~~~
      |                   operator""_sec
C:/Users/Ryan/Desktop/Ryan/Rev/Rev/src/Element/Style/Style.ixx:66:30: warning: identifier '_sec' preceded by whitespace in a literal operator declaration is deprecated [-Wdeprecated-literal-operator]
   66 |     constexpr int operator"" _sec(unsigned long long value) { return static_cast<int>(value * 1000.0); }
      |                   ~~~~~~~~~~~^~~~
      |                   operator""_sec
C:/Users/Ryan/Desktop/Ryan/Rev/Rev/src/Element/Style/Style.ixx:67:30: warning: identifier '_ms' preceded by whitespace in a literal operator declaration is deprecated [-Wdeprecated-literal-operator]
   67 |     constexpr int operator"" _ms(unsigned long long value) { return static_cast<int>(value); }
      |                   ~~~~~~~~~~~^~~
      |                   operator""_ms
C:/Users/Ryan/Desktop/Ryan/Rev/Rev/src/Element/Style/Style.ixx:152:31: warning: identifier '_px' preceded by whitespace in a literal operator declaration is deprecated [-Wdeprecated-literal-operator]
  152 |     constexpr Dist operator"" _px(unsigned long long value) { return { Dist::Type::Abs, static_cast<float>(value) }; }
      |                    ~~~~~~~~~~~^~~
      |                    operator""_px
C:/Users/Ryan/Desktop/Ryan/Rev/Rev/src/Element/Style/Style.ixx:153:31: warning: identifier '_pct' preceded by whitespace in a literal operator declaration is deprecated [-Wdeprecated-literal-operator]
  153 |     constexpr Dist operator"" _pct(unsigned long long value) { return { Dist::Type::Rel, static_cast<float>(value) / 100.0f }; }
      |                    ~~~~~~~~~~~^~~~
      |                    operator""_pct
C:/Users/Ryan/Desktop/Ryan/Rev/Rev/src/Element/Style/Style.ixx:154:31: warning: identifier '_grow' preceded by whitespace in a literal operator declaration is deprecated [-Wdeprecated-literal-operator]
  154 |     constexpr Dist operator"" _grow(unsigned long long value) { return { Dist::Type::Grow, static_cast<float>(value) / 100.0f }; }
      |                    ~~~~~~~~~~~^~~~~
      |                    operator""_grow
C:/Users/Ryan/Desktop/Ryan/Rev/Rev/src/Element/Style/Style.ixx:155:31: warning: identifier '_shrink' preceded by whitespace in a literal operator declaration is deprecated [-Wdeprecated-literal-operator]
  155 |     constexpr Dist operator"" _shrink(unsigned long long value) { return { Dist::Type::Grow, static_cast<float>(value) / 100.0f }; }
      |                    ~~~~~~~~~~~^~~~~~~
      |                    operator""_shrink
C:/Users/Ryan/Desktop/Ryan/Rev/CAM/source/Gui/LeftPanel/Gui.LeftPanel.ixx:52:25: warning: ISO C++ requires field designators to be specified in declaration order; field 'border' will be initialized after field 'overflow' [-Wreorder-init-list]
   52 |             .overflow = Overflow::Hide,
      |             ~~~~~~~~~~~~^~~~~~~~~~~~~~
C:/Users/Ryan/Desktop/Ryan/Rev/CAM/source/Gui/LeftPanel/Gui.LeftPanel.ixx:51:23: note: previous initialization for field 'border' is here
   51 |             .border = { .radius = 6_px },
      |                       ^~~~~~~~~~~~~~~~~~
C:/Users/Ryan/Desktop/Ryan/Rev/CAM/source/Gui/LeftPanel/Gui.LeftPanel.ixx:63:27: warning: ISO C++ requires field designators to be specified in declaration order; field 'width' will be initialized after field 'radius' [-Wreorder-init-list]
   63 |                 .radius = 5_px
      |                 ~~~~~~~~~~^~~~
C:/Users/Ryan/Desktop/Ryan/Rev/CAM/source/Gui/LeftPanel/Gui.LeftPanel.ixx:62:26: note: previous initialization for field 'width' is here
   62 |                 .width = 1_px,
      |                          ^~~~
9 warnings generated.

  [134/165] CXX CAMDemo/Gui.FaceOperationView.ixx
In file included from C:\Users\Ryan\Desktop\Ryan\Rev\CAM\.clever\release\xpp\Cam.Gui.MachineTree\Gui.MachineTree.cpp:2:
In file included from C:/Users/Ryan/Desktop/Ryan/Rev/CAM/source/Gui/LeftPanel/Machine/Gui.MachineTree.ixx:14:
In file included from C:/Users/Ryan/Desktop/Ryan/Rev/Rev/src/Element/Element.ixx:15:
In file included from C:/Users/Ryan/Desktop/Ryan/Rev/Rev/src/Graphics/OpenGL/Canvas.OpenGL.ixx:12:
In file included from C:/Users/Ryan/Desktop/Ryan/Rev/Rev/src/Native/Windows/NativeWindow.win.ixx:31:
C:/Users/Ryan/Desktop/Ryan/Rev/Rev/src/Element/Style/Style.ixx:65:30: warning: identifier '_sec' preceded by whitespace in a literal operator declaration is deprecated [-Wdeprecated-literal-operator]
   65 |     constexpr int operator"" _sec(long double value) { return static_cast<int>(value * 1000.0); }
      |                   ~~~~~~~~~~~^~~~
      |                   operator""_sec
C:/Users/Ryan/Desktop/Ryan/Rev/Rev/src/Element/Style/Style.ixx:66:30: warning: identifier '_sec' preceded by whitespace in a literal operator declaration is deprecated [-Wdeprecated-literal-operator]
   66 |     constexpr int operator"" _sec(unsigned long long value) { return static_cast<int>(value * 1000.0); }
      |                   ~~~~~~~~~~~^~~~
      |                   operator""_sec
C:/Users/Ryan/Desktop/Ryan/Rev/Rev/src/Element/Style/Style.ixx:67:30: warning: identifier '_ms' preceded by whitespace in a literal operator declaration is deprecated [-Wdeprecated-literal-operator]
   67 |     constexpr int operator"" _ms(unsigned long long value) { return static_cast<int>(value); }
      |                   ~~~~~~~~~~~^~~
      |                   operator""_ms
C:/Users/Ryan/Desktop/Ryan/Rev/Rev/src/Element/Style/Style.ixx:152:31: warning: identifier '_px' preceded by whitespace in a literal operator declaration is deprecated [-Wdeprecated-literal-operator]
  152 |     constexpr Dist operator"" _px(unsigned long long value) { return { Dist::Type::Abs, static_cast<float>(value) }; }
      |                    ~~~~~~~~~~~^~~
      |                    operator""_px
C:/Users/Ryan/Desktop/Ryan/Rev/Rev/src/Element/Style/Style.ixx:153:31: warning: identifier '_pct' preceded by whitespace in a literal operator declaration is deprecated [-Wdeprecated-literal-operator]
  153 |     constexpr Dist operator"" _pct(unsigned long long value) { return { Dist::Type::Rel, static_cast<float>(value) / 100.0f }; }
      |                    ~~~~~~~~~~~^~~~
      |                    operator""_pct
C:/Users/Ryan/Desktop/Ryan/Rev/Rev/src/Element/Style/Style.ixx:154:31: warning: identifier '_grow' preceded by whitespace in a literal operator declaration is deprecated [-Wdeprecated-literal-operator]
  154 |     constexpr Dist operator"" _grow(unsigned long long value) { return { Dist::Type::Grow, static_cast<float>(value) / 100.0f }; }
      |                    ~~~~~~~~~~~^~~~~
      |                    operator""_grow
C:/Users/Ryan/Desktop/Ryan/Rev/Rev/src/Element/Style/Style.ixx:155:31: warning: identifier '_shrink' preceded by whitespace in a literal operator declaration is deprecated [-Wdeprecated-literal-operator]
  155 |     constexpr Dist operator"" _shrink(unsigned long long value) { return { Dist::Type::Grow, static_cast<float>(value) / 100.0f }; }
      |                    ~~~~~~~~~~~^~~~~~~
      |                    operator""_shrink
7 warnings generated.

  [135/165] CXX CAMDemo/Gui.ImportOperationView.ixx
In file included from C:\Users\Ryan\Desktop\Ryan\Rev\CAM\.clever\release\xpp\Cam.Gui.FramesTree\Gui.FramesTree.cpp:2:
In file included from C:/Users/Ryan/Desktop/Ryan/Rev/CAM/source/Gui/LeftPanel/Frames/Gui.FramesTree.ixx:14:
In file included from C:/Users/Ryan/Desktop/Ryan/Rev/Rev/src/Element/Element.ixx:15:
In file included from C:/Users/Ryan/Desktop/Ryan/Rev/Rev/src/Graphics/OpenGL/Canvas.OpenGL.ixx:12:
In file included from C:/Users/Ryan/Desktop/Ryan/Rev/Rev/src/Native/Windows/NativeWindow.win.ixx:31:
C:/Users/Ryan/Desktop/Ryan/Rev/Rev/src/Element/Style/Style.ixx:65:30: warning: identifier '_sec' preceded by whitespace in a literal operator declaration is deprecated [-Wdeprecated-literal-operator]
   65 |     constexpr int operator"" _sec(long double value) { return static_cast<int>(value * 1000.0); }
      |                   ~~~~~~~~~~~^~~~
      |                   operator""_sec
C:/Users/Ryan/Desktop/Ryan/Rev/Rev/src/Element/Style/Style.ixx:66:30: warning: identifier '_sec' preceded by whitespace in a literal operator declaration is deprecated [-Wdeprecated-literal-operator]
   66 |     constexpr int operator"" _sec(unsigned long long value) { return static_cast<int>(value * 1000.0); }
      |                   ~~~~~~~~~~~^~~~
      |                   operator""_sec
C:/Users/Ryan/Desktop/Ryan/Rev/Rev/src/Element/Style/Style.ixx:67:30: warning: identifier '_ms' preceded by whitespace in a literal operator declaration is deprecated [-Wdeprecated-literal-operator]
   67 |     constexpr int operator"" _ms(unsigned long long value) { return static_cast<int>(value); }
      |                   ~~~~~~~~~~~^~~
      |                   operator""_ms
C:/Users/Ryan/Desktop/Ryan/Rev/Rev/src/Element/Style/Style.ixx:152:31: warning: identifier '_px' preceded by whitespace in a literal operator declaration is deprecated [-Wdeprecated-literal-operator]
  152 |     constexpr Dist operator"" _px(unsigned long long value) { return { Dist::Type::Abs, static_cast<float>(value) }; }
      |                    ~~~~~~~~~~~^~~
      |                    operator""_px
C:/Users/Ryan/Desktop/Ryan/Rev/Rev/src/Element/Style/Style.ixx:153:31: warning: identifier '_pct' preceded by whitespace in a literal operator declaration is deprecated [-Wdeprecated-literal-operator]
  153 |     constexpr Dist operator"" _pct(unsigned long long value) { return { Dist::Type::Rel, static_cast<float>(value) / 100.0f }; }
      |                    ~~~~~~~~~~~^~~~
      |                    operator""_pct
C:/Users/Ryan/Desktop/Ryan/Rev/Rev/src/Element/Style/Style.ixx:154:31: warning: identifier '_grow' preceded by whitespace in a literal operator declaration is deprecated [-Wdeprecated-literal-operator]
  154 |     constexpr Dist operator"" _grow(unsigned long long value) { return { Dist::Type::Grow, static_cast<float>(value) / 100.0f }; }
      |                    ~~~~~~~~~~~^~~~~
      |                    operator""_grow
C:/Users/Ryan/Desktop/Ryan/Rev/Rev/src/Element/Style/Style.ixx:155:31: warning: identifier '_shrink' preceded by whitespace in a literal operator declaration is deprecated [-Wdeprecated-literal-operator]
  155 |     constexpr Dist operator"" _shrink(unsigned long long value) { return { Dist::Type::Grow, static_cast<float>(value) / 100.0f }; }
      |                    ~~~~~~~~~~~^~~~~~~
      |                    operator""_shrink
C:/Users/Ryan/Desktop/Ryan/Rev/CAM/source/Gui/LeftPanel/Frames/Gui.FramesTree.ixx:72:23: warning: ISO C++ requires field designators to be specified in declaration order; field 'padding' will be initialized after field 'margin' [-Wreorder-init-list]
   72 |             .margin = { .bottom = 1_px }
      |             ~~~~~~~~~~^~~~~~~~~~~~~~~~~~
C:/Users/Ryan/Desktop/Ryan/Rev/CAM/source/Gui/LeftPanel/Frames/Gui.FramesTree.ixx:71:24: note: previous initialization for field 'padding' is here
   71 |             .padding = { .left = 12_px, .right = 12_px, .top = 6_px, .bottom = 5_px },
      |                        ^~~~~~~~~~~~~~~~~~~~~~~~~~~~~~~~~~~~~~~~~~~~~~~~~~~~~~~~~~~~~~
8 warnings generated.

  [136/165] CXX CAMDemo/Gui.OperationView.ixx
In file included from C:\Users\Ryan\Desktop\Ryan\Rev\CAM\.clever\release\xpp\Cam.Gui.StageRow\Gui.StageRow.cpp:2:
In file included from C:/Users/Ryan/Desktop/Ryan/Rev/CAM/source/Gui/LeftPanel/Stages/Gui.StageRow.ixx:15:
In file included from C:/Users/Ryan/Desktop/Ryan/Rev/Rev/src/Element/Element.ixx:15:
In file included from C:/Users/Ryan/Desktop/Ryan/Rev/Rev/src/Graphics/OpenGL/Canvas.OpenGL.ixx:12:
In file included from C:/Users/Ryan/Desktop/Ryan/Rev/Rev/src/Native/Windows/NativeWindow.win.ixx:31:
C:/Users/Ryan/Desktop/Ryan/Rev/Rev/src/Element/Style/Style.ixx:65:30: warning: identifier '_sec' preceded by whitespace in a literal operator declaration is deprecated [-Wdeprecated-literal-operator]
   65 |     constexpr int operator"" _sec(long double value) { return static_cast<int>(value * 1000.0); }
      |                   ~~~~~~~~~~~^~~~
      |                   operator""_sec
C:/Users/Ryan/Desktop/Ryan/Rev/Rev/src/Element/Style/Style.ixx:66:30: warning: identifier '_sec' preceded by whitespace in a literal operator declaration is deprecated [-Wdeprecated-literal-operator]
   66 |     constexpr int operator"" _sec(unsigned long long value) { return static_cast<int>(value * 1000.0); }
      |                   ~~~~~~~~~~~^~~~
      |                   operator""_sec
C:/Users/Ryan/Desktop/Ryan/Rev/Rev/src/Element/Style/Style.ixx:67:30: warning: identifier '_ms' preceded by whitespace in a literal operator declaration is deprecated [-Wdeprecated-literal-operator]
   67 |     constexpr int operator"" _ms(unsigned long long value) { return static_cast<int>(value); }
      |                   ~~~~~~~~~~~^~~
      |                   operator""_ms
C:/Users/Ryan/Desktop/Ryan/Rev/Rev/src/Element/Style/Style.ixx:152:31: warning: identifier '_px' preceded by whitespace in a literal operator declaration is deprecated [-Wdeprecated-literal-operator]
  152 |     constexpr Dist operator"" _px(unsigned long long value) { return { Dist::Type::Abs, static_cast<float>(value) }; }
      |                    ~~~~~~~~~~~^~~
      |                    operator""_px
C:/Users/Ryan/Desktop/Ryan/Rev/Rev/src/Element/Style/Style.ixx:153:31: warning: identifier '_pct' preceded by whitespace in a literal operator declaration is deprecated [-Wdeprecated-literal-operator]
  153 |     constexpr Dist operator"" _pct(unsigned long long value) { return { Dist::Type::Rel, static_cast<float>(value) / 100.0f }; }
      |                    ~~~~~~~~~~~^~~~
      |                    operator""_pct
C:/Users/Ryan/Desktop/Ryan/Rev/Rev/src/Element/Style/Style.ixx:154:31: warning: identifier '_grow' preceded by whitespace in a literal operator declaration is deprecated [-Wdeprecated-literal-operator]
  154 |     constexpr Dist operator"" _grow(unsigned long long value) { return { Dist::Type::Grow, static_cast<float>(value) / 100.0f }; }
      |                    ~~~~~~~~~~~^~~~~
      |                    operator""_grow
C:/Users/Ryan/Desktop/Ryan/Rev/Rev/src/Element/Style/Style.ixx:155:31: warning: identifier '_shrink' preceded by whitespace in a literal operator declaration is deprecated [-Wdeprecated-literal-operator]
  155 |     constexpr Dist operator"" _shrink(unsigned long long value) { return { Dist::Type::Grow, static_cast<float>(value) / 100.0f }; }
      |                    ~~~~~~~~~~~^~~~~~~
      |                    operator""_shrink
C:/Users/Ryan/Desktop/Ryan/Rev/CAM/source/Gui/LeftPanel/Stages/Gui.StageRow.ixx:54:27: warning: ISO C++ requires field designators to be specified in declaration order; field 'border' will be initialized after field 'background' [-Wreorder-init-list]
   54 |             .background = { .color = rgba(255, 255, 255, 0.03), .transition = 120_ms }
      |             ~~~~~~~~~~~~~~^~~~~~~~~~~~~~~~~~~~~~~~~~~~~~~~~~~~~~~~~~~~~~~~~~~~~~~~~~~~
C:/Users/Ryan/Desktop/Ryan/Rev/CAM/source/Gui/LeftPanel/Stages/Gui.StageRow.ixx:53:23: note: previous initialization for field 'border' is here
   53 |             .border = { .radius = 4_px },
      |                       ^~~~~~~~~~~~~~~~~~
C:/Users/Ryan/Desktop/Ryan/Rev/CAM/source/Gui/LeftPanel/Stages/Gui.StageRow.ixx:170:27: warning: ISO C++ requires field designators to be specified in declaration order; field 'border' will be initialized after field 'background' [-Wreorder-init-list]
  170 |             .background = { .color = rgba(255, 255, 255, 0.10) }
      |             ~~~~~~~~~~~~~~^~~~~~~~~~~~~~~~~~~~~~~~~~~~~~~~~~~~~~
C:/Users/Ryan/Desktop/Ryan/Rev/CAM/source/Gui/LeftPanel/Stages/Gui.StageRow.ixx:169:23: note: previous initialization for field 'border' is here
  169 |             .border = { .radius = 3_px },
      |                       ^~~~~~~~~~~~~~~~~~
9 warnings generated.

  [137/165] CXX CAMDemo/Gui.ProbeView.ixx
In file included from C:\Users\Ryan\Desktop\Ryan\Rev\CAM\.clever\release\xpp\Cam.Gui.Stages\Gui.Stages.cpp:2:
In file included from C:/Users/Ryan/Desktop/Ryan/Rev/CAM/source/Gui/LeftPanel/Stages/Gui.Stages.ixx:10:
In file included from C:/Users/Ryan/Desktop/Ryan/Rev/Rev/src/Element/Element.ixx:15:
In file included from C:/Users/Ryan/Desktop/Ryan/Rev/Rev/src/Graphics/OpenGL/Canvas.OpenGL.ixx:12:
In file included from C:/Users/Ryan/Desktop/Ryan/Rev/Rev/src/Native/Windows/NativeWindow.win.ixx:31:
C:/Users/Ryan/Desktop/Ryan/Rev/Rev/src/Element/Style/Style.ixx:65:30: warning: identifier '_sec' preceded by whitespace in a literal operator declaration is deprecated [-Wdeprecated-literal-operator]
   65 |     constexpr int operator"" _sec(long double value) { return static_cast<int>(value * 1000.0); }
      |                   ~~~~~~~~~~~^~~~
      |                   operator""_sec
C:/Users/Ryan/Desktop/Ryan/Rev/Rev/src/Element/Style/Style.ixx:66:30: warning: identifier '_sec' preceded by whitespace in a literal operator declaration is deprecated [-Wdeprecated-literal-operator]
   66 |     constexpr int operator"" _sec(unsigned long long value) { return static_cast<int>(value * 1000.0); }
      |                   ~~~~~~~~~~~^~~~
      |                   operator""_sec
C:/Users/Ryan/Desktop/Ryan/Rev/Rev/src/Element/Style/Style.ixx:67:30: warning: identifier '_ms' preceded by whitespace in a literal operator declaration is deprecated [-Wdeprecated-literal-operator]
   67 |     constexpr int operator"" _ms(unsigned long long value) { return static_cast<int>(value); }
      |                   ~~~~~~~~~~~^~~
      |                   operator""_ms
C:/Users/Ryan/Desktop/Ryan/Rev/Rev/src/Element/Style/Style.ixx:152:31: warning: identifier '_px' preceded by whitespace in a literal operator declaration is deprecated [-Wdeprecated-literal-operator]
  152 |     constexpr Dist operator"" _px(unsigned long long value) { return { Dist::Type::Abs, static_cast<float>(value) }; }
      |                    ~~~~~~~~~~~^~~
      |                    operator""_px
C:/Users/Ryan/Desktop/Ryan/Rev/Rev/src/Element/Style/Style.ixx:153:31: warning: identifier '_pct' preceded by whitespace in a literal operator declaration is deprecated [-Wdeprecated-literal-operator]
  153 |     constexpr Dist operator"" _pct(unsigned long long value) { return { Dist::Type::Rel, static_cast<float>(value) / 100.0f }; }
      |                    ~~~~~~~~~~~^~~~
      |                    operator""_pct
C:/Users/Ryan/Desktop/Ryan/Rev/Rev/src/Element/Style/Style.ixx:154:31: warning: identifier '_grow' preceded by whitespace in a literal operator declaration is deprecated [-Wdeprecated-literal-operator]
  154 |     constexpr Dist operator"" _grow(unsigned long long value) { return { Dist::Type::Grow, static_cast<float>(value) / 100.0f }; }
      |                    ~~~~~~~~~~~^~~~~
      |                    operator""_grow
C:/Users/Ryan/Desktop/Ryan/Rev/Rev/src/Element/Style/Style.ixx:155:31: warning: identifier '_shrink' preceded by whitespace in a literal operator declaration is deprecated [-Wdeprecated-literal-operator]
  155 |     constexpr Dist operator"" _shrink(unsigned long long value) { return { Dist::Type::Grow, static_cast<float>(value) / 100.0f }; }
      |                    ~~~~~~~~~~~^~~~~~~
      |                    operator""_shrink
C:/Users/Ryan/Desktop/Ryan/Rev/CAM/source/Gui/LeftPanel/Stages/Gui.Stages.ixx:42:23: warning: ISO C++ requires field designators to be specified in declaration order; field 'text' will be initialized after field 'border' [-Wreorder-init-list]
   42 |             .border = { .bottom = { .width = 1_px, .color = rgba(255, 255, 255, 0.1) } }
      |             ~~~~~~~~~~^~~~~~~~~~~~~~~~~~~~~~~~~~~~~~~~~~~~~~~~~~~~~~~~~~~~~~~~~~~~~~~~~~
C:/Users/Ryan/Desktop/Ryan/Rev/CAM/source/Gui/LeftPanel/Stages/Gui.Stages.ixx:41:21: note: previous initialization for field 'text' is here
   41 |             .text = { .size = 12_px },
      |                     ^~~~~~~~~~~~~~~~~
C:/Users/Ryan/Desktop/Ryan/Rev/CAM/source/Gui/LeftPanel/Stages/Gui.Stages.ixx:42:61: warning: ISO C++ requires field designators to be specified in declaration order; field 'width' will be initialized after field 'color' [-Wreorder-init-list]
   42 |             .border = { .bottom = { .width = 1_px, .color = rgba(255, 255, 255, 0.1) } }
      |                                                    ~~~~~~~~~^~~~~~~~~~~~~~~~~~~~~~~~
C:/Users/Ryan/Desktop/Ryan/Rev/CAM/source/Gui/LeftPanel/Stages/Gui.Stages.ixx:42:46: note: previous initialization for field 'width' is here
   42 |             .border = { .bottom = { .width = 1_px, .color = rgba(255, 255, 255, 0.1) } }
      |                                              ^~~~
9 warnings generated.

  [138/165] CXX CAMDemo/Gui.ThreadMillOperationView.ixx
In file included from C:\Users\Ryan\Desktop\Ryan\Rev\CAM\.clever\release\xpp\Cam.Gui.Face\Gui.Face.cpp:2:
In file included from C:/Users/Ryan/Desktop/Ryan/Rev/CAM/source/Gui/LeftPanel/Stages/Operations/Gui.Face.ixx:8:
In file included from C:/Users/Ryan/Desktop/Ryan/Rev/Rev/src/Element/Element.ixx:15:
In file included from C:/Users/Ryan/Desktop/Ryan/Rev/Rev/src/Graphics/OpenGL/Canvas.OpenGL.ixx:12:
In file included from C:/Users/Ryan/Desktop/Ryan/Rev/Rev/src/Native/Windows/NativeWindow.win.ixx:31:
C:/Users/Ryan/Desktop/Ryan/Rev/Rev/src/Element/Style/Style.ixx:65:30: warning: identifier '_sec' preceded by whitespace in a literal operator declaration is deprecated [-Wdeprecated-literal-operator]
   65 |     constexpr int operator"" _sec(long double value) { return static_cast<int>(value * 1000.0); }
      |                   ~~~~~~~~~~~^~~~
      |                   operator""_sec
C:/Users/Ryan/Desktop/Ryan/Rev/Rev/src/Element/Style/Style.ixx:66:30: warning: identifier '_sec' preceded by whitespace in a literal operator declaration is deprecated [-Wdeprecated-literal-operator]
   66 |     constexpr int operator"" _sec(unsigned long long value) { return static_cast<int>(value * 1000.0); }
      |                   ~~~~~~~~~~~^~~~
      |                   operator""_sec
C:/Users/Ryan/Desktop/Ryan/Rev/Rev/src/Element/Style/Style.ixx:67:30: warning: identifier '_ms' preceded by whitespace in a literal operator declaration is deprecated [-Wdeprecated-literal-operator]
   67 |     constexpr int operator"" _ms(unsigned long long value) { return static_cast<int>(value); }
      |                   ~~~~~~~~~~~^~~
      |                   operator""_ms
C:/Users/Ryan/Desktop/Ryan/Rev/Rev/src/Element/Style/Style.ixx:152:31: warning: identifier '_px' preceded by whitespace in a literal operator declaration is deprecated [-Wdeprecated-literal-operator]
  152 |     constexpr Dist operator"" _px(unsigned long long value) { return { Dist::Type::Abs, static_cast<float>(value) }; }
      |                    ~~~~~~~~~~~^~~
      |                    operator""_px
C:/Users/Ryan/Desktop/Ryan/Rev/Rev/src/Element/Style/Style.ixx:153:31: warning: identifier '_pct' preceded by whitespace in a literal operator declaration is deprecated [-Wdeprecated-literal-operator]
  153 |     constexpr Dist operator"" _pct(unsigned long long value) { return { Dist::Type::Rel, static_cast<float>(value) / 100.0f }; }
      |                    ~~~~~~~~~~~^~~~
      |                    operator""_pct
C:/Users/Ryan/Desktop/Ryan/Rev/Rev/src/Element/Style/Style.ixx:154:31: warning: identifier '_grow' preceded by whitespace in a literal operator declaration is deprecated [-Wdeprecated-literal-operator]
  154 |     constexpr Dist operator"" _grow(unsigned long long value) { return { Dist::Type::Grow, static_cast<float>(value) / 100.0f }; }
      |                    ~~~~~~~~~~~^~~~~
      |                    operator""_grow
C:/Users/Ryan/Desktop/Ryan/Rev/Rev/src/Element/Style/Style.ixx:155:31: warning: identifier '_shrink' preceded by whitespace in a literal operator declaration is deprecated [-Wdeprecated-literal-operator]
  155 |     constexpr Dist operator"" _shrink(unsigned long long value) { return { Dist::Type::Grow, static_cast<float>(value) / 100.0f }; }
      |                    ~~~~~~~~~~~^~~~~~~
      |                    operator""_shrink
C:/Users/Ryan/Desktop/Ryan/Rev/CAM/source/Gui/LeftPanel/Stages/Operations/Gui.Face.ixx:34:27: warning: ISO C++ requires field designators to be specified in declaration order; field 'border' will be initialized after field 'background' [-Wreorder-init-list]
   34 |             .background = { .transition = 100_ms },
      |             ~~~~~~~~~~~~~~^~~~~~~~~~~~~~~~~~~~~~~~
C:/Users/Ryan/Desktop/Ryan/Rev/CAM/source/Gui/LeftPanel/Stages/Operations/Gui.Face.ixx:33:23: note: previous initialization for field 'border' is here
   33 |             .border = { .radius = 4_px },
      |                       ^~~~~~~~~~~~~~~~~~
8 warnings generated.

  [139/165] CXX CAMDemo/Gui.ChamferOperationView.ixx
In file included from C:\Users\Ryan\Desktop\Ryan\Rev\CAM\.clever\release\xpp\Cam.Gui.ToolpathSettings\Gui.ToolpathSettings.cpp:2:
In file included from C:/Users/Ryan/Desktop/Ryan/Rev/CAM/source/Gui/LeftPanel/Stages/Gui.ToolpathSettings.ixx:8:
In file included from C:/Users/Ryan/Desktop/Ryan/Rev/Rev/src/Element/Element.ixx:15:
In file included from C:/Users/Ryan/Desktop/Ryan/Rev/Rev/src/Graphics/OpenGL/Canvas.OpenGL.ixx:12:
In file included from C:/Users/Ryan/Desktop/Ryan/Rev/Rev/src/Native/Windows/NativeWindow.win.ixx:31:
C:/Users/Ryan/Desktop/Ryan/Rev/Rev/src/Element/Style/Style.ixx:65:30: warning: identifier '_sec' preceded by whitespace in a literal operator declaration is deprecated [-Wdeprecated-literal-operator]
   65 |     constexpr int operator"" _sec(long double value) { return static_cast<int>(value * 1000.0); }
      |                   ~~~~~~~~~~~^~~~
      |                   operator""_sec
C:/Users/Ryan/Desktop/Ryan/Rev/Rev/src/Element/Style/Style.ixx:66:30: warning: identifier '_sec' preceded by whitespace in a literal operator declaration is deprecated [-Wdeprecated-literal-operator]
   66 |     constexpr int operator"" _sec(unsigned long long value) { return static_cast<int>(value * 1000.0); }
      |                   ~~~~~~~~~~~^~~~
      |                   operator""_sec
C:/Users/Ryan/Desktop/Ryan/Rev/Rev/src/Element/Style/Style.ixx:67:30: warning: identifier '_ms' preceded by whitespace in a literal operator declaration is deprecated [-Wdeprecated-literal-operator]
   67 |     constexpr int operator"" _ms(unsigned long long value) { return static_cast<int>(value); }
      |                   ~~~~~~~~~~~^~~
      |                   operator""_ms
C:/Users/Ryan/Desktop/Ryan/Rev/Rev/src/Element/Style/Style.ixx:152:31: warning: identifier '_px' preceded by whitespace in a literal operator declaration is deprecated [-Wdeprecated-literal-operator]
  152 |     constexpr Dist operator"" _px(unsigned long long value) { return { Dist::Type::Abs, static_cast<float>(value) }; }
      |                    ~~~~~~~~~~~^~~
      |                    operator""_px
C:/Users/Ryan/Desktop/Ryan/Rev/Rev/src/Element/Style/Style.ixx:153:31: warning: identifier '_pct' preceded by whitespace in a literal operator declaration is deprecated [-Wdeprecated-literal-operator]
  153 |     constexpr Dist operator"" _pct(unsigned long long value) { return { Dist::Type::Rel, static_cast<float>(value) / 100.0f }; }
      |                    ~~~~~~~~~~~^~~~
      |                    operator""_pct
C:/Users/Ryan/Desktop/Ryan/Rev/Rev/src/Element/Style/Style.ixx:154:31: warning: identifier '_grow' preceded by whitespace in a literal operator declaration is deprecated [-Wdeprecated-literal-operator]
  154 |     constexpr Dist operator"" _grow(unsigned long long value) { return { Dist::Type::Grow, static_cast<float>(value) / 100.0f }; }
      |                    ~~~~~~~~~~~^~~~~
      |                    operator""_grow
C:/Users/Ryan/Desktop/Ryan/Rev/Rev/src/Element/Style/Style.ixx:155:31: warning: identifier '_shrink' preceded by whitespace in a literal operator declaration is deprecated [-Wdeprecated-literal-operator]
  155 |     constexpr Dist operator"" _shrink(unsigned long long value) { return { Dist::Type::Grow, static_cast<float>(value) / 100.0f }; }
      |                    ~~~~~~~~~~~^~~~~~~
      |                    operator""_shrink
7 warnings generated.

  [140/165] CXX CAMDemo/Gui.BoreToolpathView.ixx
In file included from C:\Users\Ryan\Desktop\Ryan\Rev\CAM\.clever\release\xpp\Cam.Gui.ToolPathSettingsWindow\Gui.ToolPathSettingsWindow.cpp:2:
In file included from C:/Users/Ryan/Desktop/Ryan/Rev/CAM/source/Gui/LeftPanel/Stages/Gui.ToolPathSettingsWindow.ixx:13:
In file included from C:/Users/Ryan/Desktop/Ryan/Rev/Rev/src/Window.ixx:17:
In file included from C:/Users/Ryan/Desktop/Ryan/Rev/Rev/src/Element/Element.ixx:15:
In file included from C:/Users/Ryan/Desktop/Ryan/Rev/Rev/src/Graphics/OpenGL/Canvas.OpenGL.ixx:12:
In file included from C:/Users/Ryan/Desktop/Ryan/Rev/Rev/src/Native/Windows/NativeWindow.win.ixx:31:
C:/Users/Ryan/Desktop/Ryan/Rev/Rev/src/Element/Style/Style.ixx:65:30: warning: identifier '_sec' preceded by whitespace in a literal operator declaration is deprecated [-Wdeprecated-literal-operator]
   65 |     constexpr int operator"" _sec(long double value) { return static_cast<int>(value * 1000.0); }
      |                   ~~~~~~~~~~~^~~~
      |                   operator""_sec
C:/Users/Ryan/Desktop/Ryan/Rev/Rev/src/Element/Style/Style.ixx:66:30: warning: identifier '_sec' preceded by whitespace in a literal operator declaration is deprecated [-Wdeprecated-literal-operator]
   66 |     constexpr int operator"" _sec(unsigned long long value) { return static_cast<int>(value * 1000.0); }
      |                   ~~~~~~~~~~~^~~~
      |                   operator""_sec
C:/Users/Ryan/Desktop/Ryan/Rev/Rev/src/Element/Style/Style.ixx:67:30: warning: identifier '_ms' preceded by whitespace in a literal operator declaration is deprecated [-Wdeprecated-literal-operator]
   67 |     constexpr int operator"" _ms(unsigned long long value) { return static_cast<int>(value); }
      |                   ~~~~~~~~~~~^~~
      |                   operator""_ms
C:/Users/Ryan/Desktop/Ryan/Rev/Rev/src/Element/Style/Style.ixx:152:31: warning: identifier '_px' preceded by whitespace in a literal operator declaration is deprecated [-Wdeprecated-literal-operator]
  152 |     constexpr Dist operator"" _px(unsigned long long value) { return { Dist::Type::Abs, static_cast<float>(value) }; }
      |                    ~~~~~~~~~~~^~~
      |                    operator""_px
C:/Users/Ryan/Desktop/Ryan/Rev/Rev/src/Element/Style/Style.ixx:153:31: warning: identifier '_pct' preceded by whitespace in a literal operator declaration is deprecated [-Wdeprecated-literal-operator]
  153 |     constexpr Dist operator"" _pct(unsigned long long value) { return { Dist::Type::Rel, static_cast<float>(value) / 100.0f }; }
      |                    ~~~~~~~~~~~^~~~
      |                    operator""_pct
C:/Users/Ryan/Desktop/Ryan/Rev/Rev/src/Element/Style/Style.ixx:154:31: warning: identifier '_grow' preceded by whitespace in a literal operator declaration is deprecated [-Wdeprecated-literal-operator]
  154 |     constexpr Dist operator"" _grow(unsigned long long value) { return { Dist::Type::Grow, static_cast<float>(value) / 100.0f }; }
      |                    ~~~~~~~~~~~^~~~~
      |                    operator""_grow
C:/Users/Ryan/Desktop/Ryan/Rev/Rev/src/Element/Style/Style.ixx:155:31: warning: identifier '_shrink' preceded by whitespace in a literal operator declaration is deprecated [-Wdeprecated-literal-operator]
  155 |     constexpr Dist operator"" _shrink(unsigned long long value) { return { Dist::Type::Grow, static_cast<float>(value) / 100.0f }; }
      |                    ~~~~~~~~~~~^~~~~~~
      |                    operator""_shrink
7 warnings generated.

  [141/165] CXX CAMDemo/Gui.ChamferToolpathView.ixx
In file included from C:\Users\Ryan\Desktop\Ryan\Rev\CAM\.clever\release\xpp\Cam.Gui.FaceOperationView\Gui.FaceOperationView.cpp:2:
In file included from C:/Users/Ryan/Desktop/Ryan/Rev/CAM/source/Gui/LeftPanel/Stages/Operations/Gui.FaceOperationView.ixx:10:
In file included from C:/Users/Ryan/Desktop/Ryan/Rev/Rev/src/Element/Element.ixx:15:
In file included from C:/Users/Ryan/Desktop/Ryan/Rev/Rev/src/Graphics/OpenGL/Canvas.OpenGL.ixx:12:
In file included from C:/Users/Ryan/Desktop/Ryan/Rev/Rev/src/Native/Windows/NativeWindow.win.ixx:31:
C:/Users/Ryan/Desktop/Ryan/Rev/Rev/src/Element/Style/Style.ixx:65:30: warning: identifier '_sec' preceded by whitespace in a literal operator declaration is deprecated [-Wdeprecated-literal-operator]
   65 |     constexpr int operator"" _sec(long double value) { return static_cast<int>(value * 1000.0); }
      |                   ~~~~~~~~~~~^~~~
      |                   operator""_sec
C:/Users/Ryan/Desktop/Ryan/Rev/Rev/src/Element/Style/Style.ixx:66:30: warning: identifier '_sec' preceded by whitespace in a literal operator declaration is deprecated [-Wdeprecated-literal-operator]
   66 |     constexpr int operator"" _sec(unsigned long long value) { return static_cast<int>(value * 1000.0); }
      |                   ~~~~~~~~~~~^~~~
      |                   operator""_sec
C:/Users/Ryan/Desktop/Ryan/Rev/Rev/src/Element/Style/Style.ixx:67:30: warning: identifier '_ms' preceded by whitespace in a literal operator declaration is deprecated [-Wdeprecated-literal-operator]
   67 |     constexpr int operator"" _ms(unsigned long long value) { return static_cast<int>(value); }
      |                   ~~~~~~~~~~~^~~
      |                   operator""_ms
C:/Users/Ryan/Desktop/Ryan/Rev/Rev/src/Element/Style/Style.ixx:152:31: warning: identifier '_px' preceded by whitespace in a literal operator declaration is deprecated [-Wdeprecated-literal-operator]
  152 |     constexpr Dist operator"" _px(unsigned long long value) { return { Dist::Type::Abs, static_cast<float>(value) }; }
      |                    ~~~~~~~~~~~^~~
      |                    operator""_px
C:/Users/Ryan/Desktop/Ryan/Rev/Rev/src/Element/Style/Style.ixx:153:31: warning: identifier '_pct' preceded by whitespace in a literal operator declaration is deprecated [-Wdeprecated-literal-operator]
  153 |     constexpr Dist operator"" _pct(unsigned long long value) { return { Dist::Type::Rel, static_cast<float>(value) / 100.0f }; }
      |                    ~~~~~~~~~~~^~~~
      |                    operator""_pct
C:/Users/Ryan/Desktop/Ryan/Rev/Rev/src/Element/Style/Style.ixx:154:31: warning: identifier '_grow' preceded by whitespace in a literal operator declaration is deprecated [-Wdeprecated-literal-operator]
  154 |     constexpr Dist operator"" _grow(unsigned long long value) { return { Dist::Type::Grow, static_cast<float>(value) / 100.0f }; }
      |                    ~~~~~~~~~~~^~~~~
      |                    operator""_grow
C:/Users/Ryan/Desktop/Ryan/Rev/Rev/src/Element/Style/Style.ixx:155:31: warning: identifier '_shrink' preceded by whitespace in a literal operator declaration is deprecated [-Wdeprecated-literal-operator]
  155 |     constexpr Dist operator"" _shrink(unsigned long long value) { return { Dist::Type::Grow, static_cast<float>(value) / 100.0f }; }
      |                    ~~~~~~~~~~~^~~~~~~
      |                    operator""_shrink
7 warnings generated.

  [142/165] CXX CAMDemo/Gui.HatchToolpathView.ixx
In file included from C:\Users\Ryan\Desktop\Ryan\Rev\CAM\.clever\release\xpp\Cam.Gui.OperationView\Gui.OperationView.cpp:2:
In file included from C:/Users/Ryan/Desktop/Ryan/Rev/CAM/source/Gui/LeftPanel/Stages/Operations/Gui.OperationView.ixx:8:
In file included from C:/Users/Ryan/Desktop/Ryan/Rev/Rev/src/Element/Element.ixx:15:
In file included from C:/Users/Ryan/Desktop/Ryan/Rev/Rev/src/Graphics/OpenGL/Canvas.OpenGL.ixx:12:
In file included from C:/Users/Ryan/Desktop/Ryan/Rev/Rev/src/Native/Windows/NativeWindow.win.ixx:31:
C:/Users/Ryan/Desktop/Ryan/Rev/Rev/src/Element/Style/Style.ixx:65:30: warning: identifier '_sec' preceded by whitespace in a literal operator declaration is deprecated [-Wdeprecated-literal-operator]
   65 |     constexpr int operator"" _sec(long double value) { return static_cast<int>(value * 1000.0); }
      |                   ~~~~~~~~~~~^~~~
      |                   operator""_sec
C:/Users/Ryan/Desktop/Ryan/Rev/Rev/src/Element/Style/Style.ixx:66:30: warning: identifier '_sec' preceded by whitespace in a literal operator declaration is deprecated [-Wdeprecated-literal-operator]
   66 |     constexpr int operator"" _sec(unsigned long long value) { return static_cast<int>(value * 1000.0); }
      |                   ~~~~~~~~~~~^~~~
      |                   operator""_sec
C:/Users/Ryan/Desktop/Ryan/Rev/Rev/src/Element/Style/Style.ixx:67:30: warning: identifier '_ms' preceded by whitespace in a literal operator declaration is deprecated [-Wdeprecated-literal-operator]
   67 |     constexpr int operator"" _ms(unsigned long long value) { return static_cast<int>(value); }
      |                   ~~~~~~~~~~~^~~
      |                   operator""_ms
C:/Users/Ryan/Desktop/Ryan/Rev/Rev/src/Element/Style/Style.ixx:152:31: warning: identifier '_px' preceded by whitespace in a literal operator declaration is deprecated [-Wdeprecated-literal-operator]
  152 |     constexpr Dist operator"" _px(unsigned long long value) { return { Dist::Type::Abs, static_cast<float>(value) }; }
      |                    ~~~~~~~~~~~^~~
      |                    operator""_px
C:/Users/Ryan/Desktop/Ryan/Rev/Rev/src/Element/Style/Style.ixx:153:31: warning: identifier '_pct' preceded by whitespace in a literal operator declaration is deprecated [-Wdeprecated-literal-operator]
  153 |     constexpr Dist operator"" _pct(unsigned long long value) { return { Dist::Type::Rel, static_cast<float>(value) / 100.0f }; }
      |                    ~~~~~~~~~~~^~~~
      |                    operator""_pct
C:/Users/Ryan/Desktop/Ryan/Rev/Rev/src/Element/Style/Style.ixx:154:31: warning: identifier '_grow' preceded by whitespace in a literal operator declaration is deprecated [-Wdeprecated-literal-operator]
  154 |     constexpr Dist operator"" _grow(unsigned long long value) { return { Dist::Type::Grow, static_cast<float>(value) / 100.0f }; }
      |                    ~~~~~~~~~~~^~~~~
      |                    operator""_grow
C:/Users/Ryan/Desktop/Ryan/Rev/Rev/src/Element/Style/Style.ixx:155:31: warning: identifier '_shrink' preceded by whitespace in a literal operator declaration is deprecated [-Wdeprecated-literal-operator]
  155 |     constexpr Dist operator"" _shrink(unsigned long long value) { return { Dist::Type::Grow, static_cast<float>(value) / 100.0f }; }
      |                    ~~~~~~~~~~~^~~~~~~
      |                    operator""_shrink
7 warnings generated.

  [143/165] CXX CAMDemo/Gui.ProfileToolpathView.ixx
In file included from C:\Users\Ryan\Desktop\Ryan\Rev\CAM\.clever\release\xpp\Cam.Gui.ImportOperationView\Gui.ImportOperationView.cpp:2:
In file included from C:/Users/Ryan/Desktop/Ryan/Rev/CAM/source/Gui/LeftPanel/Stages/Operations/Gui.ImportOperationView.ixx:12:
In file included from C:/Users/Ryan/Desktop/Ryan/Rev/Rev/src/Element/Element.ixx:15:
In file included from C:/Users/Ryan/Desktop/Ryan/Rev/Rev/src/Graphics/OpenGL/Canvas.OpenGL.ixx:12:
In file included from C:/Users/Ryan/Desktop/Ryan/Rev/Rev/src/Native/Windows/NativeWindow.win.ixx:31:
C:/Users/Ryan/Desktop/Ryan/Rev/Rev/src/Element/Style/Style.ixx:65:30: warning: identifier '_sec' preceded by whitespace in a literal operator declaration is deprecated [-Wdeprecated-literal-operator]
   65 |     constexpr int operator"" _sec(long double value) { return static_cast<int>(value * 1000.0); }
      |                   ~~~~~~~~~~~^~~~
      |                   operator""_sec
C:/Users/Ryan/Desktop/Ryan/Rev/Rev/src/Element/Style/Style.ixx:66:30: warning: identifier '_sec' preceded by whitespace in a literal operator declaration is deprecated [-Wdeprecated-literal-operator]
   66 |     constexpr int operator"" _sec(unsigned long long value) { return static_cast<int>(value * 1000.0); }
      |                   ~~~~~~~~~~~^~~~
      |                   operator""_sec
C:/Users/Ryan/Desktop/Ryan/Rev/Rev/src/Element/Style/Style.ixx:67:30: warning: identifier '_ms' preceded by whitespace in a literal operator declaration is deprecated [-Wdeprecated-literal-operator]
   67 |     constexpr int operator"" _ms(unsigned long long value) { return static_cast<int>(value); }
      |                   ~~~~~~~~~~~^~~
      |                   operator""_ms
C:/Users/Ryan/Desktop/Ryan/Rev/Rev/src/Element/Style/Style.ixx:152:31: warning: identifier '_px' preceded by whitespace in a literal operator declaration is deprecated [-Wdeprecated-literal-operator]
  152 |     constexpr Dist operator"" _px(unsigned long long value) { return { Dist::Type::Abs, static_cast<float>(value) }; }
      |                    ~~~~~~~~~~~^~~
      |                    operator""_px
C:/Users/Ryan/Desktop/Ryan/Rev/Rev/src/Element/Style/Style.ixx:153:31: warning: identifier '_pct' preceded by whitespace in a literal operator declaration is deprecated [-Wdeprecated-literal-operator]
  153 |     constexpr Dist operator"" _pct(unsigned long long value) { return { Dist::Type::Rel, static_cast<float>(value) / 100.0f }; }
      |                    ~~~~~~~~~~~^~~~
      |                    operator""_pct
C:/Users/Ryan/Desktop/Ryan/Rev/Rev/src/Element/Style/Style.ixx:154:31: warning: identifier '_grow' preceded by whitespace in a literal operator declaration is deprecated [-Wdeprecated-literal-operator]
  154 |     constexpr Dist operator"" _grow(unsigned long long value) { return { Dist::Type::Grow, static_cast<float>(value) / 100.0f }; }
      |                    ~~~~~~~~~~~^~~~~
      |                    operator""_grow
C:/Users/Ryan/Desktop/Ryan/Rev/Rev/src/Element/Style/Style.ixx:155:31: warning: identifier '_shrink' preceded by whitespace in a literal operator declaration is deprecated [-Wdeprecated-literal-operator]
  155 |     constexpr Dist operator"" _shrink(unsigned long long value) { return { Dist::Type::Grow, static_cast<float>(value) / 100.0f }; }
      |                    ~~~~~~~~~~~^~~~~~~
      |                    operator""_shrink
7 warnings generated.

  [144/165] CXX CAMDemo/Gui.ThreadMillToolpathView.ixx
In file included from C:\Users\Ryan\Desktop\Ryan\Rev\CAM\.clever\release\xpp\Cam.Gui.ThreadMillOperationView\Gui.ThreadMillOperationView.cpp:2:
In file included from C:/Users/Ryan/Desktop/Ryan/Rev/CAM/source/Gui/LeftPanel/Stages/Operations/Gui.ThreadMillOperationView.ixx:9:
In file included from C:/Users/Ryan/Desktop/Ryan/Rev/Rev/src/Element/Element.ixx:15:
In file included from C:/Users/Ryan/Desktop/Ryan/Rev/Rev/src/Graphics/OpenGL/Canvas.OpenGL.ixx:12:
In file included from C:/Users/Ryan/Desktop/Ryan/Rev/Rev/src/Native/Windows/NativeWindow.win.ixx:31:
C:/Users/Ryan/Desktop/Ryan/Rev/Rev/src/Element/Style/Style.ixx:65:30: warning: identifier '_sec' preceded by whitespace in a literal operator declaration is deprecated [-Wdeprecated-literal-operator]
   65 |     constexpr int operator"" _sec(long double value) { return static_cast<int>(value * 1000.0); }
      |                   ~~~~~~~~~~~^~~~
      |                   operator""_sec
C:/Users/Ryan/Desktop/Ryan/Rev/Rev/src/Element/Style/Style.ixx:66:30: warning: identifier '_sec' preceded by whitespace in a literal operator declaration is deprecated [-Wdeprecated-literal-operator]
   66 |     constexpr int operator"" _sec(unsigned long long value) { return static_cast<int>(value * 1000.0); }
      |                   ~~~~~~~~~~~^~~~
      |                   operator""_sec
C:/Users/Ryan/Desktop/Ryan/Rev/Rev/src/Element/Style/Style.ixx:67:30: warning: identifier '_ms' preceded by whitespace in a literal operator declaration is deprecated [-Wdeprecated-literal-operator]
   67 |     constexpr int operator"" _ms(unsigned long long value) { return static_cast<int>(value); }
      |                   ~~~~~~~~~~~^~~
      |                   operator""_ms
C:/Users/Ryan/Desktop/Ryan/Rev/Rev/src/Element/Style/Style.ixx:152:31: warning: identifier '_px' preceded by whitespace in a literal operator declaration is deprecated [-Wdeprecated-literal-operator]
  152 |     constexpr Dist operator"" _px(unsigned long long value) { return { Dist::Type::Abs, static_cast<float>(value) }; }
      |                    ~~~~~~~~~~~^~~
      |                    operator""_px
C:/Users/Ryan/Desktop/Ryan/Rev/Rev/src/Element/Style/Style.ixx:153:31: warning: identifier '_pct' preceded by whitespace in a literal operator declaration is deprecated [-Wdeprecated-literal-operator]
  153 |     constexpr Dist operator"" _pct(unsigned long long value) { return { Dist::Type::Rel, static_cast<float>(value) / 100.0f }; }
      |                    ~~~~~~~~~~~^~~~
      |                    operator""_pct
C:/Users/Ryan/Desktop/Ryan/Rev/Rev/src/Element/Style/Style.ixx:154:31: warning: identifier '_grow' preceded by whitespace in a literal operator declaration is deprecated [-Wdeprecated-literal-operator]
  154 |     constexpr Dist operator"" _grow(unsigned long long value) { return { Dist::Type::Grow, static_cast<float>(value) / 100.0f }; }
      |                    ~~~~~~~~~~~^~~~~
      |                    operator""_grow
C:/Users/Ryan/Desktop/Ryan/Rev/Rev/src/Element/Style/Style.ixx:155:31: warning: identifier '_shrink' preceded by whitespace in a literal operator declaration is deprecated [-Wdeprecated-literal-operator]
  155 |     constexpr Dist operator"" _shrink(unsigned long long value) { return { Dist::Type::Grow, static_cast<float>(value) / 100.0f }; }
      |                    ~~~~~~~~~~~^~~~~~~
      |                    operator""_shrink
7 warnings generated.

  [145/165] CXX CAMDemo/Gui.ToolpathStrategyView.ixx
In file included from C:\Users\Ryan\Desktop\Ryan\Rev\CAM\.clever\release\xpp\Cam.Gui.ChamferOperationView\Gui.ChamferOperationView.cpp:2:
In file included from C:/Users/Ryan/Desktop/Ryan/Rev/CAM/source/Gui/LeftPanel/Stages/Operations/Gui.ChamferOperationView.ixx:8:
In file included from C:/Users/Ryan/Desktop/Ryan/Rev/Rev/src/Element/Element.ixx:15:
In file included from C:/Users/Ryan/Desktop/Ryan/Rev/Rev/src/Graphics/OpenGL/Canvas.OpenGL.ixx:12:
In file included from C:/Users/Ryan/Desktop/Ryan/Rev/Rev/src/Native/Windows/NativeWindow.win.ixx:31:
C:/Users/Ryan/Desktop/Ryan/Rev/Rev/src/Element/Style/Style.ixx:65:30: warning: identifier '_sec' preceded by whitespace in a literal operator declaration is deprecated [-Wdeprecated-literal-operator]
   65 |     constexpr int operator"" _sec(long double value) { return static_cast<int>(value * 1000.0); }
      |                   ~~~~~~~~~~~^~~~
      |                   operator""_sec
C:/Users/Ryan/Desktop/Ryan/Rev/Rev/src/Element/Style/Style.ixx:66:30: warning: identifier '_sec' preceded by whitespace in a literal operator declaration is deprecated [-Wdeprecated-literal-operator]
   66 |     constexpr int operator"" _sec(unsigned long long value) { return static_cast<int>(value * 1000.0); }
      |                   ~~~~~~~~~~~^~~~
      |                   operator""_sec
C:/Users/Ryan/Desktop/Ryan/Rev/Rev/src/Element/Style/Style.ixx:67:30: warning: identifier '_ms' preceded by whitespace in a literal operator declaration is deprecated [-Wdeprecated-literal-operator]
   67 |     constexpr int operator"" _ms(unsigned long long value) { return static_cast<int>(value); }
      |                   ~~~~~~~~~~~^~~
      |                   operator""_ms
C:/Users/Ryan/Desktop/Ryan/Rev/Rev/src/Element/Style/Style.ixx:152:31: warning: identifier '_px' preceded by whitespace in a literal operator declaration is deprecated [-Wdeprecated-literal-operator]
  152 |     constexpr Dist operator"" _px(unsigned long long value) { return { Dist::Type::Abs, static_cast<float>(value) }; }
      |                    ~~~~~~~~~~~^~~
      |                    operator""_px
C:/Users/Ryan/Desktop/Ryan/Rev/Rev/src/Element/Style/Style.ixx:153:31: warning: identifier '_pct' preceded by whitespace in a literal operator declaration is deprecated [-Wdeprecated-literal-operator]
  153 |     constexpr Dist operator"" _pct(unsigned long long value) { return { Dist::Type::Rel, static_cast<float>(value) / 100.0f }; }
      |                    ~~~~~~~~~~~^~~~
      |                    operator""_pct
C:/Users/Ryan/Desktop/Ryan/Rev/Rev/src/Element/Style/Style.ixx:154:31: warning: identifier '_grow' preceded by whitespace in a literal operator declaration is deprecated [-Wdeprecated-literal-operator]
  154 |     constexpr Dist operator"" _grow(unsigned long long value) { return { Dist::Type::Grow, static_cast<float>(value) / 100.0f }; }
      |                    ~~~~~~~~~~~^~~~~
      |                    operator""_grow
C:/Users/Ryan/Desktop/Ryan/Rev/Rev/src/Element/Style/Style.ixx:155:31: warning: identifier '_shrink' preceded by whitespace in a literal operator declaration is deprecated [-Wdeprecated-literal-operator]
  155 |     constexpr Dist operator"" _shrink(unsigned long long value) { return { Dist::Type::Grow, static_cast<float>(value) / 100.0f }; }
      |                    ~~~~~~~~~~~^~~~~~~
      |                    operator""_shrink
7 warnings generated.

  [146/165] CXX CAMDemo/Gui.StockMenu.ixx
In file included from C:\Users\Ryan\Desktop\Ryan\Rev\CAM\.clever\release\xpp\Cam.Gui.BoreToolpathView\Gui.BoreToolpathView.cpp:2:
In file included from C:/Users/Ryan/Desktop/Ryan/Rev/CAM/source/Gui/LeftPanel/Stages/ToolPath/Gui.BoreToolpathView.ixx:7:
In file included from C:/Users/Ryan/Desktop/Ryan/Rev/Rev/src/Element/Element.ixx:15:
In file included from C:/Users/Ryan/Desktop/Ryan/Rev/Rev/src/Graphics/OpenGL/Canvas.OpenGL.ixx:12:
In file included from C:/Users/Ryan/Desktop/Ryan/Rev/Rev/src/Native/Windows/NativeWindow.win.ixx:31:
C:/Users/Ryan/Desktop/Ryan/Rev/Rev/src/Element/Style/Style.ixx:65:30: warning: identifier '_sec' preceded by whitespace in a literal operator declaration is deprecated [-Wdeprecated-literal-operator]
   65 |     constexpr int operator"" _sec(long double value) { return static_cast<int>(value * 1000.0); }
      |                   ~~~~~~~~~~~^~~~
      |                   operator""_sec
C:/Users/Ryan/Desktop/Ryan/Rev/Rev/src/Element/Style/Style.ixx:66:30: warning: identifier '_sec' preceded by whitespace in a literal operator declaration is deprecated [-Wdeprecated-literal-operator]
   66 |     constexpr int operator"" _sec(unsigned long long value) { return static_cast<int>(value * 1000.0); }
      |                   ~~~~~~~~~~~^~~~
      |                   operator""_sec
C:/Users/Ryan/Desktop/Ryan/Rev/Rev/src/Element/Style/Style.ixx:67:30: warning: identifier '_ms' preceded by whitespace in a literal operator declaration is deprecated [-Wdeprecated-literal-operator]
   67 |     constexpr int operator"" _ms(unsigned long long value) { return static_cast<int>(value); }
      |                   ~~~~~~~~~~~^~~
      |                   operator""_ms
C:/Users/Ryan/Desktop/Ryan/Rev/Rev/src/Element/Style/Style.ixx:152:31: warning: identifier '_px' preceded by whitespace in a literal operator declaration is deprecated [-Wdeprecated-literal-operator]
  152 |     constexpr Dist operator"" _px(unsigned long long value) { return { Dist::Type::Abs, static_cast<float>(value) }; }
      |                    ~~~~~~~~~~~^~~
      |                    operator""_px
C:/Users/Ryan/Desktop/Ryan/Rev/Rev/src/Element/Style/Style.ixx:153:31: warning: identifier '_pct' preceded by whitespace in a literal operator declaration is deprecated [-Wdeprecated-literal-operator]
  153 |     constexpr Dist operator"" _pct(unsigned long long value) { return { Dist::Type::Rel, static_cast<float>(value) / 100.0f }; }
      |                    ~~~~~~~~~~~^~~~
      |                    operator""_pct
C:/Users/Ryan/Desktop/Ryan/Rev/Rev/src/Element/Style/Style.ixx:154:31: warning: identifier '_grow' preceded by whitespace in a literal operator declaration is deprecated [-Wdeprecated-literal-operator]
  154 |     constexpr Dist operator"" _grow(unsigned long long value) { return { Dist::Type::Grow, static_cast<float>(value) / 100.0f }; }
      |                    ~~~~~~~~~~~^~~~~
      |                    operator""_grow
C:/Users/Ryan/Desktop/Ryan/Rev/Rev/src/Element/Style/Style.ixx:155:31: warning: identifier '_shrink' preceded by whitespace in a literal operator declaration is deprecated [-Wdeprecated-literal-operator]
  155 |     constexpr Dist operator"" _shrink(unsigned long long value) { return { Dist::Type::Grow, static_cast<float>(value) / 100.0f }; }
      |                    ~~~~~~~~~~~^~~~~~~
      |                    operator""_shrink
7 warnings generated.

  [147/165] CXX CAMDemo/Gui.Form.ixx
In file included from C:\Users\Ryan\Desktop\Ryan\Rev\CAM\.clever\release\xpp\Cam.Gui.ChamferToolpathView\Gui.ChamferToolpathView.cpp:2:
In file included from C:/Users/Ryan/Desktop/Ryan/Rev/CAM/source/Gui/LeftPanel/Stages/ToolPath/Gui.ChamferToolpathView.ixx:7:
In file included from C:/Users/Ryan/Desktop/Ryan/Rev/Rev/src/Element/Element.ixx:15:
In file included from C:/Users/Ryan/Desktop/Ryan/Rev/Rev/src/Graphics/OpenGL/Canvas.OpenGL.ixx:12:
In file included from C:/Users/Ryan/Desktop/Ryan/Rev/Rev/src/Native/Windows/NativeWindow.win.ixx:31:
C:/Users/Ryan/Desktop/Ryan/Rev/Rev/src/Element/Style/Style.ixx:65:30: warning: identifier '_sec' preceded by whitespace in a literal operator declaration is deprecated [-Wdeprecated-literal-operator]
   65 |     constexpr int operator"" _sec(long double value) { return static_cast<int>(value * 1000.0); }
      |                   ~~~~~~~~~~~^~~~
      |                   operator""_sec
C:/Users/Ryan/Desktop/Ryan/Rev/Rev/src/Element/Style/Style.ixx:66:30: warning: identifier '_sec' preceded by whitespace in a literal operator declaration is deprecated [-Wdeprecated-literal-operator]
   66 |     constexpr int operator"" _sec(unsigned long long value) { return static_cast<int>(value * 1000.0); }
      |                   ~~~~~~~~~~~^~~~
      |                   operator""_sec
C:/Users/Ryan/Desktop/Ryan/Rev/Rev/src/Element/Style/Style.ixx:67:30: warning: identifier '_ms' preceded by whitespace in a literal operator declaration is deprecated [-Wdeprecated-literal-operator]
   67 |     constexpr int operator"" _ms(unsigned long long value) { return static_cast<int>(value); }
      |                   ~~~~~~~~~~~^~~
      |                   operator""_ms
C:/Users/Ryan/Desktop/Ryan/Rev/Rev/src/Element/Style/Style.ixx:152:31: warning: identifier '_px' preceded by whitespace in a literal operator declaration is deprecated [-Wdeprecated-literal-operator]
  152 |     constexpr Dist operator"" _px(unsigned long long value) { return { Dist::Type::Abs, static_cast<float>(value) }; }
      |                    ~~~~~~~~~~~^~~
      |                    operator""_px
C:/Users/Ryan/Desktop/Ryan/Rev/Rev/src/Element/Style/Style.ixx:153:31: warning: identifier '_pct' preceded by whitespace in a literal operator declaration is deprecated [-Wdeprecated-literal-operator]
  153 |     constexpr Dist operator"" _pct(unsigned long long value) { return { Dist::Type::Rel, static_cast<float>(value) / 100.0f }; }
      |                    ~~~~~~~~~~~^~~~
      |                    operator""_pct
C:/Users/Ryan/Desktop/Ryan/Rev/Rev/src/Element/Style/Style.ixx:154:31: warning: identifier '_grow' preceded by whitespace in a literal operator declaration is deprecated [-Wdeprecated-literal-operator]
  154 |     constexpr Dist operator"" _grow(unsigned long long value) { return { Dist::Type::Grow, static_cast<float>(value) / 100.0f }; }
      |                    ~~~~~~~~~~~^~~~~
      |                    operator""_grow
C:/Users/Ryan/Desktop/Ryan/Rev/Rev/src/Element/Style/Style.ixx:155:31: warning: identifier '_shrink' preceded by whitespace in a literal operator declaration is deprecated [-Wdeprecated-literal-operator]
  155 |     constexpr Dist operator"" _shrink(unsigned long long value) { return { Dist::Type::Grow, static_cast<float>(value) / 100.0f }; }
      |                    ~~~~~~~~~~~^~~~~~~
      |                    operator""_shrink
7 warnings generated.

  [148/165] CXX CAMDemo/Gui.MachineSettingsWindow.ixx
In file included from C:\Users\Ryan\Desktop\Ryan\Rev\CAM\.clever\release\xpp\Cam.Gui.HatchToolpathView\Gui.HatchToolpathView.cpp:2:
In file included from C:/Users/Ryan/Desktop/Ryan/Rev/CAM/source/Gui/LeftPanel/Stages/ToolPath/Gui.HatchToolpathView.ixx:7:
In file included from C:/Users/Ryan/Desktop/Ryan/Rev/Rev/src/Element/Element.ixx:15:
In file included from C:/Users/Ryan/Desktop/Ryan/Rev/Rev/src/Graphics/OpenGL/Canvas.OpenGL.ixx:12:
In file included from C:/Users/Ryan/Desktop/Ryan/Rev/Rev/src/Native/Windows/NativeWindow.win.ixx:31:
C:/Users/Ryan/Desktop/Ryan/Rev/Rev/src/Element/Style/Style.ixx:65:30: warning: identifier '_sec' preceded by whitespace in a literal operator declaration is deprecated [-Wdeprecated-literal-operator]
   65 |     constexpr int operator"" _sec(long double value) { return static_cast<int>(value * 1000.0); }
      |                   ~~~~~~~~~~~^~~~
      |                   operator""_sec
C:/Users/Ryan/Desktop/Ryan/Rev/Rev/src/Element/Style/Style.ixx:66:30: warning: identifier '_sec' preceded by whitespace in a literal operator declaration is deprecated [-Wdeprecated-literal-operator]
   66 |     constexpr int operator"" _sec(unsigned long long value) { return static_cast<int>(value * 1000.0); }
      |                   ~~~~~~~~~~~^~~~
      |                   operator""_sec
C:/Users/Ryan/Desktop/Ryan/Rev/Rev/src/Element/Style/Style.ixx:67:30: warning: identifier '_ms' preceded by whitespace in a literal operator declaration is deprecated [-Wdeprecated-literal-operator]
   67 |     constexpr int operator"" _ms(unsigned long long value) { return static_cast<int>(value); }
      |                   ~~~~~~~~~~~^~~
      |                   operator""_ms
C:/Users/Ryan/Desktop/Ryan/Rev/Rev/src/Element/Style/Style.ixx:152:31: warning: identifier '_px' preceded by whitespace in a literal operator declaration is deprecated [-Wdeprecated-literal-operator]
  152 |     constexpr Dist operator"" _px(unsigned long long value) { return { Dist::Type::Abs, static_cast<float>(value) }; }
      |                    ~~~~~~~~~~~^~~
      |                    operator""_px
C:/Users/Ryan/Desktop/Ryan/Rev/Rev/src/Element/Style/Style.ixx:153:31: warning: identifier '_pct' preceded by whitespace in a literal operator declaration is deprecated [-Wdeprecated-literal-operator]
  153 |     constexpr Dist operator"" _pct(unsigned long long value) { return { Dist::Type::Rel, static_cast<float>(value) / 100.0f }; }
      |                    ~~~~~~~~~~~^~~~
      |                    operator""_pct
C:/Users/Ryan/Desktop/Ryan/Rev/Rev/src/Element/Style/Style.ixx:154:31: warning: identifier '_grow' preceded by whitespace in a literal operator declaration is deprecated [-Wdeprecated-literal-operator]
  154 |     constexpr Dist operator"" _grow(unsigned long long value) { return { Dist::Type::Grow, static_cast<float>(value) / 100.0f }; }
      |                    ~~~~~~~~~~~^~~~~
      |                    operator""_grow
C:/Users/Ryan/Desktop/Ryan/Rev/Rev/src/Element/Style/Style.ixx:155:31: warning: identifier '_shrink' preceded by whitespace in a literal operator declaration is deprecated [-Wdeprecated-literal-operator]
  155 |     constexpr Dist operator"" _shrink(unsigned long long value) { return { Dist::Type::Grow, static_cast<float>(value) / 100.0f }; }
      |                    ~~~~~~~~~~~^~~~~~~
      |                    operator""_shrink
7 warnings generated.

  [149/165] CXX CAMDemo/Gui.PreviewBar.ixx
In file included from C:\Users\Ryan\Desktop\Ryan\Rev\CAM\.clever\release\xpp\Cam.Gui.ProbeView\Gui.ProbeView.cpp:2:
In file included from C:/Users/Ryan/Desktop/Ryan/Rev/CAM/source/Gui/LeftPanel/Stages/Operations/Gui.ProbeView.ixx:12:
In file included from C:/Users/Ryan/Desktop/Ryan/Rev/Rev/src/Element/Element.ixx:15:
In file included from C:/Users/Ryan/Desktop/Ryan/Rev/Rev/src/Graphics/OpenGL/Canvas.OpenGL.ixx:12:
In file included from C:/Users/Ryan/Desktop/Ryan/Rev/Rev/src/Native/Windows/NativeWindow.win.ixx:31:
C:/Users/Ryan/Desktop/Ryan/Rev/Rev/src/Element/Style/Style.ixx:65:30: warning: identifier '_sec' preceded by whitespace in a literal operator declaration is deprecated [-Wdeprecated-literal-operator]
   65 |     constexpr int operator"" _sec(long double value) { return static_cast<int>(value * 1000.0); }
      |                   ~~~~~~~~~~~^~~~
      |                   operator""_sec
C:/Users/Ryan/Desktop/Ryan/Rev/Rev/src/Element/Style/Style.ixx:66:30: warning: identifier '_sec' preceded by whitespace in a literal operator declaration is deprecated [-Wdeprecated-literal-operator]
   66 |     constexpr int operator"" _sec(unsigned long long value) { return static_cast<int>(value * 1000.0); }
      |                   ~~~~~~~~~~~^~~~
      |                   operator""_sec
C:/Users/Ryan/Desktop/Ryan/Rev/Rev/src/Element/Style/Style.ixx:67:30: warning: identifier '_ms' preceded by whitespace in a literal operator declaration is deprecated [-Wdeprecated-literal-operator]
   67 |     constexpr int operator"" _ms(unsigned long long value) { return static_cast<int>(value); }
      |                   ~~~~~~~~~~~^~~
      |                   operator""_ms
C:/Users/Ryan/Desktop/Ryan/Rev/Rev/src/Element/Style/Style.ixx:152:31: warning: identifier '_px' preceded by whitespace in a literal operator declaration is deprecated [-Wdeprecated-literal-operator]
  152 |     constexpr Dist operator"" _px(unsigned long long value) { return { Dist::Type::Abs, static_cast<float>(value) }; }
      |                    ~~~~~~~~~~~^~~
      |                    operator""_px
C:/Users/Ryan/Desktop/Ryan/Rev/Rev/src/Element/Style/Style.ixx:153:31: warning: identifier '_pct' preceded by whitespace in a literal operator declaration is deprecated [-Wdeprecated-literal-operator]
  153 |     constexpr Dist operator"" _pct(unsigned long long value) { return { Dist::Type::Rel, static_cast<float>(value) / 100.0f }; }
      |                    ~~~~~~~~~~~^~~~
      |                    operator""_pct
C:/Users/Ryan/Desktop/Ryan/Rev/Rev/src/Element/Style/Style.ixx:154:31: warning: identifier '_grow' preceded by whitespace in a literal operator declaration is deprecated [-Wdeprecated-literal-operator]
  154 |     constexpr Dist operator"" _grow(unsigned long long value) { return { Dist::Type::Grow, static_cast<float>(value) / 100.0f }; }
      |                    ~~~~~~~~~~~^~~~~
      |                    operator""_grow
C:/Users/Ryan/Desktop/Ryan/Rev/Rev/src/Element/Style/Style.ixx:155:31: warning: identifier '_shrink' preceded by whitespace in a literal operator declaration is deprecated [-Wdeprecated-literal-operator]
  155 |     constexpr Dist operator"" _shrink(unsigned long long value) { return { Dist::Type::Grow, static_cast<float>(value) / 100.0f }; }
      |                    ~~~~~~~~~~~^~~~~~~
      |                    operator""_shrink
7 warnings generated.

  [150/165] CXX CAMDemo/Gui.RightPanel.ixx
In file included from C:\Users\Ryan\Desktop\Ryan\Rev\CAM\.clever\release\xpp\Cam.Gui.ProfileToolpathView\Gui.ProfileToolpathView.cpp:2:
In file included from C:/Users/Ryan/Desktop/Ryan/Rev/CAM/source/Gui/LeftPanel/Stages/ToolPath/Gui.ProfileToolpathView.ixx:7:
In file included from C:/Users/Ryan/Desktop/Ryan/Rev/Rev/src/Element/Element.ixx:15:
In file included from C:/Users/Ryan/Desktop/Ryan/Rev/Rev/src/Graphics/OpenGL/Canvas.OpenGL.ixx:12:
In file included from C:/Users/Ryan/Desktop/Ryan/Rev/Rev/src/Native/Windows/NativeWindow.win.ixx:31:
C:/Users/Ryan/Desktop/Ryan/Rev/Rev/src/Element/Style/Style.ixx:65:30: warning: identifier '_sec' preceded by whitespace in a literal operator declaration is deprecated [-Wdeprecated-literal-operator]
   65 |     constexpr int operator"" _sec(long double value) { return static_cast<int>(value * 1000.0); }
      |                   ~~~~~~~~~~~^~~~
      |                   operator""_sec
C:/Users/Ryan/Desktop/Ryan/Rev/Rev/src/Element/Style/Style.ixx:66:30: warning: identifier '_sec' preceded by whitespace in a literal operator declaration is deprecated [-Wdeprecated-literal-operator]
   66 |     constexpr int operator"" _sec(unsigned long long value) { return static_cast<int>(value * 1000.0); }
      |                   ~~~~~~~~~~~^~~~
      |                   operator""_sec
C:/Users/Ryan/Desktop/Ryan/Rev/Rev/src/Element/Style/Style.ixx:67:30: warning: identifier '_ms' preceded by whitespace in a literal operator declaration is deprecated [-Wdeprecated-literal-operator]
   67 |     constexpr int operator"" _ms(unsigned long long value) { return static_cast<int>(value); }
      |                   ~~~~~~~~~~~^~~
      |                   operator""_ms
C:/Users/Ryan/Desktop/Ryan/Rev/Rev/src/Element/Style/Style.ixx:152:31: warning: identifier '_px' preceded by whitespace in a literal operator declaration is deprecated [-Wdeprecated-literal-operator]
  152 |     constexpr Dist operator"" _px(unsigned long long value) { return { Dist::Type::Abs, static_cast<float>(value) }; }
      |                    ~~~~~~~~~~~^~~
      |                    operator""_px
C:/Users/Ryan/Desktop/Ryan/Rev/Rev/src/Element/Style/Style.ixx:153:31: warning: identifier '_pct' preceded by whitespace in a literal operator declaration is deprecated [-Wdeprecated-literal-operator]
  153 |     constexpr Dist operator"" _pct(unsigned long long value) { return { Dist::Type::Rel, static_cast<float>(value) / 100.0f }; }
      |                    ~~~~~~~~~~~^~~~
      |                    operator""_pct
C:/Users/Ryan/Desktop/Ryan/Rev/Rev/src/Element/Style/Style.ixx:154:31: warning: identifier '_grow' preceded by whitespace in a literal operator declaration is deprecated [-Wdeprecated-literal-operator]
  154 |     constexpr Dist operator"" _grow(unsigned long long value) { return { Dist::Type::Grow, static_cast<float>(value) / 100.0f }; }
      |                    ~~~~~~~~~~~^~~~~
      |                    operator""_grow
C:/Users/Ryan/Desktop/Ryan/Rev/Rev/src/Element/Style/Style.ixx:155:31: warning: identifier '_shrink' preceded by whitespace in a literal operator declaration is deprecated [-Wdeprecated-literal-operator]
  155 |     constexpr Dist operator"" _shrink(unsigned long long value) { return { Dist::Type::Grow, static_cast<float>(value) / 100.0f }; }
      |                    ~~~~~~~~~~~^~~~~~~
      |                    operator""_shrink
7 warnings generated.

  [151/165] CXX CAMDemo/Gui.Tool.ixx
In file included from C:\Users\Ryan\Desktop\Ryan\Rev\CAM\.clever\release\xpp\Cam.Gui.ThreadMillToolpathView\Gui.ThreadMillToolpathView.cpp:2:
In file included from C:/Users/Ryan/Desktop/Ryan/Rev/CAM/source/Gui/LeftPanel/Stages/ToolPath/Gui.ThreadMillToolpathView.ixx:8:
In file included from C:/Users/Ryan/Desktop/Ryan/Rev/Rev/src/Element/Element.ixx:15:
In file included from C:/Users/Ryan/Desktop/Ryan/Rev/Rev/src/Graphics/OpenGL/Canvas.OpenGL.ixx:12:
In file included from C:/Users/Ryan/Desktop/Ryan/Rev/Rev/src/Native/Windows/NativeWindow.win.ixx:31:
C:/Users/Ryan/Desktop/Ryan/Rev/Rev/src/Element/Style/Style.ixx:65:30: warning: identifier '_sec' preceded by whitespace in a literal operator declaration is deprecated [-Wdeprecated-literal-operator]
   65 |     constexpr int operator"" _sec(long double value) { return static_cast<int>(value * 1000.0); }
      |                   ~~~~~~~~~~~^~~~
      |                   operator""_sec
C:/Users/Ryan/Desktop/Ryan/Rev/Rev/src/Element/Style/Style.ixx:66:30: warning: identifier '_sec' preceded by whitespace in a literal operator declaration is deprecated [-Wdeprecated-literal-operator]
   66 |     constexpr int operator"" _sec(unsigned long long value) { return static_cast<int>(value * 1000.0); }
      |                   ~~~~~~~~~~~^~~~
      |                   operator""_sec
C:/Users/Ryan/Desktop/Ryan/Rev/Rev/src/Element/Style/Style.ixx:67:30: warning: identifier '_ms' preceded by whitespace in a literal operator declaration is deprecated [-Wdeprecated-literal-operator]
   67 |     constexpr int operator"" _ms(unsigned long long value) { return static_cast<int>(value); }
      |                   ~~~~~~~~~~~^~~
      |                   operator""_ms
C:/Users/Ryan/Desktop/Ryan/Rev/Rev/src/Element/Style/Style.ixx:152:31: warning: identifier '_px' preceded by whitespace in a literal operator declaration is deprecated [-Wdeprecated-literal-operator]
  152 |     constexpr Dist operator"" _px(unsigned long long value) { return { Dist::Type::Abs, static_cast<float>(value) }; }
      |                    ~~~~~~~~~~~^~~
      |                    operator""_px
C:/Users/Ryan/Desktop/Ryan/Rev/Rev/src/Element/Style/Style.ixx:153:31: warning: identifier '_pct' preceded by whitespace in a literal operator declaration is deprecated [-Wdeprecated-literal-operator]
  153 |     constexpr Dist operator"" _pct(unsigned long long value) { return { Dist::Type::Rel, static_cast<float>(value) / 100.0f }; }
      |                    ~~~~~~~~~~~^~~~
      |                    operator""_pct
C:/Users/Ryan/Desktop/Ryan/Rev/Rev/src/Element/Style/Style.ixx:154:31: warning: identifier '_grow' preceded by whitespace in a literal operator declaration is deprecated [-Wdeprecated-literal-operator]
  154 |     constexpr Dist operator"" _grow(unsigned long long value) { return { Dist::Type::Grow, static_cast<float>(value) / 100.0f }; }
      |                    ~~~~~~~~~~~^~~~~
      |                    operator""_grow
C:/Users/Ryan/Desktop/Ryan/Rev/Rev/src/Element/Style/Style.ixx:155:31: warning: identifier '_shrink' preceded by whitespace in a literal operator declaration is deprecated [-Wdeprecated-literal-operator]
  155 |     constexpr Dist operator"" _shrink(unsigned long long value) { return { Dist::Type::Grow, static_cast<float>(value) / 100.0f }; }
      |                    ~~~~~~~~~~~^~~~~~~
      |                    operator""_shrink
7 warnings generated.

  [152/165] CXX CAMDemo/Gui.ProbeCalibrationWindow.ixx
In file included from C:\Users\Ryan\Desktop\Ryan\Rev\CAM\.clever\release\xpp\Cam.Gui.Form\Gui.Form.cpp:2:
In file included from C:/Users/Ryan/Desktop/Ryan/Rev/CAM/source/Gui/Form/Gui.Form.ixx:5:
In file included from C:/Users/Ryan/Desktop/Ryan/Rev/Rev/src/Element/Element.ixx:15:
In file included from C:/Users/Ryan/Desktop/Ryan/Rev/Rev/src/Graphics/OpenGL/Canvas.OpenGL.ixx:12:
In file included from C:/Users/Ryan/Desktop/Ryan/Rev/Rev/src/Native/Windows/NativeWindow.win.ixx:31:
C:/Users/Ryan/Desktop/Ryan/Rev/Rev/src/Element/Style/Style.ixx:65:30: warning: identifier '_sec' preceded by whitespace in a literal operator declaration is deprecated [-Wdeprecated-literal-operator]
   65 |     constexpr int operator"" _sec(long double value) { return static_cast<int>(value * 1000.0); }
      |                   ~~~~~~~~~~~^~~~
      |                   operator""_sec
C:/Users/Ryan/Desktop/Ryan/Rev/Rev/src/Element/Style/Style.ixx:66:30: warning: identifier '_sec' preceded by whitespace in a literal operator declaration is deprecated [-Wdeprecated-literal-operator]
   66 |     constexpr int operator"" _sec(unsigned long long value) { return static_cast<int>(value * 1000.0); }
      |                   ~~~~~~~~~~~^~~~
      |                   operator""_sec
C:/Users/Ryan/Desktop/Ryan/Rev/Rev/src/Element/Style/Style.ixx:67:30: warning: identifier '_ms' preceded by whitespace in a literal operator declaration is deprecated [-Wdeprecated-literal-operator]
   67 |     constexpr int operator"" _ms(unsigned long long value) { return static_cast<int>(value); }
      |                   ~~~~~~~~~~~^~~
      |                   operator""_ms
C:/Users/Ryan/Desktop/Ryan/Rev/Rev/src/Element/Style/Style.ixx:152:31: warning: identifier '_px' preceded by whitespace in a literal operator declaration is deprecated [-Wdeprecated-literal-operator]
  152 |     constexpr Dist operator"" _px(unsigned long long value) { return { Dist::Type::Abs, static_cast<float>(value) }; }
      |                    ~~~~~~~~~~~^~~
      |                    operator""_px
C:/Users/Ryan/Desktop/Ryan/Rev/Rev/src/Element/Style/Style.ixx:153:31: warning: identifier '_pct' preceded by whitespace in a literal operator declaration is deprecated [-Wdeprecated-literal-operator]
  153 |     constexpr Dist operator"" _pct(unsigned long long value) { return { Dist::Type::Rel, static_cast<float>(value) / 100.0f }; }
      |                    ~~~~~~~~~~~^~~~
      |                    operator""_pct
C:/Users/Ryan/Desktop/Ryan/Rev/Rev/src/Element/Style/Style.ixx:154:31: warning: identifier '_grow' preceded by whitespace in a literal operator declaration is deprecated [-Wdeprecated-literal-operator]
  154 |     constexpr Dist operator"" _grow(unsigned long long value) { return { Dist::Type::Grow, static_cast<float>(value) / 100.0f }; }
      |                    ~~~~~~~~~~~^~~~~
      |                    operator""_grow
C:/Users/Ryan/Desktop/Ryan/Rev/Rev/src/Element/Style/Style.ixx:155:31: warning: identifier '_shrink' preceded by whitespace in a literal operator declaration is deprecated [-Wdeprecated-literal-operator]
  155 |     constexpr Dist operator"" _shrink(unsigned long long value) { return { Dist::Type::Grow, static_cast<float>(value) / 100.0f }; }
      |                    ~~~~~~~~~~~^~~~~~~
      |                    operator""_shrink
7 warnings generated.

  [153/165] CXX CAMDemo/Gui.MachineCalibrationWindow.ixx
In file included from C:\Users\Ryan\Desktop\Ryan\Rev\CAM\.clever\release\xpp\Cam.Gui.ToolpathStrategyView\Gui.ToolpathStrategyView.cpp:2:
In file included from C:/Users/Ryan/Desktop/Ryan/Rev/CAM/source/Gui/LeftPanel/Stages/ToolPath/Gui.ToolpathStrategyView.ixx:10:
In file included from C:/Users/Ryan/Desktop/Ryan/Rev/Rev/src/Element/Element.ixx:15:
In file included from C:/Users/Ryan/Desktop/Ryan/Rev/Rev/src/Graphics/OpenGL/Canvas.OpenGL.ixx:12:
In file included from C:/Users/Ryan/Desktop/Ryan/Rev/Rev/src/Native/Windows/NativeWindow.win.ixx:31:
C:/Users/Ryan/Desktop/Ryan/Rev/Rev/src/Element/Style/Style.ixx:65:30: warning: identifier '_sec' preceded by whitespace in a literal operator declaration is deprecated [-Wdeprecated-literal-operator]
   65 |     constexpr int operator"" _sec(long double value) { return static_cast<int>(value * 1000.0); }
      |                   ~~~~~~~~~~~^~~~
      |                   operator""_sec
C:/Users/Ryan/Desktop/Ryan/Rev/Rev/src/Element/Style/Style.ixx:66:30: warning: identifier '_sec' preceded by whitespace in a literal operator declaration is deprecated [-Wdeprecated-literal-operator]
   66 |     constexpr int operator"" _sec(unsigned long long value) { return static_cast<int>(value * 1000.0); }
      |                   ~~~~~~~~~~~^~~~
      |                   operator""_sec
C:/Users/Ryan/Desktop/Ryan/Rev/Rev/src/Element/Style/Style.ixx:67:30: warning: identifier '_ms' preceded by whitespace in a literal operator declaration is deprecated [-Wdeprecated-literal-operator]
   67 |     constexpr int operator"" _ms(unsigned long long value) { return static_cast<int>(value); }
      |                   ~~~~~~~~~~~^~~
      |                   operator""_ms
C:/Users/Ryan/Desktop/Ryan/Rev/Rev/src/Element/Style/Style.ixx:152:31: warning: identifier '_px' preceded by whitespace in a literal operator declaration is deprecated [-Wdeprecated-literal-operator]
  152 |     constexpr Dist operator"" _px(unsigned long long value) { return { Dist::Type::Abs, static_cast<float>(value) }; }
      |                    ~~~~~~~~~~~^~~
      |                    operator""_px
C:/Users/Ryan/Desktop/Ryan/Rev/Rev/src/Element/Style/Style.ixx:153:31: warning: identifier '_pct' preceded by whitespace in a literal operator declaration is deprecated [-Wdeprecated-literal-operator]
  153 |     constexpr Dist operator"" _pct(unsigned long long value) { return { Dist::Type::Rel, static_cast<float>(value) / 100.0f }; }
      |                    ~~~~~~~~~~~^~~~
      |                    operator""_pct
C:/Users/Ryan/Desktop/Ryan/Rev/Rev/src/Element/Style/Style.ixx:154:31: warning: identifier '_grow' preceded by whitespace in a literal operator declaration is deprecated [-Wdeprecated-literal-operator]
  154 |     constexpr Dist operator"" _grow(unsigned long long value) { return { Dist::Type::Grow, static_cast<float>(value) / 100.0f }; }
      |                    ~~~~~~~~~~~^~~~~
      |                    operator""_grow
C:/Users/Ryan/Desktop/Ryan/Rev/Rev/src/Element/Style/Style.ixx:155:31: warning: identifier '_shrink' preceded by whitespace in a literal operator declaration is deprecated [-Wdeprecated-literal-operator]
  155 |     constexpr Dist operator"" _shrink(unsigned long long value) { return { Dist::Type::Grow, static_cast<float>(value) / 100.0f }; }
      |                    ~~~~~~~~~~~^~~~~~~
      |                    operator""_shrink
7 warnings generated.

  [154/165] CXX CAMDemo/Gui.MeasureStockWindow.ixx
In file included from C:\Users\Ryan\Desktop\Ryan\Rev\CAM\.clever\release\xpp\Cam.Gui.StockMenu\Gui.StockMenu.cpp:2:
In file included from C:/Users/Ryan/Desktop/Ryan/Rev/CAM/source/Gui/LeftPanel/StockMenu/Gui.StockMenu.ixx:12:
In file included from C:/Users/Ryan/Desktop/Ryan/Rev/Rev/src/Element/Element.ixx:15:
In file included from C:/Users/Ryan/Desktop/Ryan/Rev/Rev/src/Graphics/OpenGL/Canvas.OpenGL.ixx:12:
In file included from C:/Users/Ryan/Desktop/Ryan/Rev/Rev/src/Native/Windows/NativeWindow.win.ixx:31:
C:/Users/Ryan/Desktop/Ryan/Rev/Rev/src/Element/Style/Style.ixx:65:30: warning: identifier '_sec' preceded by whitespace in a literal operator declaration is deprecated [-Wdeprecated-literal-operator]
   65 |     constexpr int operator"" _sec(long double value) { return static_cast<int>(value * 1000.0); }
      |                   ~~~~~~~~~~~^~~~
      |                   operator""_sec
C:/Users/Ryan/Desktop/Ryan/Rev/Rev/src/Element/Style/Style.ixx:66:30: warning: identifier '_sec' preceded by whitespace in a literal operator declaration is deprecated [-Wdeprecated-literal-operator]
   66 |     constexpr int operator"" _sec(unsigned long long value) { return static_cast<int>(value * 1000.0); }
      |                   ~~~~~~~~~~~^~~~
      |                   operator""_sec
C:/Users/Ryan/Desktop/Ryan/Rev/Rev/src/Element/Style/Style.ixx:67:30: warning: identifier '_ms' preceded by whitespace in a literal operator declaration is deprecated [-Wdeprecated-literal-operator]
   67 |     constexpr int operator"" _ms(unsigned long long value) { return static_cast<int>(value); }
      |                   ~~~~~~~~~~~^~~
      |                   operator""_ms
C:/Users/Ryan/Desktop/Ryan/Rev/Rev/src/Element/Style/Style.ixx:152:31: warning: identifier '_px' preceded by whitespace in a literal operator declaration is deprecated [-Wdeprecated-literal-operator]
  152 |     constexpr Dist operator"" _px(unsigned long long value) { return { Dist::Type::Abs, static_cast<float>(value) }; }
      |                    ~~~~~~~~~~~^~~
      |                    operator""_px
C:/Users/Ryan/Desktop/Ryan/Rev/Rev/src/Element/Style/Style.ixx:153:31: warning: identifier '_pct' preceded by whitespace in a literal operator declaration is deprecated [-Wdeprecated-literal-operator]
  153 |     constexpr Dist operator"" _pct(unsigned long long value) { return { Dist::Type::Rel, static_cast<float>(value) / 100.0f }; }
      |                    ~~~~~~~~~~~^~~~
      |                    operator""_pct
C:/Users/Ryan/Desktop/Ryan/Rev/Rev/src/Element/Style/Style.ixx:154:31: warning: identifier '_grow' preceded by whitespace in a literal operator declaration is deprecated [-Wdeprecated-literal-operator]
  154 |     constexpr Dist operator"" _grow(unsigned long long value) { return { Dist::Type::Grow, static_cast<float>(value) / 100.0f }; }
      |                    ~~~~~~~~~~~^~~~~
      |                    operator""_grow
C:/Users/Ryan/Desktop/Ryan/Rev/Rev/src/Element/Style/Style.ixx:155:31: warning: identifier '_shrink' preceded by whitespace in a literal operator declaration is deprecated [-Wdeprecated-literal-operator]
  155 |     constexpr Dist operator"" _shrink(unsigned long long value) { return { Dist::Type::Grow, static_cast<float>(value) / 100.0f }; }
      |                    ~~~~~~~~~~~^~~~~~~
      |                    operator""_shrink
C:/Users/Ryan/Desktop/Ryan/Rev/CAM/source/Gui/LeftPanel/StockMenu/Gui.StockMenu.ixx:68:46: warning: ISO C++ requires field designators to be specified in declaration order; field 'top' will be initialized after field 'left' [-Wreorder-init-list]
   68 |             .margin = { .top = 2_px, .left = 2_px },
      |                                      ~~~~~~~~^~~~
C:/Users/Ryan/Desktop/Ryan/Rev/CAM/source/Gui/LeftPanel/StockMenu/Gui.StockMenu.ixx:68:32: note: previous initialization for field 'top' is here
   68 |             .margin = { .top = 2_px, .left = 2_px },
      |                                ^~~~
8 warnings generated.

  [155/165] CXX CAMDemo/Gui.ToolPreview.ixx
In file included from C:\Users\Ryan\Desktop\Ryan\Rev\CAM\.clever\release\xpp\Cam.Gui.PreviewBar\Gui.PreviewBar.cpp:2:
In file included from C:/Users/Ryan/Desktop/Ryan/Rev/CAM/source/Gui/PreviewBar/Gui.PreviewBar.ixx:16:
In file included from C:/Users/Ryan/Desktop/Ryan/Rev/Rev/src/Element/Element.ixx:15:
In file included from C:/Users/Ryan/Desktop/Ryan/Rev/Rev/src/Graphics/OpenGL/Canvas.OpenGL.ixx:12:
In file included from C:/Users/Ryan/Desktop/Ryan/Rev/Rev/src/Native/Windows/NativeWindow.win.ixx:31:
C:/Users/Ryan/Desktop/Ryan/Rev/Rev/src/Element/Style/Style.ixx:65:30: warning: identifier '_sec' preceded by whitespace in a literal operator declaration is deprecated [-Wdeprecated-literal-operator]
   65 |     constexpr int operator"" _sec(long double value) { return static_cast<int>(value * 1000.0); }
      |                   ~~~~~~~~~~~^~~~
      |                   operator""_sec
C:/Users/Ryan/Desktop/Ryan/Rev/Rev/src/Element/Style/Style.ixx:66:30: warning: identifier '_sec' preceded by whitespace in a literal operator declaration is deprecated [-Wdeprecated-literal-operator]
   66 |     constexpr int operator"" _sec(unsigned long long value) { return static_cast<int>(value * 1000.0); }
      |                   ~~~~~~~~~~~^~~~
      |                   operator""_sec
C:/Users/Ryan/Desktop/Ryan/Rev/Rev/src/Element/Style/Style.ixx:67:30: warning: identifier '_ms' preceded by whitespace in a literal operator declaration is deprecated [-Wdeprecated-literal-operator]
   67 |     constexpr int operator"" _ms(unsigned long long value) { return static_cast<int>(value); }
      |                   ~~~~~~~~~~~^~~
      |                   operator""_ms
C:/Users/Ryan/Desktop/Ryan/Rev/Rev/src/Element/Style/Style.ixx:152:31: warning: identifier '_px' preceded by whitespace in a literal operator declaration is deprecated [-Wdeprecated-literal-operator]
  152 |     constexpr Dist operator"" _px(unsigned long long value) { return { Dist::Type::Abs, static_cast<float>(value) }; }
      |                    ~~~~~~~~~~~^~~
      |                    operator""_px
C:/Users/Ryan/Desktop/Ryan/Rev/Rev/src/Element/Style/Style.ixx:153:31: warning: identifier '_pct' preceded by whitespace in a literal operator declaration is deprecated [-Wdeprecated-literal-operator]
  153 |     constexpr Dist operator"" _pct(unsigned long long value) { return { Dist::Type::Rel, static_cast<float>(value) / 100.0f }; }
      |                    ~~~~~~~~~~~^~~~
      |                    operator""_pct
C:/Users/Ryan/Desktop/Ryan/Rev/Rev/src/Element/Style/Style.ixx:154:31: warning: identifier '_grow' preceded by whitespace in a literal operator declaration is deprecated [-Wdeprecated-literal-operator]
  154 |     constexpr Dist operator"" _grow(unsigned long long value) { return { Dist::Type::Grow, static_cast<float>(value) / 100.0f }; }
      |                    ~~~~~~~~~~~^~~~~
      |                    operator""_grow
C:/Users/Ryan/Desktop/Ryan/Rev/Rev/src/Element/Style/Style.ixx:155:31: warning: identifier '_shrink' preceded by whitespace in a literal operator declaration is deprecated [-Wdeprecated-literal-operator]
  155 |     constexpr Dist operator"" _shrink(unsigned long long value) { return { Dist::Type::Grow, static_cast<float>(value) / 100.0f }; }
      |                    ~~~~~~~~~~~^~~~~~~
      |                    operator""_shrink
7 warnings generated.

  [156/165] CXX CAMDemo/Gui.ToolSettingsWindow.ixx
In file included from C:\Users\Ryan\Desktop\Ryan\Rev\CAM\.clever\release\xpp\Cam.Gui.RightPanel\Gui.RightPanel.cpp:2:
In file included from C:/Users/Ryan/Desktop/Ryan/Rev/CAM/source/Gui/RightPanel/Gui.RightPanel.ixx:14:
In file included from C:/Users/Ryan/Desktop/Ryan/Rev/Rev/src/Element/Element.ixx:15:
In file included from C:/Users/Ryan/Desktop/Ryan/Rev/Rev/src/Graphics/OpenGL/Canvas.OpenGL.ixx:12:
In file included from C:/Users/Ryan/Desktop/Ryan/Rev/Rev/src/Native/Windows/NativeWindow.win.ixx:31:
C:/Users/Ryan/Desktop/Ryan/Rev/Rev/src/Element/Style/Style.ixx:65:30: warning: identifier '_sec' preceded by whitespace in a literal operator declaration is deprecated [-Wdeprecated-literal-operator]
   65 |     constexpr int operator"" _sec(long double value) { return static_cast<int>(value * 1000.0); }
      |                   ~~~~~~~~~~~^~~~
      |                   operator""_sec
C:/Users/Ryan/Desktop/Ryan/Rev/Rev/src/Element/Style/Style.ixx:66:30: warning: identifier '_sec' preceded by whitespace in a literal operator declaration is deprecated [-Wdeprecated-literal-operator]
   66 |     constexpr int operator"" _sec(unsigned long long value) { return static_cast<int>(value * 1000.0); }
      |                   ~~~~~~~~~~~^~~~
      |                   operator""_sec
C:/Users/Ryan/Desktop/Ryan/Rev/Rev/src/Element/Style/Style.ixx:67:30: warning: identifier '_ms' preceded by whitespace in a literal operator declaration is deprecated [-Wdeprecated-literal-operator]
   67 |     constexpr int operator"" _ms(unsigned long long value) { return static_cast<int>(value); }
      |                   ~~~~~~~~~~~^~~
      |                   operator""_ms
C:/Users/Ryan/Desktop/Ryan/Rev/Rev/src/Element/Style/Style.ixx:152:31: warning: identifier '_px' preceded by whitespace in a literal operator declaration is deprecated [-Wdeprecated-literal-operator]
  152 |     constexpr Dist operator"" _px(unsigned long long value) { return { Dist::Type::Abs, static_cast<float>(value) }; }
      |                    ~~~~~~~~~~~^~~
      |                    operator""_px
C:/Users/Ryan/Desktop/Ryan/Rev/Rev/src/Element/Style/Style.ixx:153:31: warning: identifier '_pct' preceded by whitespace in a literal operator declaration is deprecated [-Wdeprecated-literal-operator]
  153 |     constexpr Dist operator"" _pct(unsigned long long value) { return { Dist::Type::Rel, static_cast<float>(value) / 100.0f }; }
      |                    ~~~~~~~~~~~^~~~
      |                    operator""_pct
C:/Users/Ryan/Desktop/Ryan/Rev/Rev/src/Element/Style/Style.ixx:154:31: warning: identifier '_grow' preceded by whitespace in a literal operator declaration is deprecated [-Wdeprecated-literal-operator]
  154 |     constexpr Dist operator"" _grow(unsigned long long value) { return { Dist::Type::Grow, static_cast<float>(value) / 100.0f }; }
      |                    ~~~~~~~~~~~^~~~~
      |                    operator""_grow
C:/Users/Ryan/Desktop/Ryan/Rev/Rev/src/Element/Style/Style.ixx:155:31: warning: identifier '_shrink' preceded by whitespace in a literal operator declaration is deprecated [-Wdeprecated-literal-operator]
  155 |     constexpr Dist operator"" _shrink(unsigned long long value) { return { Dist::Type::Grow, static_cast<float>(value) / 100.0f }; }
      |                    ~~~~~~~~~~~^~~~~~~
      |                    operator""_shrink
C:/Users/Ryan/Desktop/Ryan/Rev/CAM/source/Gui/RightPanel/Gui.RightPanel.ixx:52:25: warning: ISO C++ requires field designators to be specified in declaration order; field 'border' will be initialized after field 'overflow' [-Wreorder-init-list]
   52 |             .overflow = Overflow::Hide,
      |             ~~~~~~~~~~~~^~~~~~~~~~~~~~
C:/Users/Ryan/Desktop/Ryan/Rev/CAM/source/Gui/RightPanel/Gui.RightPanel.ixx:51:23: note: previous initialization for field 'border' is here
   51 |             .border = { .radius = 6_px },
      |                       ^~~~~~~~~~~~~~~~~~
C:/Users/Ryan/Desktop/Ryan/Rev/CAM/source/Gui/RightPanel/Gui.RightPanel.ixx:65:27: warning: ISO C++ requires field designators to be specified in declaration order; field 'width' will be initialized after field 'radius' [-Wreorder-init-list]
   65 |                 .radius = 5_px
      |                 ~~~~~~~~~~^~~~
C:/Users/Ryan/Desktop/Ryan/Rev/CAM/source/Gui/RightPanel/Gui.RightPanel.ixx:64:26: note: previous initialization for field 'width' is here
   64 |                 .width = 1_px,
      |                          ^~~~
9 warnings generated.

In file included from C:\Users\Ryan\Desktop\Ryan\Rev\CAM\.clever\release\xpp\Cam.Gui.Tool\Gui.Tool.cpp:2:
In file included from C:/Users/Ryan/Desktop/Ryan/Rev/CAM/source/Gui/RightPanel/Tools/Gui.Tool.ixx:12:
In file included from C:/Users/Ryan/Desktop/Ryan/Rev/Rev/src/Element/Element.ixx:15:
In file included from C:/Users/Ryan/Desktop/Ryan/Rev/Rev/src/Graphics/OpenGL/Canvas.OpenGL.ixx:12:
In file included from C:/Users/Ryan/Desktop/Ryan/Rev/Rev/src/Native/Windows/NativeWindow.win.ixx:31:
C:/Users/Ryan/Desktop/Ryan/Rev/Rev/src/Element/Style/Style.ixx:65:30: warning: identifier '_sec' preceded by whitespace in a literal operator declaration is deprecated [-Wdeprecated-literal-operator]
   65 |     constexpr int operator"" _sec(long double value) { return static_cast<int>(value * 1000.0); }
      |                   ~~~~~~~~~~~^~~~
      |                   operator""_sec
C:/Users/Ryan/Desktop/Ryan/Rev/Rev/src/Element/Style/Style.ixx:66:30: warning: identifier '_sec' preceded by whitespace in a literal operator declaration is deprecated [-Wdeprecated-literal-operator]
   66 |     constexpr int operator"" _sec(unsigned long long value) { return static_cast<int>(value * 1000.0); }
      |                   ~~~~~~~~~~~^~~~
      |                   operator""_sec
C:/Users/Ryan/Desktop/Ryan/Rev/Rev/src/Element/Style/Style.ixx:67:30: warning: identifier '_ms' preceded by whitespace in a literal operator declaration is deprecated [-Wdeprecated-literal-operator]
   67 |     constexpr int operator"" _ms(unsigned long long value) { return static_cast<int>(value); }
      |                   ~~~~~~~~~~~^~~
      |                   operator""_ms
C:/Users/Ryan/Desktop/Ryan/Rev/Rev/src/Element/Style/Style.ixx:152:31: warning: identifier '_px' preceded by whitespace in a literal operator declaration is deprecated [-Wdeprecated-literal-operator]
  152 |     constexpr Dist operator"" _px(unsigned long long value) { return { Dist::Type::Abs, static_cast<float>(value) }; }
      |                    ~~~~~~~~~~~^~~
      |                    operator""_px
C:/Users/Ryan/Desktop/Ryan/Rev/Rev/src/Element/Style/Style.ixx:153:31: warning: identifier '_pct' preceded by whitespace in a literal operator declaration is deprecated [-Wdeprecated-literal-operator]
  153 |     constexpr Dist operator"" _pct(unsigned long long value) { return { Dist::Type::Rel, static_cast<float>(value) / 100.0f }; }
      |                    ~~~~~~~~~~~^~~~
      |                    operator""_pct
C:/Users/Ryan/Desktop/Ryan/Rev/Rev/src/Element/Style/Style.ixx:154:31: warning: identifier '_grow' preceded by whitespace in a literal operator declaration is deprecated [-Wdeprecated-literal-operator]
  154 |     constexpr Dist operator"" _grow(unsigned long long value) { return { Dist::Type::Grow, static_cast<float>(value) / 100.0f }; }
      |                    ~~~~~~~~~~~^~~~~
      |                    operator""_grow
C:/Users/Ryan/Desktop/Ryan/Rev/Rev/src/Element/Style/Style.ixx:155:31: warning: identifier '_shrink' preceded by whitespace in a literal operator declaration is deprecated [-Wdeprecated-literal-operator]
  155 |     constexpr Dist operator"" _shrink(unsigned long long value) { return { Dist::Type::Grow, static_cast<float>(value) / 100.0f }; }
      |                    ~~~~~~~~~~~^~~~~~~
      |                    operator""_shrink
7 warnings generated.

  [157/165] CXX CAMDemo/Gui.Tools.ixx
  [158/165] CXX CAMDemo/Styles.ixx
In file included from C:\Users\Ryan\Desktop\Ryan\Rev\CAM\.clever\release\xpp\Cam.Gui.MachineSettingsWindow\Gui.MachineSettingsWindow.cpp:2:
In file included from C:/Users/Ryan/Desktop/Ryan/Rev/CAM/source/Gui/Machine/Gui.MachineSettingsWindow.ixx:16:
In file included from C:/Users/Ryan/Desktop/Ryan/Rev/Rev/src/Window.ixx:17:
In file included from C:/Users/Ryan/Desktop/Ryan/Rev/Rev/src/Element/Element.ixx:15:
In file included from C:/Users/Ryan/Desktop/Ryan/Rev/Rev/src/Graphics/OpenGL/Canvas.OpenGL.ixx:12:
In file included from C:/Users/Ryan/Desktop/Ryan/Rev/Rev/src/Native/Windows/NativeWindow.win.ixx:31:
C:/Users/Ryan/Desktop/Ryan/Rev/Rev/src/Element/Style/Style.ixx:65:30: warning: identifier '_sec' preceded by whitespace in a literal operator declaration is deprecated [-Wdeprecated-literal-operator]
   65 |     constexpr int operator"" _sec(long double value) { return static_cast<int>(value * 1000.0); }
      |                   ~~~~~~~~~~~^~~~
      |                   operator""_sec
C:/Users/Ryan/Desktop/Ryan/Rev/Rev/src/Element/Style/Style.ixx:66:30: warning: identifier '_sec' preceded by whitespace in a literal operator declaration is deprecated [-Wdeprecated-literal-operator]
   66 |     constexpr int operator"" _sec(unsigned long long value) { return static_cast<int>(value * 1000.0); }
      |                   ~~~~~~~~~~~^~~~
      |                   operator""_sec
C:/Users/Ryan/Desktop/Ryan/Rev/Rev/src/Element/Style/Style.ixx:67:30: warning: identifier '_ms' preceded by whitespace in a literal operator declaration is deprecated [-Wdeprecated-literal-operator]
   67 |     constexpr int operator"" _ms(unsigned long long value) { return static_cast<int>(value); }
      |                   ~~~~~~~~~~~^~~
      |                   operator""_ms
C:/Users/Ryan/Desktop/Ryan/Rev/Rev/src/Element/Style/Style.ixx:152:31: warning: identifier '_px' preceded by whitespace in a literal operator declaration is deprecated [-Wdeprecated-literal-operator]
  152 |     constexpr Dist operator"" _px(unsigned long long value) { return { Dist::Type::Abs, static_cast<float>(value) }; }
      |                    ~~~~~~~~~~~^~~
      |                    operator""_px
C:/Users/Ryan/Desktop/Ryan/Rev/Rev/src/Element/Style/Style.ixx:153:31: warning: identifier '_pct' preceded by whitespace in a literal operator declaration is deprecated [-Wdeprecated-literal-operator]
  153 |     constexpr Dist operator"" _pct(unsigned long long value) { return { Dist::Type::Rel, static_cast<float>(value) / 100.0f }; }
      |                    ~~~~~~~~~~~^~~~
      |                    operator""_pct
C:/Users/Ryan/Desktop/Ryan/Rev/Rev/src/Element/Style/Style.ixx:154:31: warning: identifier '_grow' preceded by whitespace in a literal operator declaration is deprecated [-Wdeprecated-literal-operator]
  154 |     constexpr Dist operator"" _grow(unsigned long long value) { return { Dist::Type::Grow, static_cast<float>(value) / 100.0f }; }
      |                    ~~~~~~~~~~~^~~~~
      |                    operator""_grow
C:/Users/Ryan/Desktop/Ryan/Rev/Rev/src/Element/Style/Style.ixx:155:31: warning: identifier '_shrink' preceded by whitespace in a literal operator declaration is deprecated [-Wdeprecated-literal-operator]
  155 |     constexpr Dist operator"" _shrink(unsigned long long value) { return { Dist::Type::Grow, static_cast<float>(value) / 100.0f }; }
      |                    ~~~~~~~~~~~^~~~~~~
      |                    operator""_shrink
7 warnings generated.

  [159/165] CXX CAMDemo/TabView.ixx
In file included from C:\Users\Ryan\Desktop\Ryan\Rev\CAM\.clever\release\xpp\Cam.Gui.ProbeCalibrationWindow\Gui.ProbeCalibrationWindow.cpp:2:
In file included from C:/Users/Ryan/Desktop/Ryan/Rev/CAM/source/Gui/RightPanel/Tools/Gui.ProbeCalibrationWindow.ixx:12:
In file included from C:/Users/Ryan/Desktop/Ryan/Rev/Rev/src/Window.ixx:17:
In file included from C:/Users/Ryan/Desktop/Ryan/Rev/Rev/src/Element/Element.ixx:15:
In file included from C:/Users/Ryan/Desktop/Ryan/Rev/Rev/src/Graphics/OpenGL/Canvas.OpenGL.ixx:12:
In file included from C:/Users/Ryan/Desktop/Ryan/Rev/Rev/src/Native/Windows/NativeWindow.win.ixx:31:
C:/Users/Ryan/Desktop/Ryan/Rev/Rev/src/Element/Style/Style.ixx:65:30: warning: identifier '_sec' preceded by whitespace in a literal operator declaration is deprecated [-Wdeprecated-literal-operator]
   65 |     constexpr int operator"" _sec(long double value) { return static_cast<int>(value * 1000.0); }
      |                   ~~~~~~~~~~~^~~~
      |                   operator""_sec
C:/Users/Ryan/Desktop/Ryan/Rev/Rev/src/Element/Style/Style.ixx:66:30: warning: identifier '_sec' preceded by whitespace in a literal operator declaration is deprecated [-Wdeprecated-literal-operator]
   66 |     constexpr int operator"" _sec(unsigned long long value) { return static_cast<int>(value * 1000.0); }
      |                   ~~~~~~~~~~~^~~~
      |                   operator""_sec
C:/Users/Ryan/Desktop/Ryan/Rev/Rev/src/Element/Style/Style.ixx:67:30: warning: identifier '_ms' preceded by whitespace in a literal operator declaration is deprecated [-Wdeprecated-literal-operator]
   67 |     constexpr int operator"" _ms(unsigned long long value) { return static_cast<int>(value); }
      |                   ~~~~~~~~~~~^~~
      |                   operator""_ms
C:/Users/Ryan/Desktop/Ryan/Rev/Rev/src/Element/Style/Style.ixx:152:31: warning: identifier '_px' preceded by whitespace in a literal operator declaration is deprecated [-Wdeprecated-literal-operator]
  152 |     constexpr Dist operator"" _px(unsigned long long value) { return { Dist::Type::Abs, static_cast<float>(value) }; }
      |                    ~~~~~~~~~~~^~~
      |                    operator""_px
C:/Users/Ryan/Desktop/Ryan/Rev/Rev/src/Element/Style/Style.ixx:153:31: warning: identifier '_pct' preceded by whitespace in a literal operator declaration is deprecated [-Wdeprecated-literal-operator]
  153 |     constexpr Dist operator"" _pct(unsigned long long value) { return { Dist::Type::Rel, static_cast<float>(value) / 100.0f }; }
      |                    ~~~~~~~~~~~^~~~
      |                    operator""_pct
C:/Users/Ryan/Desktop/Ryan/Rev/Rev/src/Element/Style/Style.ixx:154:31: warning: identifier '_grow' preceded by whitespace in a literal operator declaration is deprecated [-Wdeprecated-literal-operator]
  154 |     constexpr Dist operator"" _grow(unsigned long long value) { return { Dist::Type::Grow, static_cast<float>(value) / 100.0f }; }
      |                    ~~~~~~~~~~~^~~~~
      |                    operator""_grow
C:/Users/Ryan/Desktop/Ryan/Rev/Rev/src/Element/Style/Style.ixx:155:31: warning: identifier '_shrink' preceded by whitespace in a literal operator declaration is deprecated [-Wdeprecated-literal-operator]
  155 |     constexpr Dist operator"" _shrink(unsigned long long value) { return { Dist::Type::Grow, static_cast<float>(value) / 100.0f }; }
      |                    ~~~~~~~~~~~^~~~~~~
      |                    operator""_shrink
7 warnings generated.

  [160/165] CXX CAMDemo/Theme.ixx
In file included from C:\Users\Ryan\Desktop\Ryan\Rev\CAM\.clever\release\xpp\Cam.Gui.MachineCalibrationWindow\Gui.MachineCalibrationWindow.cpp:2:
In file included from C:/Users/Ryan/Desktop/Ryan/Rev/CAM/source/Gui/RightPanel/Tools/Gui.MachineCalibrationWindow.ixx:12:
In file included from C:/Users/Ryan/Desktop/Ryan/Rev/Rev/src/Window.ixx:17:
In file included from C:/Users/Ryan/Desktop/Ryan/Rev/Rev/src/Element/Element.ixx:15:
In file included from C:/Users/Ryan/Desktop/Ryan/Rev/Rev/src/Graphics/OpenGL/Canvas.OpenGL.ixx:12:
In file included from C:/Users/Ryan/Desktop/Ryan/Rev/Rev/src/Native/Windows/NativeWindow.win.ixx:31:
C:/Users/Ryan/Desktop/Ryan/Rev/Rev/src/Element/Style/Style.ixx:65:30: warning: identifier '_sec' preceded by whitespace in a literal operator declaration is deprecated [-Wdeprecated-literal-operator]
   65 |     constexpr int operator"" _sec(long double value) { return static_cast<int>(value * 1000.0); }
      |                   ~~~~~~~~~~~^~~~
      |                   operator""_sec
C:/Users/Ryan/Desktop/Ryan/Rev/Rev/src/Element/Style/Style.ixx:66:30: warning: identifier '_sec' preceded by whitespace in a literal operator declaration is deprecated [-Wdeprecated-literal-operator]
   66 |     constexpr int operator"" _sec(unsigned long long value) { return static_cast<int>(value * 1000.0); }
      |                   ~~~~~~~~~~~^~~~
      |                   operator""_sec
C:/Users/Ryan/Desktop/Ryan/Rev/Rev/src/Element/Style/Style.ixx:67:30: warning: identifier '_ms' preceded by whitespace in a literal operator declaration is deprecated [-Wdeprecated-literal-operator]
   67 |     constexpr int operator"" _ms(unsigned long long value) { return static_cast<int>(value); }
      |                   ~~~~~~~~~~~^~~
      |                   operator""_ms
C:/Users/Ryan/Desktop/Ryan/Rev/Rev/src/Element/Style/Style.ixx:152:31: warning: identifier '_px' preceded by whitespace in a literal operator declaration is deprecated [-Wdeprecated-literal-operator]
  152 |     constexpr Dist operator"" _px(unsigned long long value) { return { Dist::Type::Abs, static_cast<float>(value) }; }
      |                    ~~~~~~~~~~~^~~
      |                    operator""_px
C:/Users/Ryan/Desktop/Ryan/Rev/Rev/src/Element/Style/Style.ixx:153:31: warning: identifier '_pct' preceded by whitespace in a literal operator declaration is deprecated [-Wdeprecated-literal-operator]
  153 |     constexpr Dist operator"" _pct(unsigned long long value) { return { Dist::Type::Rel, static_cast<float>(value) / 100.0f }; }
      |                    ~~~~~~~~~~~^~~~
      |                    operator""_pct
C:/Users/Ryan/Desktop/Ryan/Rev/Rev/src/Element/Style/Style.ixx:154:31: warning: identifier '_grow' preceded by whitespace in a literal operator declaration is deprecated [-Wdeprecated-literal-operator]
  154 |     constexpr Dist operator"" _grow(unsigned long long value) { return { Dist::Type::Grow, static_cast<float>(value) / 100.0f }; }
      |                    ~~~~~~~~~~~^~~~~
      |                    operator""_grow
C:/Users/Ryan/Desktop/Ryan/Rev/Rev/src/Element/Style/Style.ixx:155:31: warning: identifier '_shrink' preceded by whitespace in a literal operator declaration is deprecated [-Wdeprecated-literal-operator]
  155 |     constexpr Dist operator"" _shrink(unsigned long long value) { return { Dist::Type::Grow, static_cast<float>(value) / 100.0f }; }
      |                    ~~~~~~~~~~~^~~~~~~
      |                    operator""_shrink
7 warnings generated.

  [161/165] CXX CAMDemo/ToolPathPreview.ixx
In file included from C:\Users\Ryan\Desktop\Ryan\Rev\CAM\.clever\release\xpp\Cam.Gui.ToolPreview\Gui.ToolPreview.cpp:2:
In file included from C:/Users/Ryan/Desktop/Ryan/Rev/CAM/source/Gui/RightPanel/Tools/Gui.ToolPreview.ixx:12:
In file included from C:/Users/Ryan/Desktop/Ryan/Rev/Rev/src/Element/Element.ixx:15:
In file included from C:/Users/Ryan/Desktop/Ryan/Rev/Rev/src/Graphics/OpenGL/Canvas.OpenGL.ixx:12:
In file included from C:/Users/Ryan/Desktop/Ryan/Rev/Rev/src/Native/Windows/NativeWindow.win.ixx:31:
C:/Users/Ryan/Desktop/Ryan/Rev/Rev/src/Element/Style/Style.ixx:65:30: warning: identifier '_sec' preceded by whitespace in a literal operator declaration is deprecated [-Wdeprecated-literal-operator]
   65 |     constexpr int operator"" _sec(long double value) { return static_cast<int>(value * 1000.0); }
      |                   ~~~~~~~~~~~^~~~
      |                   operator""_sec
C:/Users/Ryan/Desktop/Ryan/Rev/Rev/src/Element/Style/Style.ixx:66:30: warning: identifier '_sec' preceded by whitespace in a literal operator declaration is deprecated [-Wdeprecated-literal-operator]
   66 |     constexpr int operator"" _sec(unsigned long long value) { return static_cast<int>(value * 1000.0); }
      |                   ~~~~~~~~~~~^~~~
      |                   operator""_sec
C:/Users/Ryan/Desktop/Ryan/Rev/Rev/src/Element/Style/Style.ixx:67:30: warning: identifier '_ms' preceded by whitespace in a literal operator declaration is deprecated [-Wdeprecated-literal-operator]
   67 |     constexpr int operator"" _ms(unsigned long long value) { return static_cast<int>(value); }
      |                   ~~~~~~~~~~~^~~
      |                   operator""_ms
C:/Users/Ryan/Desktop/Ryan/Rev/Rev/src/Element/Style/Style.ixx:152:31: warning: identifier '_px' preceded by whitespace in a literal operator declaration is deprecated [-Wdeprecated-literal-operator]
  152 |     constexpr Dist operator"" _px(unsigned long long value) { return { Dist::Type::Abs, static_cast<float>(value) }; }
      |                    ~~~~~~~~~~~^~~
      |                    operator""_px
C:/Users/Ryan/Desktop/Ryan/Rev/Rev/src/Element/Style/Style.ixx:153:31: warning: identifier '_pct' preceded by whitespace in a literal operator declaration is deprecated [-Wdeprecated-literal-operator]
  153 |     constexpr Dist operator"" _pct(unsigned long long value) { return { Dist::Type::Rel, static_cast<float>(value) / 100.0f }; }
      |                    ~~~~~~~~~~~^~~~
      |                    operator""_pct
C:/Users/Ryan/Desktop/Ryan/Rev/Rev/src/Element/Style/Style.ixx:154:31: warning: identifier '_grow' preceded by whitespace in a literal operator declaration is deprecated [-Wdeprecated-literal-operator]
  154 |     constexpr Dist operator"" _grow(unsigned long long value) { return { Dist::Type::Grow, static_cast<float>(value) / 100.0f }; }
      |                    ~~~~~~~~~~~^~~~~
      |                    operator""_grow
C:/Users/Ryan/Desktop/Ryan/Rev/Rev/src/Element/Style/Style.ixx:155:31: warning: identifier '_shrink' preceded by whitespace in a literal operator declaration is deprecated [-Wdeprecated-literal-operator]
  155 |     constexpr Dist operator"" _shrink(unsigned long long value) { return { Dist::Type::Grow, static_cast<float>(value) / 100.0f }; }
      |                    ~~~~~~~~~~~^~~~~~~
      |                    operator""_shrink
7 warnings generated.

  [162/165] CXX CAMDemo/Gui.ToolPath.ixx
In file included from C:\Users\Ryan\Desktop\Ryan\Rev\CAM\.clever\release\xpp\Styles\Styles.cpp:2:
In file included from C:/Users/Ryan/Desktop/Ryan/Rev/CAM/source/Gui/Styles.ixx:5:
C:/Users/Ryan/Desktop/Ryan/Rev/Rev/src/Element/Style/Style.ixx:65:30: warning: identifier '_sec' preceded by whitespace in a literal operator declaration is deprecated [-Wdeprecated-literal-operator]
   65 |     constexpr int operator"" _sec(long double value) { return static_cast<int>(value * 1000.0); }
      |                   ~~~~~~~~~~~^~~~
      |                   operator""_sec
C:/Users/Ryan/Desktop/Ryan/Rev/Rev/src/Element/Style/Style.ixx:66:30: warning: identifier '_sec' preceded by whitespace in a literal operator declaration is deprecated [-Wdeprecated-literal-operator]
   66 |     constexpr int operator"" _sec(unsigned long long value) { return static_cast<int>(value * 1000.0); }
      |                   ~~~~~~~~~~~^~~~
      |                   operator""_sec
C:/Users/Ryan/Desktop/Ryan/Rev/Rev/src/Element/Style/Style.ixx:67:30: warning: identifier '_ms' preceded by whitespace in a literal operator declaration is deprecated [-Wdeprecated-literal-operator]
   67 |     constexpr int operator"" _ms(unsigned long long value) { return static_cast<int>(value); }
      |                   ~~~~~~~~~~~^~~
      |                   operator""_ms
C:/Users/Ryan/Desktop/Ryan/Rev/Rev/src/Element/Style/Style.ixx:152:31: warning: identifier '_px' preceded by whitespace in a literal operator declaration is deprecated [-Wdeprecated-literal-operator]
  152 |     constexpr Dist operator"" _px(unsigned long long value) { return { Dist::Type::Abs, static_cast<float>(value) }; }
      |                    ~~~~~~~~~~~^~~
      |                    operator""_px
C:/Users/Ryan/Desktop/Ryan/Rev/Rev/src/Element/Style/Style.ixx:153:31: warning: identifier '_pct' preceded by whitespace in a literal operator declaration is deprecated [-Wdeprecated-literal-operator]
  153 |     constexpr Dist operator"" _pct(unsigned long long value) { return { Dist::Type::Rel, static_cast<float>(value) / 100.0f }; }
      |                    ~~~~~~~~~~~^~~~
      |                    operator""_pct
C:/Users/Ryan/Desktop/Ryan/Rev/Rev/src/Element/Style/Style.ixx:154:31: warning: identifier '_grow' preceded by whitespace in a literal operator declaration is deprecated [-Wdeprecated-literal-operator]
  154 |     constexpr Dist operator"" _grow(unsigned long long value) { return { Dist::Type::Grow, static_cast<float>(value) / 100.0f }; }
      |                    ~~~~~~~~~~~^~~~~
      |                    operator""_grow
C:/Users/Ryan/Desktop/Ryan/Rev/Rev/src/Element/Style/Style.ixx:155:31: warning: identifier '_shrink' preceded by whitespace in a literal operator declaration is deprecated [-Wdeprecated-literal-operator]
  155 |     constexpr Dist operator"" _shrink(unsigned long long value) { return { Dist::Type::Grow, static_cast<float>(value) / 100.0f }; }
      |                    ~~~~~~~~~~~^~~~~~~
      |                    operator""_shrink
7 warnings generated.

  [163/165] CXX CAMDemo/WorldView.Stage.ixx
In file included from C:\Users\Ryan\Desktop\Ryan\Rev\CAM\.clever\release\xpp\Cam.Gui.MeasureStockWindow\Gui.MeasureStockWindow.cpp:2:
In file included from C:/Users/Ryan/Desktop/Ryan/Rev/CAM/source/Gui/LeftPanel/StockMenu/Gui.MeasureStockWindow.ixx:12:
In file included from C:/Users/Ryan/Desktop/Ryan/Rev/Rev/src/Window.ixx:17:
In file included from C:/Users/Ryan/Desktop/Ryan/Rev/Rev/src/Element/Element.ixx:15:
In file included from C:/Users/Ryan/Desktop/Ryan/Rev/Rev/src/Graphics/OpenGL/Canvas.OpenGL.ixx:12:
In file included from C:/Users/Ryan/Desktop/Ryan/Rev/Rev/src/Native/Windows/NativeWindow.win.ixx:31:
C:/Users/Ryan/Desktop/Ryan/Rev/Rev/src/Element/Style/Style.ixx:65:30: warning: identifier '_sec' preceded by whitespace in a literal operator declaration is deprecated [-Wdeprecated-literal-operator]
   65 |     constexpr int operator"" _sec(long double value) { return static_cast<int>(value * 1000.0); }
      |                   ~~~~~~~~~~~^~~~
      |                   operator""_sec
C:/Users/Ryan/Desktop/Ryan/Rev/Rev/src/Element/Style/Style.ixx:66:30: warning: identifier '_sec' preceded by whitespace in a literal operator declaration is deprecated [-Wdeprecated-literal-operator]
   66 |     constexpr int operator"" _sec(unsigned long long value) { return static_cast<int>(value * 1000.0); }
      |                   ~~~~~~~~~~~^~~~
      |                   operator""_sec
C:/Users/Ryan/Desktop/Ryan/Rev/Rev/src/Element/Style/Style.ixx:67:30: warning: identifier '_ms' preceded by whitespace in a literal operator declaration is deprecated [-Wdeprecated-literal-operator]
   67 |     constexpr int operator"" _ms(unsigned long long value) { return static_cast<int>(value); }
      |                   ~~~~~~~~~~~^~~
      |                   operator""_ms
C:/Users/Ryan/Desktop/Ryan/Rev/Rev/src/Element/Style/Style.ixx:152:31: warning: identifier '_px' preceded by whitespace in a literal operator declaration is deprecated [-Wdeprecated-literal-operator]
  152 |     constexpr Dist operator"" _px(unsigned long long value) { return { Dist::Type::Abs, static_cast<float>(value) }; }
      |                    ~~~~~~~~~~~^~~
      |                    operator""_px
C:/Users/Ryan/Desktop/Ryan/Rev/Rev/src/Element/Style/Style.ixx:153:31: warning: identifier '_pct' preceded by whitespace in a literal operator declaration is deprecated [-Wdeprecated-literal-operator]
  153 |     constexpr Dist operator"" _pct(unsigned long long value) { return { Dist::Type::Rel, static_cast<float>(value) / 100.0f }; }
      |                    ~~~~~~~~~~~^~~~
      |                    operator""_pct
C:/Users/Ryan/Desktop/Ryan/Rev/Rev/src/Element/Style/Style.ixx:154:31: warning: identifier '_grow' preceded by whitespace in a literal operator declaration is deprecated [-Wdeprecated-literal-operator]
  154 |     constexpr Dist operator"" _grow(unsigned long long value) { return { Dist::Type::Grow, static_cast<float>(value) / 100.0f }; }
      |                    ~~~~~~~~~~~^~~~~
      |                    operator""_grow
C:/Users/Ryan/Desktop/Ryan/Rev/Rev/src/Element/Style/Style.ixx:155:31: warning: identifier '_shrink' preceded by whitespace in a literal operator declaration is deprecated [-Wdeprecated-literal-operator]
  155 |     constexpr Dist operator"" _shrink(unsigned long long value) { return { Dist::Type::Grow, static_cast<float>(value) / 100.0f }; }
      |                    ~~~~~~~~~~~^~~~~~~
      |                    operator""_shrink
7 warnings generated.

  [164/165] CXX CAMDemo/WorldView.ixx
In file included from C:\Users\Ryan\Desktop\Ryan\Rev\CAM\.clever\release\xpp\Cam.Gui.Tools\Gui.Tools.cpp:2:
In file included from C:/Users/Ryan/Desktop/Ryan/Rev/CAM/source/Gui/RightPanel/Tools/Gui.Tools.ixx:13:
In file included from C:/Users/Ryan/Desktop/Ryan/Rev/Rev/src/Element/Element.ixx:15:
In file included from C:/Users/Ryan/Desktop/Ryan/Rev/Rev/src/Graphics/OpenGL/Canvas.OpenGL.ixx:12:
In file included from C:/Users/Ryan/Desktop/Ryan/Rev/Rev/src/Native/Windows/NativeWindow.win.ixx:31:
C:/Users/Ryan/Desktop/Ryan/Rev/Rev/src/Element/Style/Style.ixx:65:30: warning: identifier '_sec' preceded by whitespace in a literal operator declaration is deprecated [-Wdeprecated-literal-operator]
   65 |     constexpr int operator"" _sec(long double value) { return static_cast<int>(value * 1000.0); }
      |                   ~~~~~~~~~~~^~~~
      |                   operator""_sec
C:/Users/Ryan/Desktop/Ryan/Rev/Rev/src/Element/Style/Style.ixx:66:30: warning: identifier '_sec' preceded by whitespace in a literal operator declaration is deprecated [-Wdeprecated-literal-operator]
   66 |     constexpr int operator"" _sec(unsigned long long value) { return static_cast<int>(value * 1000.0); }
      |                   ~~~~~~~~~~~^~~~
      |                   operator""_sec
C:/Users/Ryan/Desktop/Ryan/Rev/Rev/src/Element/Style/Style.ixx:67:30: warning: identifier '_ms' preceded by whitespace in a literal operator declaration is deprecated [-Wdeprecated-literal-operator]
   67 |     constexpr int operator"" _ms(unsigned long long value) { return static_cast<int>(value); }
      |                   ~~~~~~~~~~~^~~
      |                   operator""_ms
C:/Users/Ryan/Desktop/Ryan/Rev/Rev/src/Element/Style/Style.ixx:152:31: warning: identifier '_px' preceded by whitespace in a literal operator declaration is deprecated [-Wdeprecated-literal-operator]
  152 |     constexpr Dist operator"" _px(unsigned long long value) { return { Dist::Type::Abs, static_cast<float>(value) }; }
      |                    ~~~~~~~~~~~^~~
      |                    operator""_px
C:/Users/Ryan/Desktop/Ryan/Rev/Rev/src/Element/Style/Style.ixx:153:31: warning: identifier '_pct' preceded by whitespace in a literal operator declaration is deprecated [-Wdeprecated-literal-operator]
  153 |     constexpr Dist operator"" _pct(unsigned long long value) { return { Dist::Type::Rel, static_cast<float>(value) / 100.0f }; }
      |                    ~~~~~~~~~~~^~~~
      |                    operator""_pct
C:/Users/Ryan/Desktop/Ryan/Rev/Rev/src/Element/Style/Style.ixx:154:31: warning: identifier '_grow' preceded by whitespace in a literal operator declaration is deprecated [-Wdeprecated-literal-operator]
  154 |     constexpr Dist operator"" _grow(unsigned long long value) { return { Dist::Type::Grow, static_cast<float>(value) / 100.0f }; }
      |                    ~~~~~~~~~~~^~~~~
      |                    operator""_grow
C:/Users/Ryan/Desktop/Ryan/Rev/Rev/src/Element/Style/Style.ixx:155:31: warning: identifier '_shrink' preceded by whitespace in a literal operator declaration is deprecated [-Wdeprecated-literal-operator]
  155 |     constexpr Dist operator"" _shrink(unsigned long long value) { return { Dist::Type::Grow, static_cast<float>(value) / 100.0f }; }
      |                    ~~~~~~~~~~~^~~~~~~
      |                    operator""_shrink
C:/Users/Ryan/Desktop/Ryan/Rev/CAM/source/Gui/RightPanel/Tools/Gui.Tools.ixx:55:27: warning: ISO C++ requires field designators to be specified in declaration order; field 'width' will be initialized after field 'radius' [-Wreorder-init-list]
   55 |                 .radius = 5_px
      |                 ~~~~~~~~~~^~~~
C:/Users/Ryan/Desktop/Ryan/Rev/CAM/source/Gui/RightPanel/Tools/Gui.Tools.ixx:54:26: note: previous initialization for field 'width' is here
   54 |                 .width = 1_px,
      |                          ^~~~
C:/Users/Ryan/Desktop/Ryan/Rev/CAM/source/Gui/RightPanel/Tools/Gui.Tools.ixx:72:25: warning: ISO C++ requires field designators to be specified in declaration order; field 'size' will be initialized after field 'overflow' [-Wreorder-init-list]
   72 |             .overflow = Overflow::Hide
      |             ~~~~~~~~~~~~^~~~~~~~~~~~~~
C:/Users/Ryan/Desktop/Ryan/Rev/CAM/source/Gui/RightPanel/Tools/Gui.Tools.ixx:71:21: note: previous initialization for field 'size' is here
   71 |             .size = { 100_pct },
      |                     ^~~~~~~~~~~
9 warnings generated.

  [165/165] CXX CAMDemo/main.cpp
In file included from C:\Users\Ryan\Desktop\Ryan\Rev\CAM\.clever\release\xpp\Cam.Gui.ToolSettingsWindow\Gui.ToolSettingsWindow.cpp:2:
In file included from C:/Users/Ryan/Desktop/Ryan/Rev/CAM/source/Gui/RightPanel/Tools/Gui.ToolSettingsWindow.ixx:15:
In file included from C:/Users/Ryan/Desktop/Ryan/Rev/Rev/src/Window.ixx:17:
In file included from C:/Users/Ryan/Desktop/Ryan/Rev/Rev/src/Element/Element.ixx:15:
In file included from C:/Users/Ryan/Desktop/Ryan/Rev/Rev/src/Graphics/OpenGL/Canvas.OpenGL.ixx:12:
In file included from C:/Users/Ryan/Desktop/Ryan/Rev/Rev/src/Native/Windows/NativeWindow.win.ixx:31:
C:/Users/Ryan/Desktop/Ryan/Rev/Rev/src/Element/Style/Style.ixx:65:30: warning: identifier '_sec' preceded by whitespace in a literal operator declaration is deprecated [-Wdeprecated-literal-operator]
   65 |     constexpr int operator"" _sec(long double value) { return static_cast<int>(value * 1000.0); }
      |                   ~~~~~~~~~~~^~~~
      |                   operator""_sec
C:/Users/Ryan/Desktop/Ryan/Rev/Rev/src/Element/Style/Style.ixx:66:30: warning: identifier '_sec' preceded by whitespace in a literal operator declaration is deprecated [-Wdeprecated-literal-operator]
   66 |     constexpr int operator"" _sec(unsigned long long value) { return static_cast<int>(value * 1000.0); }
      |                   ~~~~~~~~~~~^~~~
      |                   operator""_sec
C:/Users/Ryan/Desktop/Ryan/Rev/Rev/src/Element/Style/Style.ixx:67:30: warning: identifier '_ms' preceded by whitespace in a literal operator declaration is deprecated [-Wdeprecated-literal-operator]
   67 |     constexpr int operator"" _ms(unsigned long long value) { return static_cast<int>(value); }
      |                   ~~~~~~~~~~~^~~
      |                   operator""_ms
C:/Users/Ryan/Desktop/Ryan/Rev/Rev/src/Element/Style/Style.ixx:152:31: warning: identifier '_px' preceded by whitespace in a literal operator declaration is deprecated [-Wdeprecated-literal-operator]
  152 |     constexpr Dist operator"" _px(unsigned long long value) { return { Dist::Type::Abs, static_cast<float>(value) }; }
      |                    ~~~~~~~~~~~^~~
      |                    operator""_px
C:/Users/Ryan/Desktop/Ryan/Rev/Rev/src/Element/Style/Style.ixx:153:31: warning: identifier '_pct' preceded by whitespace in a literal operator declaration is deprecated [-Wdeprecated-literal-operator]
  153 |     constexpr Dist operator"" _pct(unsigned long long value) { return { Dist::Type::Rel, static_cast<float>(value) / 100.0f }; }
      |                    ~~~~~~~~~~~^~~~
      |                    operator""_pct
C:/Users/Ryan/Desktop/Ryan/Rev/Rev/src/Element/Style/Style.ixx:154:31: warning: identifier '_grow' preceded by whitespace in a literal operator declaration is deprecated [-Wdeprecated-literal-operator]
  154 |     constexpr Dist operator"" _grow(unsigned long long value) { return { Dist::Type::Grow, static_cast<float>(value) / 100.0f }; }
      |                    ~~~~~~~~~~~^~~~~
      |                    operator""_grow
C:/Users/Ryan/Desktop/Ryan/Rev/Rev/src/Element/Style/Style.ixx:155:31: warning: identifier '_shrink' preceded by whitespace in a literal operator declaration is deprecated [-Wdeprecated-literal-operator]
  155 |     constexpr Dist operator"" _shrink(unsigned long long value) { return { Dist::Type::Grow, static_cast<float>(value) / 100.0f }; }
      |                    ~~~~~~~~~~~^~~~~~~
      |                    operator""_shrink
7 warnings generated.

In file included from C:\Users\Ryan\Desktop\Ryan\Rev\CAM\.clever\release\xpp\Cam.Gui.TabView\TabView.cpp:2:
In file included from C:/Users/Ryan/Desktop/Ryan/Rev/CAM/source/Gui/TabView/TabView.ixx:13:
In file included from C:/Users/Ryan/Desktop/Ryan/Rev/Rev/src/Element/Element.ixx:15:
In file included from C:/Users/Ryan/Desktop/Ryan/Rev/Rev/src/Graphics/OpenGL/Canvas.OpenGL.ixx:12:
In file included from C:/Users/Ryan/Desktop/Ryan/Rev/Rev/src/Native/Windows/NativeWindow.win.ixx:31:
C:/Users/Ryan/Desktop/Ryan/Rev/Rev/src/Element/Style/Style.ixx:65:30: warning: identifier '_sec' preceded by whitespace in a literal operator declaration is deprecated [-Wdeprecated-literal-operator]
   65 |     constexpr int operator"" _sec(long double value) { return static_cast<int>(value * 1000.0); }
      |                   ~~~~~~~~~~~^~~~
      |                   operator""_sec
C:/Users/Ryan/Desktop/Ryan/Rev/Rev/src/Element/Style/Style.ixx:66:30: warning: identifier '_sec' preceded by whitespace in a literal operator declaration is deprecated [-Wdeprecated-literal-operator]
   66 |     constexpr int operator"" _sec(unsigned long long value) { return static_cast<int>(value * 1000.0); }
      |                   ~~~~~~~~~~~^~~~
      |                   operator""_sec
C:/Users/Ryan/Desktop/Ryan/Rev/Rev/src/Element/Style/Style.ixx:67:30: warning: identifier '_ms' preceded by whitespace in a literal operator declaration is deprecated [-Wdeprecated-literal-operator]
   67 |     constexpr int operator"" _ms(unsigned long long value) { return static_cast<int>(value); }
      |                   ~~~~~~~~~~~^~~
      |                   operator""_ms
C:/Users/Ryan/Desktop/Ryan/Rev/Rev/src/Element/Style/Style.ixx:152:31: warning: identifier '_px' preceded by whitespace in a literal operator declaration is deprecated [-Wdeprecated-literal-operator]
  152 |     constexpr Dist operator"" _px(unsigned long long value) { return { Dist::Type::Abs, static_cast<float>(value) }; }
      |                    ~~~~~~~~~~~^~~
      |                    operator""_px
C:/Users/Ryan/Desktop/Ryan/Rev/Rev/src/Element/Style/Style.ixx:153:31: warning: identifier '_pct' preceded by whitespace in a literal operator declaration is deprecated [-Wdeprecated-literal-operator]
  153 |     constexpr Dist operator"" _pct(unsigned long long value) { return { Dist::Type::Rel, static_cast<float>(value) / 100.0f }; }
      |                    ~~~~~~~~~~~^~~~
      |                    operator""_pct
C:/Users/Ryan/Desktop/Ryan/Rev/Rev/src/Element/Style/Style.ixx:154:31: warning: identifier '_grow' preceded by whitespace in a literal operator declaration is deprecated [-Wdeprecated-literal-operator]
  154 |     constexpr Dist operator"" _grow(unsigned long long value) { return { Dist::Type::Grow, static_cast<float>(value) / 100.0f }; }
      |                    ~~~~~~~~~~~^~~~~
      |                    operator""_grow
C:/Users/Ryan/Desktop/Ryan/Rev/Rev/src/Element/Style/Style.ixx:155:31: warning: identifier '_shrink' preceded by whitespace in a literal operator declaration is deprecated [-Wdeprecated-literal-operator]
  155 |     constexpr Dist operator"" _shrink(unsigned long long value) { return { Dist::Type::Grow, static_cast<float>(value) / 100.0f }; }
      |                    ~~~~~~~~~~~^~~~~~~
      |                    operator""_shrink
7 warnings generated.

In file included from C:\Users\Ryan\Desktop\Ryan\Rev\CAM\.clever\release\xpp\Cam.Gui.Theme\Theme.cpp:2:
In file included from C:/Users/Ryan/Desktop/Ryan/Rev/CAM/source/Gui/Theme.ixx:8:
C:/Users/Ryan/Desktop/Ryan/Rev/Rev/src/Element/Style/Style.ixx:65:30: warning: identifier '_sec' preceded by whitespace in a literal operator declaration is deprecated [-Wdeprecated-literal-operator]
   65 |     constexpr int operator"" _sec(long double value) { return static_cast<int>(value * 1000.0); }
      |                   ~~~~~~~~~~~^~~~
      |                   operator""_sec
C:/Users/Ryan/Desktop/Ryan/Rev/Rev/src/Element/Style/Style.ixx:66:30: warning: identifier '_sec' preceded by whitespace in a literal operator declaration is deprecated [-Wdeprecated-literal-operator]
   66 |     constexpr int operator"" _sec(unsigned long long value) { return static_cast<int>(value * 1000.0); }
      |                   ~~~~~~~~~~~^~~~
      |                   operator""_sec
C:/Users/Ryan/Desktop/Ryan/Rev/Rev/src/Element/Style/Style.ixx:67:30: warning: identifier '_ms' preceded by whitespace in a literal operator declaration is deprecated [-Wdeprecated-literal-operator]
   67 |     constexpr int operator"" _ms(unsigned long long value) { return static_cast<int>(value); }
      |                   ~~~~~~~~~~~^~~
      |                   operator""_ms
C:/Users/Ryan/Desktop/Ryan/Rev/Rev/src/Element/Style/Style.ixx:152:31: warning: identifier '_px' preceded by whitespace in a literal operator declaration is deprecated [-Wdeprecated-literal-operator]
  152 |     constexpr Dist operator"" _px(unsigned long long value) { return { Dist::Type::Abs, static_cast<float>(value) }; }
      |                    ~~~~~~~~~~~^~~
      |                    operator""_px
C:/Users/Ryan/Desktop/Ryan/Rev/Rev/src/Element/Style/Style.ixx:153:31: warning: identifier '_pct' preceded by whitespace in a literal operator declaration is deprecated [-Wdeprecated-literal-operator]
  153 |     constexpr Dist operator"" _pct(unsigned long long value) { return { Dist::Type::Rel, static_cast<float>(value) / 100.0f }; }
      |                    ~~~~~~~~~~~^~~~
      |                    operator""_pct
C:/Users/Ryan/Desktop/Ryan/Rev/Rev/src/Element/Style/Style.ixx:154:31: warning: identifier '_grow' preceded by whitespace in a literal operator declaration is deprecated [-Wdeprecated-literal-operator]
  154 |     constexpr Dist operator"" _grow(unsigned long long value) { return { Dist::Type::Grow, static_cast<float>(value) / 100.0f }; }
      |                    ~~~~~~~~~~~^~~~~
      |                    operator""_grow
C:/Users/Ryan/Desktop/Ryan/Rev/Rev/src/Element/Style/Style.ixx:155:31: warning: identifier '_shrink' preceded by whitespace in a literal operator declaration is deprecated [-Wdeprecated-literal-operator]
  155 |     constexpr Dist operator"" _shrink(unsigned long long value) { return { Dist::Type::Grow, static_cast<float>(value) / 100.0f }; }
      |                    ~~~~~~~~~~~^~~~~~~
      |                    operator""_shrink
7 warnings generated.

In file included from C:\Users\Ryan\Desktop\Ryan\Rev\CAM\.clever\release\xpp\Cam.Gui.ToolPath\Gui.ToolPath.cpp:2:
In file included from C:/Users/Ryan/Desktop/Ryan/Rev/CAM/source/Gui/WorldView.ixx/Gui.ToolPath.ixx:8:
In file included from C:/Users/Ryan/Desktop/Ryan/Rev/Rev/src/Graphics/OpenGL/Canvas.OpenGL.ixx:12:
In file included from C:/Users/Ryan/Desktop/Ryan/Rev/Rev/src/Native/Windows/NativeWindow.win.ixx:31:
C:/Users/Ryan/Desktop/Ryan/Rev/Rev/src/Element/Style/Style.ixx:65:30: warning: identifier '_sec' preceded by whitespace in a literal operator declaration is deprecated [-Wdeprecated-literal-operator]
   65 |     constexpr int operator"" _sec(long double value) { return static_cast<int>(value * 1000.0); }
      |                   ~~~~~~~~~~~^~~~
      |                   operator""_sec
C:/Users/Ryan/Desktop/Ryan/Rev/Rev/src/Element/Style/Style.ixx:66:30: warning: identifier '_sec' preceded by whitespace in a literal operator declaration is deprecated [-Wdeprecated-literal-operator]
   66 |     constexpr int operator"" _sec(unsigned long long value) { return static_cast<int>(value * 1000.0); }
      |                   ~~~~~~~~~~~^~~~
      |                   operator""_sec
C:/Users/Ryan/Desktop/Ryan/Rev/Rev/src/Element/Style/Style.ixx:67:30: warning: identifier '_ms' preceded by whitespace in a literal operator declaration is deprecated [-Wdeprecated-literal-operator]
   67 |     constexpr int operator"" _ms(unsigned long long value) { return static_cast<int>(value); }
      |                   ~~~~~~~~~~~^~~
      |                   operator""_ms
C:/Users/Ryan/Desktop/Ryan/Rev/Rev/src/Element/Style/Style.ixx:152:31: warning: identifier '_px' preceded by whitespace in a literal operator declaration is deprecated [-Wdeprecated-literal-operator]
  152 |     constexpr Dist operator"" _px(unsigned long long value) { return { Dist::Type::Abs, static_cast<float>(value) }; }
      |                    ~~~~~~~~~~~^~~
      |                    operator""_px
C:/Users/Ryan/Desktop/Ryan/Rev/Rev/src/Element/Style/Style.ixx:153:31: warning: identifier '_pct' preceded by whitespace in a literal operator declaration is deprecated [-Wdeprecated-literal-operator]
  153 |     constexpr Dist operator"" _pct(unsigned long long value) { return { Dist::Type::Rel, static_cast<float>(value) / 100.0f }; }
      |                    ~~~~~~~~~~~^~~~
      |                    operator""_pct
C:/Users/Ryan/Desktop/Ryan/Rev/Rev/src/Element/Style/Style.ixx:154:31: warning: identifier '_grow' preceded by whitespace in a literal operator declaration is deprecated [-Wdeprecated-literal-operator]
  154 |     constexpr Dist operator"" _grow(unsigned long long value) { return { Dist::Type::Grow, static_cast<float>(value) / 100.0f }; }
      |                    ~~~~~~~~~~~^~~~~
      |                    operator""_grow
C:/Users/Ryan/Desktop/Ryan/Rev/Rev/src/Element/Style/Style.ixx:155:31: warning: identifier '_shrink' preceded by whitespace in a literal operator declaration is deprecated [-Wdeprecated-literal-operator]
  155 |     constexpr Dist operator"" _shrink(unsigned long long value) { return { Dist::Type::Grow, static_cast<float>(value) / 100.0f }; }
      |                    ~~~~~~~~~~~^~~~~~~
      |                    operator""_shrink
7 warnings generated.

In file included from C:\Users\Ryan\Desktop\Ryan\Rev\CAM\.clever\release\xpp\Cam.Gui.World.Stage\WorldView.Stage.cpp:2:
In file included from C:/Users/Ryan/Desktop/Ryan/Rev/CAM/source/Gui/WorldView.ixx/WorldView.Stage.ixx:11:
In file included from C:/Users/Ryan/Desktop/Ryan/Rev/Rev/src/Graphics/OpenGL/Canvas.OpenGL.ixx:12:
In file included from C:/Users/Ryan/Desktop/Ryan/Rev/Rev/src/Native/Windows/NativeWindow.win.ixx:31:
C:/Users/Ryan/Desktop/Ryan/Rev/Rev/src/Element/Style/Style.ixx:65:30: warning: identifier '_sec' preceded by whitespace in a literal operator declaration is deprecated [-Wdeprecated-literal-operator]
   65 |     constexpr int operator"" _sec(long double value) { return static_cast<int>(value * 1000.0); }
      |                   ~~~~~~~~~~~^~~~
      |                   operator""_sec
C:/Users/Ryan/Desktop/Ryan/Rev/Rev/src/Element/Style/Style.ixx:66:30: warning: identifier '_sec' preceded by whitespace in a literal operator declaration is deprecated [-Wdeprecated-literal-operator]
   66 |     constexpr int operator"" _sec(unsigned long long value) { return static_cast<int>(value * 1000.0); }
      |                   ~~~~~~~~~~~^~~~
      |                   operator""_sec
C:/Users/Ryan/Desktop/Ryan/Rev/Rev/src/Element/Style/Style.ixx:67:30: warning: identifier '_ms' preceded by whitespace in a literal operator declaration is deprecated [-Wdeprecated-literal-operator]
   67 |     constexpr int operator"" _ms(unsigned long long value) { return static_cast<int>(value); }
      |                   ~~~~~~~~~~~^~~
      |                   operator""_ms
C:/Users/Ryan/Desktop/Ryan/Rev/Rev/src/Element/Style/Style.ixx:152:31: warning: identifier '_px' preceded by whitespace in a literal operator declaration is deprecated [-Wdeprecated-literal-operator]
  152 |     constexpr Dist operator"" _px(unsigned long long value) { return { Dist::Type::Abs, static_cast<float>(value) }; }
      |                    ~~~~~~~~~~~^~~
      |                    operator""_px
C:/Users/Ryan/Desktop/Ryan/Rev/Rev/src/Element/Style/Style.ixx:153:31: warning: identifier '_pct' preceded by whitespace in a literal operator declaration is deprecated [-Wdeprecated-literal-operator]
  153 |     constexpr Dist operator"" _pct(unsigned long long value) { return { Dist::Type::Rel, static_cast<float>(value) / 100.0f }; }
      |                    ~~~~~~~~~~~^~~~
      |                    operator""_pct
C:/Users/Ryan/Desktop/Ryan/Rev/Rev/src/Element/Style/Style.ixx:154:31: warning: identifier '_grow' preceded by whitespace in a literal operator declaration is deprecated [-Wdeprecated-literal-operator]
  154 |     constexpr Dist operator"" _grow(unsigned long long value) { return { Dist::Type::Grow, static_cast<float>(value) / 100.0f }; }
      |                    ~~~~~~~~~~~^~~~~
      |                    operator""_grow
C:/Users/Ryan/Desktop/Ryan/Rev/Rev/src/Element/Style/Style.ixx:155:31: warning: identifier '_shrink' preceded by whitespace in a literal operator declaration is deprecated [-Wdeprecated-literal-operator]
  155 |     constexpr Dist operator"" _shrink(unsigned long long value) { return { Dist::Type::Grow, static_cast<float>(value) / 100.0f }; }
      |                    ~~~~~~~~~~~^~~~~~~
      |                    operator""_shrink
7 warnings generated.

In file included from C:/Users/Ryan/Desktop/Ryan/Rev/CAM/source/main.cpp:4:
In file included from C:/Users/Ryan/Desktop/Ryan/Rev/Rev/src/Native/Windows/Application.win.ixx:10:
In file included from C:/Users/Ryan/Desktop/Ryan/Rev/Rev/src/Window.ixx:17:
In file included from C:/Users/Ryan/Desktop/Ryan/Rev/Rev/src/Element/Element.ixx:15:
In file included from C:/Users/Ryan/Desktop/Ryan/Rev/Rev/src/Graphics/OpenGL/Canvas.OpenGL.ixx:12:
In file included from C:/Users/Ryan/Desktop/Ryan/Rev/Rev/src/Native/Windows/NativeWindow.win.ixx:31:
C:/Users/Ryan/Desktop/Ryan/Rev/Rev/src/Element/Style/Style.ixx:65:30: warning: identifier '_sec' preceded by whitespace in a literal operator declaration is deprecated [-Wdeprecated-literal-operator]
   65 |     constexpr int operator"" _sec(long double value) { return static_cast<int>(value * 1000.0); }
      |                   ~~~~~~~~~~~^~~~
      |                   operator""_sec
C:/Users/Ryan/Desktop/Ryan/Rev/Rev/src/Element/Style/Style.ixx:66:30: warning: identifier '_sec' preceded by whitespace in a literal operator declaration is deprecated [-Wdeprecated-literal-operator]
   66 |     constexpr int operator"" _sec(unsigned long long value) { return static_cast<int>(value * 1000.0); }
      |                   ~~~~~~~~~~~^~~~
      |                   operator""_sec
C:/Users/Ryan/Desktop/Ryan/Rev/Rev/src/Element/Style/Style.ixx:67:30: warning: identifier '_ms' preceded by whitespace in a literal operator declaration is deprecated [-Wdeprecated-literal-operator]
   67 |     constexpr int operator"" _ms(unsigned long long value) { return static_cast<int>(value); }
      |                   ~~~~~~~~~~~^~~
      |                   operator""_ms
C:/Users/Ryan/Desktop/Ryan/Rev/Rev/src/Element/Style/Style.ixx:152:31: warning: identifier '_px' preceded by whitespace in a literal operator declaration is deprecated [-Wdeprecated-literal-operator]
  152 |     constexpr Dist operator"" _px(unsigned long long value) { return { Dist::Type::Abs, static_cast<float>(value) }; }
      |                    ~~~~~~~~~~~^~~
      |                    operator""_px
C:/Users/Ryan/Desktop/Ryan/Rev/Rev/src/Element/Style/Style.ixx:153:31: warning: identifier '_pct' preceded by whitespace in a literal operator declaration is deprecated [-Wdeprecated-literal-operator]
  153 |     constexpr Dist operator"" _pct(unsigned long long value) { return { Dist::Type::Rel, static_cast<float>(value) / 100.0f }; }
      |                    ~~~~~~~~~~~^~~~
      |                    operator""_pct
C:/Users/Ryan/Desktop/Ryan/Rev/Rev/src/Element/Style/Style.ixx:154:31: warning: identifier '_grow' preceded by whitespace in a literal operator declaration is deprecated [-Wdeprecated-literal-operator]
  154 |     constexpr Dist operator"" _grow(unsigned long long value) { return { Dist::Type::Grow, static_cast<float>(value) / 100.0f }; }
      |                    ~~~~~~~~~~~^~~~~
      |                    operator""_grow
C:/Users/Ryan/Desktop/Ryan/Rev/Rev/src/Element/Style/Style.ixx:155:31: warning: identifier '_shrink' preceded by whitespace in a literal operator declaration is deprecated [-Wdeprecated-literal-operator]
  155 |     constexpr Dist operator"" _shrink(unsigned long long value) { return { Dist::Type::Grow, static_cast<float>(value) / 100.0f }; }
      |                    ~~~~~~~~~~~^~~~~~~
      |                    operator""_shrink
In file included from C:/Users/Ryan/Desktop/Ryan/Rev/CAM/source/main.cpp:16:
In file included from C:/Users/Ryan/Desktop/Ryan/Rev/CAM/source/Carvera/Gui/Carvera.Interface.ixx:19:
C:/Users/Ryan/Desktop/Ryan/Rev/CAM/source/Carvera/Gui/Carvera.Gui.Style.ixx:39:25: warning: ISO C++ requires field designators to be specified in declaration order; field 'padding' will be initialized after field 'overflow' [-Wreorder-init-list]
   39 |             .overflow = Overflow::Hide,
      |             ~~~~~~~~~~~~^~~~~~~~~~~~~~
C:/Users/Ryan/Desktop/Ryan/Rev/CAM/source/Carvera/Gui/Carvera.Gui.Style.ixx:35:24: note: previous initialization for field 'padding' is here
   35 |             .padding = { 16_px, 16_px, 16_px, 16_px },
      |                        ^~~~~~~~~~~~~~~~~~~~~~~~~~~~~~
C:/Users/Ryan/Desktop/Ryan/Rev/CAM/source/main.cpp:33:30: warning: mixture of designated and non-designated initializers in the same initializer list is a C99 extension [-Wc99-designator]
   33 |         .size = { 1280, 720, .min = { 640, 480 }, .max = { 3840, 2160 } }
      |                              ^~~~~~~~~~~~~~~~~~~
C:/Users/Ryan/Desktop/Ryan/Rev/CAM/source/main.cpp:33:19: note: first non-designated initializer is here
   33 |         .size = { 1280, 720, .min = { 640, 480 }, .max = { 3840, 2160 } }
      |                   ^~~~
C:/Users/Ryan/Desktop/Ryan/Rev/CAM/source/main.cpp:42:29: warning: mixture of designated and non-designated initializers in the same initializer list is a C99 extension [-Wc99-designator]
   42 |         .size = { 380, 700, .min = { 300, 400 }, .max = { 800, 1200 } }
      |                             ^~~~~~~~~~~~~~~~~~~
C:/Users/Ryan/Desktop/Ryan/Rev/CAM/source/main.cpp:42:19: note: first non-designated initializer is here
   42 |         .size = { 380, 700, .min = { 300, 400 }, .max = { 800, 1200 } }
      |                   ^~~
10 warnings generated.

In file included from C:\Users\Ryan\Desktop\Ryan\Rev\CAM\.clever\release\xpp\Cam.Gui.WorldView\WorldView.cpp:2:
In file included from C:/Users/Ryan/Desktop/Ryan/Rev/CAM/source/Gui/WorldView.ixx/WorldView.ixx:19:
In file included from C:/Users/Ryan/Desktop/Ryan/Rev/Rev/src/Element/Element.ixx:15:
In file included from C:/Users/Ryan/Desktop/Ryan/Rev/Rev/src/Graphics/OpenGL/Canvas.OpenGL.ixx:12:
In file included from C:/Users/Ryan/Desktop/Ryan/Rev/Rev/src/Native/Windows/NativeWindow.win.ixx:31:
C:/Users/Ryan/Desktop/Ryan/Rev/Rev/src/Element/Style/Style.ixx:65:30: warning: identifier '_sec' preceded by whitespace in a literal operator declaration is deprecated [-Wdeprecated-literal-operator]
   65 |     constexpr int operator"" _sec(long double value) { return static_cast<int>(value * 1000.0); }
      |                   ~~~~~~~~~~~^~~~
      |                   operator""_sec
C:/Users/Ryan/Desktop/Ryan/Rev/Rev/src/Element/Style/Style.ixx:66:30: warning: identifier '_sec' preceded by whitespace in a literal operator declaration is deprecated [-Wdeprecated-literal-operator]
   66 |     constexpr int operator"" _sec(unsigned long long value) { return static_cast<int>(value * 1000.0); }
      |                   ~~~~~~~~~~~^~~~
      |                   operator""_sec
C:/Users/Ryan/Desktop/Ryan/Rev/Rev/src/Element/Style/Style.ixx:67:30: warning: identifier '_ms' preceded by whitespace in a literal operator declaration is deprecated [-Wdeprecated-literal-operator]
   67 |     constexpr int operator"" _ms(unsigned long long value) { return static_cast<int>(value); }
      |                   ~~~~~~~~~~~^~~
      |                   operator""_ms
C:/Users/Ryan/Desktop/Ryan/Rev/Rev/src/Element/Style/Style.ixx:152:31: warning: identifier '_px' preceded by whitespace in a literal operator declaration is deprecated [-Wdeprecated-literal-operator]
  152 |     constexpr Dist operator"" _px(unsigned long long value) { return { Dist::Type::Abs, static_cast<float>(value) }; }
      |                    ~~~~~~~~~~~^~~
      |                    operator""_px
C:/Users/Ryan/Desktop/Ryan/Rev/Rev/src/Element/Style/Style.ixx:153:31: warning: identifier '_pct' preceded by whitespace in a literal operator declaration is deprecated [-Wdeprecated-literal-operator]
  153 |     constexpr Dist operator"" _pct(unsigned long long value) { return { Dist::Type::Rel, static_cast<float>(value) / 100.0f }; }
      |                    ~~~~~~~~~~~^~~~
      |                    operator""_pct
C:/Users/Ryan/Desktop/Ryan/Rev/Rev/src/Element/Style/Style.ixx:154:31: warning: identifier '_grow' preceded by whitespace in a literal operator declaration is deprecated [-Wdeprecated-literal-operator]
  154 |     constexpr Dist operator"" _grow(unsigned long long value) { return { Dist::Type::Grow, static_cast<float>(value) / 100.0f }; }
      |                    ~~~~~~~~~~~^~~~~
      |                    operator""_grow
C:/Users/Ryan/Desktop/Ryan/Rev/Rev/src/Element/Style/Style.ixx:155:31: warning: identifier '_shrink' preceded by whitespace in a literal operator declaration is deprecated [-Wdeprecated-literal-operator]
  155 |     constexpr Dist operator"" _shrink(unsigned long long value) { return { Dist::Type::Grow, static_cast<float>(value) / 100.0f }; }
      |                    ~~~~~~~~~~~^~~~~~~
      |                    operator""_shrink
7 warnings generated.

[3/3] Linking...
  AR   Rev/Rev.lib
  AR   Geometry/Geometry.lib
  LINK CAM/CAMDemo.exe
       copied 56 dependency DLL(s) next to CAMDemo.exe
Transpiled build OK. 165 compiled, linked: CAMDemo, Geometry, Rev.
